post date,model,views,video type,title,link
2022-08-05,alienware m15 r7,122,Not short,dell alienware m15 r7 aw15-i1200-m10p - rtx3070ti - lançamento,https://www.youtube.com/watch?v=H2VvEdsCDnU
2022-08-05,alienware m15 r7,94,short,dell alienware m15 r7 aw15-i1200-m10p com rtx 3070ti core i7 12700h notebook gamer para jogos,https://www.youtube.com/shorts/jWDkKrYrul0
2022-08-05,alienware m15 r7,17,Not short,alienware m15 r7 gaming laptop best vs worst user reviews,https://www.youtube.com/watch?v=w5z5E21vUEE
2022-08-03,alienware m15 r7,20403,Not short,o novo alienware m15 r7 da dell: 12700h + rtx 3070ti,https://www.youtube.com/watch?v=V-XcHjdd0ik
2022-08-03,alienware m15 r7,481,short,alienware m15 r7 fan noise,https://www.youtube.com/shorts/CJIjpzcVobU
2022-08-02,alienware m15 r7,203,short,👽 alienware m15 r7 [análise / review] #shorts,https://www.youtube.com/shorts/OzYaHceBGJA
2022-07-30,alienware m15 r7,52,Not short,"alienware m15 r7 amd 15.6"" gaming laptop review 2022",https://www.youtube.com/watch?v=lnhlDQS1WJU
2022-07-29,alienware m15 r7,16493,Not short,review of dell alienware m15 r7 gaming laptop| 12th gen intel® core™ i7 processor telugu,https://www.youtube.com/watch?v=XCMEGP-alIc
2022-07-29,alienware m15 r3,7,Not short,dell alienware m15 gaming laptop |15.6'' 165hz fhd display | amd ryzen r7 | nvidia rtx 3060 gfx 6gb,https://www.youtube.com/watch?v=5Xd2w4r2tuY
2022-07-27,alienware m15 r7,1335203,Not short,alienware m15 r7 supreme gaming experience | 8bit thug | powered by intel,https://www.youtube.com/watch?v=IFY-_0ZC3ZQ
2022-07-23,alienware m15 r7,104,Not short,fix alienware laptop mouse touchpad not working (m17 r5 x17 m15 r7 x15 r2 x14 gaming trackpad stop),https://www.youtube.com/watch?v=775NPH_z1QQ
2022-07-22,alienware x17 r2,2089,Not short,alienware x17 r2 i7 12700h rtx 3080ti  x  alienware m15 r6 i7 11800h rtx 3070 (comparativo).,https://www.youtube.com/watch?v=s-sA2WmUaFY
2022-07-20,alienware m15 r7,91,Not short,alienware m15 r7 (2022) review,https://www.youtube.com/watch?v=05YA_T_Q604
2022-07-18,alienware m15 r6,10323,Not short,o alienware m15 r6 é melhor que o helios 300? conferindo um notebook alienígena!,https://www.youtube.com/watch?v=Leq5qXSQ15M
2022-07-18,alienware m15 r7,198,Not short,alienware m15 r7 vs alienware m17 r5,https://www.youtube.com/watch?v=d_rE4GGTB4U
2022-07-18,alienware m15 r7,405,Not short,alienware m15 r7 (2022) review,https://www.youtube.com/watch?v=XnxnWRorCQo
2022-07-17,alienware m15 r7,661,Not short,alienware m15 r7 vs alienware m15 r6,https://www.youtube.com/watch?v=-zIvGoM6EDI
2022-07-17,alienware m15 r7,6,Not short,alienware m15 r7  product highlights,https://www.youtube.com/watch?v=2T9MeZNjlyA
2022-07-16,alienware m15 r5,126,Not short,asus tuf gaming f15 2022 vs alienware m15 r6,https://www.youtube.com/watch?v=CPEqqIZ4bDo
2022-07-16,alienware m15 r5,184,Not short,asus rog zephyrus m16 2022 vs alienware m15 r6,https://www.youtube.com/watch?v=SjC5XlMJEG4
2022-07-16,alienware m15,115,short,unboxing alienware m15 ryzen 7-5800h - rtx 3070,https://www.youtube.com/shorts/H9LLTjAjV4o
2022-07-15,alienware m15 r6,802,Not short,alienware m15 r6 vs avell storm two rtx 3070ti,https://www.youtube.com/watch?v=TxpJ4EhVT9w
2022-07-10,alienware m15 r7,384,Not short,alienware m15 r7 performance review pt.2,https://www.youtube.com/watch?v=aqSOIq423ZU
2022-07-08,alienware m15 r7,56,short,alienware m15 r7 product highlights #shorts,https://www.youtube.com/shorts/gUpXTTRv6AI
2022-07-07,alienware m15 r7,1302,Not short,análisis: alienware m15 r7 (core i7-12700h y rtx 3050 ti),https://www.youtube.com/watch?v=khRbb_AWcJE
2022-07-06,alienware m15 r7,425,Not short,alienware m15 r7 performance review pt.1,https://www.youtube.com/watch?v=U_3pmJRVVxQ
2022-07-05,No model name,10949,short,エイリアンウェアはおすすめですか？ #shorts,https://www.youtube.com/shorts/hwP5EGXIlx0
2022-07-02,alienware m15 r3,149,Not short,dell alienware m15 r3 damaged hinge repair,https://www.youtube.com/watch?v=V_xX2nwhseA
2022-06-26,alienware m15 r5,279,Not short,"dell alienware m15 ryzen edition r5 ""amd ryzen 9 5900hx 16 luồng - rtx 3070 8gb"" - full box",https://www.youtube.com/watch?v=vEPtt5Bo5BI
2022-06-26,alienware m15 r7,23,Not short,alienware m15 r7 | product highlights,https://www.youtube.com/watch?v=Fs68PYu35x8
2022-06-25,alienware m15 r7,11230,Not short,ultimate gaming laptop 🚀 | alienware m15 r7 🔥 | intel®️ core™️ i7 12th gen + rtx 3070ti 🤯,https://www.youtube.com/watch?v=HP1aaoi0KGU
2022-06-23,alienware m15,985641,Not short,unbox the alienware m15 | beebom | dell | powered by intel​,https://www.youtube.com/watch?v=rOCIsLQZROk
2022-06-21,alienware m15 r7,3475,Not short,alienware m15 r7 review - the gaming laptop to rule them all!,https://www.youtube.com/watch?v=DvNX6pZRjQE
2022-06-21,alienware m15 r7,531,short,some b-roll for my upcoming review of the #alienware m15r7 #shorts #review #tech #carelesswhisper,https://www.youtube.com/shorts/zxVKkFY4eoQ
2022-06-21,No model name,505,Not short,buying a laptop worth ₹ 2.7 lakhs,https://www.youtube.com/watch?v=-Wtp3hgPC2s
2022-06-21,alienware,300,Not short,omer ka new laptop | unboxing vlog | daily vlogging | dell alienware,https://www.youtube.com/watch?v=ggoC6pDlPt4
2022-06-16,alienware m15 r7,1023,Not short,alienware m15 r7 full overview - not review | the most powerful gaming laptop | i7-12700h,https://www.youtube.com/watch?v=KpgU7lXANYg
2022-06-15,alienware m15 r7,698,Not short,alienware m15 r7 display quality - is it any good?,https://www.youtube.com/watch?v=vR6Y-1N5-p8
2022-06-14,alienware m15 r7,40,Not short,alienware m15 r7 (amd),https://www.youtube.com/watch?v=d71SmqSrtOE
2022-06-13,alienware m15 r6,5687,Not short,alienware m15 r6 - é exigente e perfeccionista? cai fora! problemas e detalhes. nem tão premium dell,https://www.youtube.com/watch?v=3IsyFwqnDhY
2022-06-13,alienware m15 r7,1782,Not short,"alienware m15 r7 upgradability, ssd installation",https://www.youtube.com/watch?v=yhK-aP6uNUE
2022-06-13,alienware m15 r7,102024,Not short,dell alienware m15 r7: with great power...,https://www.youtube.com/watch?v=o09lGpvj89w
2022-06-12,alienware m15 r7,1885,Not short,"alienware m15 r7 unboxing, first impressions & short comparison with gigabyte aero 15 oled",https://www.youtube.com/watch?v=WUAnfz9c05A
2022-06-10,alienware m15 r6,502,Not short,how to undervolt an alienware m15 r6 with a locked bios!!,https://www.youtube.com/watch?v=_L8A-i1yLnc
2022-06-07,alienware m15 r7,325,Not short,dell alienware m15 r7 laptop overview | krs n drs,https://www.youtube.com/watch?v=9_eO7PvHa78
2022-06-07,alienware m15 r7,22739,Not short,「alienware m15 r7」なら最短ルートでミニマルにハイエンドゲームを楽しめちゃう！,https://www.youtube.com/watch?v=tsCONoCYVIw
2022-05-31,alienware m15 r7,36,Not short,alienware m15 r7,https://www.youtube.com/watch?v=DJlCRWR_h6o
2022-05-29,alienware m15 r5,641,Not short,"dell alienware m15 r5 amd r7 5800h rtx3060 -test 8 game pubg, csgo, cod , tomb raider, ass, witcher",https://www.youtube.com/watch?v=Y4Wyf7gm68I
2022-05-27,alienware m15 r7,7175,Not short,"alienware m15 r7 gaming laptop - unboxing, device overview & performance demo (fortnite + recording)",https://www.youtube.com/watch?v=hylek3tTPHk
2022-05-26,alienware m15 r7,15,Not short,alienware m15 r7 | product highlights,https://www.youtube.com/watch?v=_T3g1rwfFcY
2022-05-26,alienware m15 r7,95,Not short,alienware m15 r7  highlights i gameplay comparison,https://www.youtube.com/watch?v=6uiNb6qxm_o
2022-05-26,alienware m15 r7,8579,Not short,alienware m15 r7 | product highlights,https://www.youtube.com/watch?v=ZKZSqLmQT5w
2022-05-23,alienware m15,1006451,Not short,unbox the alienware m15 | technical guruji | dell | powered by intel​,https://www.youtube.com/watch?v=9ZNrsgn1miU
2022-05-21,alienware m15 r6,255,Not short,alienware m15 r6 - testando em 4k live  red dead redempion 2,https://www.youtube.com/watch?v=1dErPGosBvA
2022-05-19,alienware m15 r7,382,Not short,asus rog strix g15 advantage edition 2021 vs alienware m15 r7,https://www.youtube.com/watch?v=ff9po7gLyOQ
2022-05-18,alienware m15 r7,29829,Not short,alienware m15 r7 review - so close to perfect!,https://www.youtube.com/watch?v=7nDv1QXZYCI
2022-05-17,alienware m15 r7,183,Not short,alienware m15 r7 gaming laptop | dell,https://www.youtube.com/watch?v=XRjffXmGTbk
2022-05-09,alienware m15 r7,995170,Not short,unbox the alienware m15 r7 ft. trakin tech | dell | powered by intel,https://www.youtube.com/watch?v=GsjgNaY_Ums
2022-05-07,alienware m15 r7,4208,Not short,alienware m15 r7: everything you need in a gaming laptop? | the gadget 360 show,https://www.youtube.com/watch?v=kQKAwnPDOE0
2022-05-03,alienware m15 r7,158,Not short,alienware m15 r7,https://www.youtube.com/watch?v=d_1YNBjtd2o
2022-05-01,alienware m15 r6,3901,Not short,alienware m15 r6 - após 03 meses de uso apresentou defeito ?,https://www.youtube.com/watch?v=Bc2C4zsYkds
2022-05-01,alienware m15 r4,1019,Not short,alienware m15 r6 2021 vs predator helios 300,https://www.youtube.com/watch?v=7XXXMYmzzZ4
2022-05-01,alienware m15 r7,9265,Not short,현실적인 드림 게이밍 노트북: 델 에일리언웨어 m15 r7 리뷰,https://www.youtube.com/watch?v=8LYp_ddlyGM
2022-04-30,alienware m15 r7,29320,Not short,alienware m15 r7 vs legion 5i pro - mid range gaming battle!,https://www.youtube.com/watch?v=RnBkk6FE778
2022-04-29,alienware m15 r7,898,Not short,alienware m15 r7 (amd) | bling bling b*tch !!!,https://www.youtube.com/watch?v=2MT3bIVPIw8
2022-04-28,alienware m15 r7,383,Not short,dell alienware x14 | m15 r7 best gaming laptop 2022 - price | specs | india | hindi,https://www.youtube.com/watch?v=9nrk-PIEtFY
2022-04-26,alienware m15 r7,2372,Not short,"dell g15 5525 / alienware m15 r7 ปี 2022 สเปก amd ryzen 6000h + geforce rtx 30 เริ่ม 3x,xxx บาท",https://www.youtube.com/watch?v=7G3amnH-4u4
2022-04-26,alienware m15 r7,7728,Not short,alienware m15 r7 | gameplay comparison,https://www.youtube.com/watch?v=cdhyhlS7CHY
2022-04-26,alienware m15 r7,283,Not short,"most powerfull laptop ⚡alienware m15 r7🔥 powerful gaming laptop, price rs.1.......?",https://www.youtube.com/watch?v=ROmqkkBSH2I
2022-04-26,alienware m15 r7,322,Not short,"alienware announce new ryzen aurora r14 gaming pc, m15 r7 & m17 r5 laptops!",https://www.youtube.com/watch?v=OWS0d1zUgMI
2022-04-25,alienware m15 r7,65,Not short,dell alienware m15 r7 laptop review.,https://www.youtube.com/watch?v=BxhwaM55fc4
2022-04-24,alienware m15 r7,666,Not short,"alienware amd ryzen 6000 | alienware m15 r7, alienware m17 r5 and dell g15 gaming",https://www.youtube.com/watch?v=zqZn1Ccl-Ag
2022-04-22,alienware m15 r7,69,Not short,dell alienware m15 r7 laptop review.,https://www.youtube.com/watch?v=v_7KlFNMsTc
2022-04-22,alienware m15 r7,53,Not short,dell alienware m15 r7 laptop review.,https://www.youtube.com/watch?v=ppfE9aTd0Bk
2022-04-21,alienware m15 r7,2563,short,alienware m15 r7 first look 👽,https://www.youtube.com/shorts/li8N1E8oZW4
2022-04-21,alienware m15 r7,20,Not short,alienware m15 r7 | amd | product highlights,https://www.youtube.com/watch?v=kpZqNAn6Y2s
2022-04-21,alienware m15 r7,59,Not short,alienware m15 r7 amd ryzen™ 6000 series gaming laptop,https://www.youtube.com/watch?v=FfdPD17Zsts
2022-04-21,alienware m15 r7,12899,Not short,alienware m15 r7 (amd) | product highlights,https://www.youtube.com/watch?v=LWHldNYvArY
2022-04-21,alienware m15 r7,3533,Not short,asus rog strix scar 15 2022 vs alienware m15 r7 2022,https://www.youtube.com/watch?v=_8JAzMZuefs
2022-04-21,alienware m15 r7,2434,Not short,alienware x15 r2 2022 vs alienware m15 r7 2022,https://www.youtube.com/watch?v=VBQW0zyQjDY
2022-04-20,alienware m15 r7,1767,Not short,alienware m15 r7 - product review,https://www.youtube.com/watch?v=i7dEC-t0X3o
2022-04-20,alienware m15 r7,621,Not short,ultimate gaming laptop -dell alienware m15 r7 12-gen intel core processors,https://www.youtube.com/watch?v=KayLcbhhfPg
2022-04-19,alienware m15 r7,29,Not short,new alienware m15 r7,https://www.youtube.com/watch?v=fFh8Frv37Ck
2022-04-19,alienware m15 r7,15,Not short,"dell alienware m15 r7, x14 launched in india: price, specifications",https://www.youtube.com/watch?v=cTn079LMd5g
2022-04-19,alienware m15 r7,389,Not short,review of dell alienware m15 r7 laptop,https://www.youtube.com/watch?v=6XSaltEUIsc
2022-04-19,alienware m15 r7,220,Not short,"best gaming laptops | alienware x14, alienware m15 r7 gaming laptops with 12th gen intel processors😀",https://www.youtube.com/watch?v=a1A6qka8chg
2022-04-19,alienware m15 r7,730,Not short,alienware x14 review (hindi) - the best gaming laptop ever 🔥 || alienware m15 r7 specs & price,https://www.youtube.com/watch?v=3r4F7UOf0Cw
2022-04-19,alienware m15 r7,2421,Not short,new alienware m15 r7,https://www.youtube.com/watch?v=I2yv5RWjcBo
2022-04-18,alienware m15 r7,152,Not short,unboxing our most powerful laptop⚡alienware m15 r7 | alienware m15 r7 unboxing and first impressions,https://www.youtube.com/watch?v=ew5Hy83592M
2022-04-18,alienware m15 r7,24,Not short,dell alienware m15 r7 - দানবের মতো ক্ষমতা। জেনে নাও সমস্ত রহস্য!!!,https://www.youtube.com/watch?v=5v_Y0xxoe0s
2022-04-18,alienware m15 r7,1218,Not short,dell alienware m15 r7 laptop review.,https://www.youtube.com/watch?v=GxVFjGanEFY
2022-04-18,alienware m15 r7,83,Not short,"alienware x14, alienware m15 r7 gaming laptops with 12th gen intel processors launched in india",https://www.youtube.com/watch?v=2wWRjs2QCvE
2022-04-18,alienware m15 r7,228,short,most powerful laptop ever⚡alienware m15 r7 first impressions #shorts,https://www.youtube.com/shorts/CkOB8D34A5c
2022-04-18,alienware m15 r7,1929878,Not short,alienware m15 r7ゲーミング ノートパソコン product video,https://www.youtube.com/watch?v=5FFtUITAJzU
2022-04-17,alienware m15 r7,129,short,most powerful laptop ever⚡alienware m15 r7 unboxing and first impressions #hindi #shorts #dell #like,https://www.youtube.com/shorts/HkrMijd_2E8
2022-04-17,alienware m15 r7,172,short,alienware m15 r7  #normaltech #shorts,https://www.youtube.com/shorts/hG3rbgA7NU0
2022-04-17,alienware m15 r7,3856,short,unboxing our most powerful laptop ever ⚡alienware m15 r7 unboxing #shorts,https://www.youtube.com/shorts/IwSWv9gWO0M
2022-04-17,alienware m15 r7,19,Not short,unboxing our most powerful laptop ever⚡alienware m15 r7 unboxing and first impressions,https://www.youtube.com/watch?v=SXmRJ69fppY
2022-04-17,alienware m15 r7,141649,Not short,the ultimate gaming laptop - alienware m15 r7 unboxing & first look🔥🔥🔥,https://www.youtube.com/watch?v=BbX1tEWB98A
2022-04-17,alienware m15 r7,363001,Not short,unboxing our most powerful laptop ever⚡alienware m15 r7 unboxing and first impressions,https://www.youtube.com/watch?v=dVcBKRDpcBY
2022-04-16,alienware m15 r6,576,Not short,best gaming laptop 2022 - rtx 3080 💥 alienware m15 r6 review,https://www.youtube.com/watch?v=CQA9SpKGZnA
2022-04-15,alienware m15 r7,657,Not short,alienware m15 r7 vs msi vector gp66! which one you prefer!,https://www.youtube.com/watch?v=M_nMg6T5ZoI
2022-04-07,alienware m15,812,Not short,replacing alienware m15 battery. step by step.,https://www.youtube.com/watch?v=QW1pDgfmWp8
2022-04-05,alienware m15 r7,774,Not short,the latest edition alienware m15 r7 gaming laptop,https://www.youtube.com/watch?v=zDf1_whhVLs
