post date,model,views,video type,title,link
2022-08-05,alienware m15 r7,122,Not short,dell alienware m15 r7 aw15-i1200-m10p - rtx3070ti - lançamento,https://www.youtube.com/watch?v=H2VvEdsCDnU
2022-08-05,alienware m15 r7,94,short,dell alienware m15 r7 aw15-i1200-m10p com rtx 3070ti core i7 12700h notebook gamer para jogos,https://www.youtube.com/shorts/jWDkKrYrul0
2022-08-03,alienware m15 r7,20409,Not short,o novo alienware m15 r7 da dell: 12700h + rtx 3070ti,https://www.youtube.com/watch?v=V-XcHjdd0ik
2022-08-03,alienware m15 r7,481,short,alienware m15 r7 fan noise,https://www.youtube.com/shorts/CJIjpzcVobU
2022-08-02,alienware m15 r7,203,short,👽 alienware m15 r7 [análise / review] #shorts,https://www.youtube.com/shorts/OzYaHceBGJA
2022-07-30,alienware m15 r7,52,Not short,"alienware m15 r7 amd 15.6"" gaming laptop review 2022",https://www.youtube.com/watch?v=lnhlDQS1WJU
2022-07-30,alienware m17,9,Not short,lets talk - alienware m17 r5 - world's most powerful 17 inch amd advantage laptop,https://www.youtube.com/watch?v=AHcUMgXYcjM
2022-07-29,alienware m15 r3,7,Not short,dell alienware m15 gaming laptop |15.6'' 165hz fhd display | amd ryzen r7 | nvidia rtx 3060 gfx 6gb,https://www.youtube.com/watch?v=5Xd2w4r2tuY
2022-07-27,alienware m17,4434,Not short,alienware m17 r5 - world's most powerful 17-inch amd advantage laptop | alienware declassified,https://www.youtube.com/watch?v=7sneWqJUTOc
2022-07-24,alienware m17,11,Not short,alienware m17 r5 with amd advantage™  built to game with ryzen and radeon 2022,https://www.youtube.com/watch?v=nkprH0tIg1U
2022-07-20,alienware m15 r7,91,Not short,alienware m15 r7 (2022) review,https://www.youtube.com/watch?v=05YA_T_Q604
2022-07-20,No model name,17,Not short,top 10 best gaming laptops of 2022 - for you,https://www.youtube.com/watch?v=hTzB3JniWcQ
2022-07-19,alienware m17 r5 amd,14735,Not short,alienware m17 r5 review! - the best amd cpu?,https://www.youtube.com/watch?v=QLPR6PlJlZ0
2022-07-18,alienware m15 r7,198,Not short,alienware m15 r7 vs alienware m17 r5,https://www.youtube.com/watch?v=d_rE4GGTB4U
2022-07-18,alienware m15 r7,406,Not short,alienware m15 r7 (2022) review,https://www.youtube.com/watch?v=XnxnWRorCQo
2022-07-17,alienware m15 r7,661,Not short,alienware m15 r7 vs alienware m15 r6,https://www.youtube.com/watch?v=-zIvGoM6EDI
2022-07-17,alienware m15 r7,6,Not short,alienware m15 r7  product highlights,https://www.youtube.com/watch?v=2T9MeZNjlyA
2022-07-10,alienware m15 r7,384,Not short,alienware m15 r7 performance review pt.2,https://www.youtube.com/watch?v=aqSOIq423ZU
2022-07-08,alienware m15 r7,56,short,alienware m15 r7 product highlights #shorts,https://www.youtube.com/shorts/gUpXTTRv6AI
2022-07-07,alienware m15 r7,1302,Not short,análisis: alienware m15 r7 (core i7-12700h y rtx 3050 ti),https://www.youtube.com/watch?v=khRbb_AWcJE
2022-07-06,alienware m15 r7,425,Not short,alienware m15 r7 performance review pt.1,https://www.youtube.com/watch?v=U_3pmJRVVxQ
2022-06-29,alienware,39,Not short,the best new alienware gaming laptop,https://www.youtube.com/watch?v=WEOHh6QNBT0
2022-06-26,alienware m15 r5,279,Not short,"dell alienware m15 ryzen edition r5 ""amd ryzen 9 5900hx 16 luồng - rtx 3070 8gb"" - full box",https://www.youtube.com/watch?v=vEPtt5Bo5BI
2022-06-26,alienware m15 r7,23,Not short,alienware m15 r7 | product highlights,https://www.youtube.com/watch?v=Fs68PYu35x8
2022-06-25,alienware m15 r7,11230,Not short,ultimate gaming laptop 🚀 | alienware m15 r7 🔥 | intel®️ core™️ i7 12th gen + rtx 3070ti 🤯,https://www.youtube.com/watch?v=HP1aaoi0KGU
2022-06-21,alienware m15 r7,3475,Not short,alienware m15 r7 review - the gaming laptop to rule them all!,https://www.youtube.com/watch?v=DvNX6pZRjQE
2022-06-16,alienware m15 r7,1023,Not short,alienware m15 r7 full overview - not review | the most powerful gaming laptop | i7-12700h,https://www.youtube.com/watch?v=KpgU7lXANYg
2022-06-15,alienware m15 r7,698,Not short,alienware m15 r7 display quality - is it any good?,https://www.youtube.com/watch?v=vR6Y-1N5-p8
2022-06-14,alienware m15 r7,40,Not short,alienware m15 r7 (amd),https://www.youtube.com/watch?v=d71SmqSrtOE
2022-06-13,alienware m15 r7,1782,Not short,"alienware m15 r7 upgradability, ssd installation",https://www.youtube.com/watch?v=yhK-aP6uNUE
2022-06-13,alienware m15 r7,102025,Not short,dell alienware m15 r7: with great power...,https://www.youtube.com/watch?v=o09lGpvj89w
2022-06-12,alienware m15 r7,1885,Not short,"alienware m15 r7 unboxing, first impressions & short comparison with gigabyte aero 15 oled",https://www.youtube.com/watch?v=WUAnfz9c05A
2022-06-07,alienware m15 r7,22739,Not short,「alienware m15 r7」なら最短ルートでミニマルにハイエンドゲームを楽しめちゃう！,https://www.youtube.com/watch?v=tsCONoCYVIw
2022-05-29,alienware m15 r5,641,Not short,"dell alienware m15 r5 amd r7 5800h rtx3060 -test 8 game pubg, csgo, cod , tomb raider, ass, witcher",https://www.youtube.com/watch?v=Y4Wyf7gm68I
2022-05-27,alienware m15 r7,7175,Not short,"alienware m15 r7 gaming laptop - unboxing, device overview & performance demo (fortnite + recording)",https://www.youtube.com/watch?v=hylek3tTPHk
2022-05-26,alienware m15 r7,8579,Not short,alienware m15 r7 | product highlights,https://www.youtube.com/watch?v=ZKZSqLmQT5w
2022-05-19,alienware m15 r7,382,Not short,asus rog strix g15 advantage edition 2021 vs alienware m15 r7,https://www.youtube.com/watch?v=ff9po7gLyOQ
2022-05-18,alienware m15 r7,29830,Not short,alienware m15 r7 review - so close to perfect!,https://www.youtube.com/watch?v=7nDv1QXZYCI
2022-05-17,alienware m15 r7,183,Not short,alienware m15 r7 gaming laptop | dell,https://www.youtube.com/watch?v=XRjffXmGTbk
2022-05-07,alienware m15 r7,4208,Not short,alienware m15 r7: everything you need in a gaming laptop? | the gadget 360 show,https://www.youtube.com/watch?v=kQKAwnPDOE0
2022-05-03,alienware m15 r7,158,Not short,alienware m15 r7,https://www.youtube.com/watch?v=d_1YNBjtd2o
2022-04-30,alienware m15 r7,29320,Not short,alienware m15 r7 vs legion 5i pro - mid range gaming battle!,https://www.youtube.com/watch?v=RnBkk6FE778
2022-04-29,alienware m15 r7,898,Not short,alienware m15 r7 (amd) | bling bling b*tch !!!,https://www.youtube.com/watch?v=2MT3bIVPIw8
2022-04-26,alienware m15 r7,2372,Not short,"dell g15 5525 / alienware m15 r7 ปี 2022 สเปก amd ryzen 6000h + geforce rtx 30 เริ่ม 3x,xxx บาท",https://www.youtube.com/watch?v=7G3amnH-4u4
2022-04-26,alienware m15 r7,7728,Not short,alienware m15 r7 | gameplay comparison,https://www.youtube.com/watch?v=cdhyhlS7CHY
2022-04-26,alienware m15 r7,322,Not short,"alienware announce new ryzen aurora r14 gaming pc, m15 r7 & m17 r5 laptops!",https://www.youtube.com/watch?v=OWS0d1zUgMI
2022-04-25,alienware m15 r7,65,Not short,dell alienware m15 r7 laptop review.,https://www.youtube.com/watch?v=BxhwaM55fc4
2022-04-24,alienware m15 r7,666,Not short,"alienware amd ryzen 6000 | alienware m15 r7, alienware m17 r5 and dell g15 gaming",https://www.youtube.com/watch?v=zqZn1Ccl-Ag
2022-04-22,alienware m15 r7,69,Not short,dell alienware m15 r7 laptop review.,https://www.youtube.com/watch?v=v_7KlFNMsTc
2022-04-22,alienware m15 r7,53,Not short,dell alienware m15 r7 laptop review.,https://www.youtube.com/watch?v=ppfE9aTd0Bk
2022-04-21,alienware m15 r7,2563,short,alienware m15 r7 first look 👽,https://www.youtube.com/shorts/li8N1E8oZW4
2022-04-21,alienware m15 r7,20,Not short,alienware m15 r7 | amd | product highlights,https://www.youtube.com/watch?v=kpZqNAn6Y2s
2022-04-21,alienware m15 r7,59,Not short,alienware m15 r7 amd ryzen™ 6000 series gaming laptop,https://www.youtube.com/watch?v=FfdPD17Zsts
2022-04-21,alienware m15 r7,12899,Not short,alienware m15 r7 (amd) | product highlights,https://www.youtube.com/watch?v=LWHldNYvArY
2022-04-21,alienware m15 r7,3533,Not short,asus rog strix scar 15 2022 vs alienware m15 r7 2022,https://www.youtube.com/watch?v=_8JAzMZuefs
2022-04-21,alienware m15 r7,2434,Not short,alienware x15 r2 2022 vs alienware m15 r7 2022,https://www.youtube.com/watch?v=VBQW0zyQjDY
2022-04-20,alienware m15 r7,1767,Not short,alienware m15 r7 - product review,https://www.youtube.com/watch?v=i7dEC-t0X3o
2022-04-19,alienware m15 r7,2421,Not short,new alienware m15 r7,https://www.youtube.com/watch?v=I2yv5RWjcBo
2022-04-18,alienware m15 r7,1218,Not short,dell alienware m15 r7 laptop review.,https://www.youtube.com/watch?v=GxVFjGanEFY
2022-04-17,alienware m15 r7,172,short,alienware m15 r7  #normaltech #shorts,https://www.youtube.com/shorts/hG3rbgA7NU0
2022-04-17,alienware m15 r7,3856,short,unboxing our most powerful laptop ever ⚡alienware m15 r7 unboxing #shorts,https://www.youtube.com/shorts/IwSWv9gWO0M
2022-04-17,alienware m15 r7,141649,Not short,the ultimate gaming laptop - alienware m15 r7 unboxing & first look🔥🔥🔥,https://www.youtube.com/watch?v=BbX1tEWB98A
2022-04-17,alienware m15 r7,363002,Not short,unboxing our most powerful laptop ever⚡alienware m15 r7 unboxing and first impressions,https://www.youtube.com/watch?v=dVcBKRDpcBY
2022-04-15,alienware m15 r7,657,Not short,alienware m15 r7 vs msi vector gp66! which one you prefer!,https://www.youtube.com/watch?v=M_nMg6T5ZoI
2022-04-05,alienware m15 r7,774,Not short,the latest edition alienware m15 r7 gaming laptop,https://www.youtube.com/watch?v=zDf1_whhVLs
2022-04-01,alienware m15 r7,37866,Not short,is this the affordable alienware? 😂,https://www.youtube.com/watch?v=QBXqXW6Dj18
2022-03-29,alienware m15 r7,638,Not short,alienware m15 r7 basic information,https://www.youtube.com/watch?v=smJ0w_p3sbM
2022-03-21,alienware m15 r7,17735,Not short,new alienware m15 r7 gaming laptop review!,https://www.youtube.com/watch?v=YHJQytvC7PA
2022-03-19,alienware m15 r7,3917,Not short,"распаковка dell alienware m15 r7 (2022): бюджетный ноутбук для работы, игр и стримов",https://www.youtube.com/watch?v=ph1ULiuiFq0
2022-03-02,alienware m15 r7,9942,Not short,alienware m15 r7 vs alienware x15 r2 is as straightforward as you expected it to be !!!,https://www.youtube.com/watch?v=ueBLxw_QGCI
2022-02-15,alienware m15 r5,5272,Not short,alienware m15 r5评测：为信仰买单or埋单? | 笔吧评测室,https://www.youtube.com/watch?v=4rZ9F_KFT6g
2022-02-14,alienware m15 r5,1777,Not short,тест игровых ноутбуков alienware m15 r5 и alienware x17,https://www.youtube.com/watch?v=BW7ryW0Skws
2022-02-07,alienware m15 r7,2601,Not short,alienware m15 r7 | first look | unboxing & review,https://www.youtube.com/watch?v=pWqbrg1c1Kk
2022-02-07,alienware m15 r7,40042,Not short,alienware m15 r7 | first look,https://www.youtube.com/watch?v=g29KrL78h10
2022-02-07,alienware m15 r7,2959,Not short,𝗗𝗲𝗹𝗹 𝗔𝗹𝗶𝗲𝗻𝘄𝗮𝗿𝗲 𝗺𝟭𝟱 𝗥𝟳 𝟮𝟬𝟮𝟮 𝘃𝘀 𝗔𝗹𝗶𝗲𝗻𝘄𝗮𝗿𝗲 𝗺𝟭𝟱 𝗥𝟲 𝟮𝟬𝟮𝟭! old vs new pt.5! comparison,https://www.youtube.com/watch?v=NfgHBo-1cew
2022-02-05,alienware m15 r3,2003,Not short,"alienware m15 r5 (rtx 3060, ryzen 7 5800h) review : the gaming laptop from mars!?",https://www.youtube.com/watch?v=Ua8sxazPrDM
2022-01-27,alienware m15 r6,75885,Not short,"harga lebih ""bersahabat"" dgn cpu amd: review alienware m15 ryzen edition r5 - feat. jenius",https://www.youtube.com/watch?v=cpYRNLdgNdQ
2022-01-20,alienware m15 r5,1485,Not short,laptop alienware m15 r5 amd ryzen 9 5900hx y rtx 3070 en fortnite !!,https://www.youtube.com/watch?v=_jAXkLFOTxU
2022-01-16,alienware m15 r5,3260,Not short,laptop alienware m15 r5 demostracion y analisis - amd ryzen 9 5900hx y rtx 3070,https://www.youtube.com/watch?v=rAViMCmqAhg
2022-01-06,alienware m15 r7,88256,Not short,alienware has most powerful all amd gaming laptop in 2022!,https://www.youtube.com/watch?v=zsbrUdH2TJI
2021-12-21,alienware m15,31684,Not short,ゲーミングpcオススメ対決!!「alienware m15 ryzen™ edition r5」vs「dell g15 ryzen™ edition」,https://www.youtube.com/watch?v=_hRITPgTxaU
2021-12-09,alienware m15,1619,Not short,dell alienware m15 ryzen edition r7 gaming laptop,https://www.youtube.com/watch?v=RMSWYw4R5JI
2021-11-12,alienware m15 r5,9703,Not short,alienware m15 r5 ryzen 9 5900hx - any good for work? testing!,https://www.youtube.com/watch?v=6uEQJDS95E0
2021-11-11,alienware m15 r6,28192,Not short,j'ai reçu un pc portable gamer ultra puissant (alienware m15 r6),https://www.youtube.com/watch?v=qGfqAewwn8U
2021-10-25,alienware m15 r5,162845,Not short,alienware m15 r6 review - too many problems!,https://www.youtube.com/watch?v=sOaBJON7G_Q
2021-10-14,alienware m15 r5,226,Not short,dell alienware m15 r5 |  review dell alienware m15 r5 laptop amd pertama dell,https://www.youtube.com/watch?v=rbuZSVdIBuM
2021-10-06,alienware m15 r4,6294,Not short,alienware m15 ryzen edition r5 gaming laptop review v intel m15 will this get you ryzen?,https://www.youtube.com/watch?v=lUgN-Shnjy8
2021-09-10,alienware m15 r5,3791,Not short,"外星人m15 r5 开箱&gpu bug 修复, amd r7-5800h, rtx3060, 当价格低到 $1180，它还是个坏选择么?",https://www.youtube.com/watch?v=6mw8042aTvI
2021-08-15,alienware m15 r5,4577,Not short,alienware m15 r5 ryzen 7 5800h rtx 3060 6gb 16gb ddr4 165hz gaming laptop review!,https://www.youtube.com/watch?v=KuPXYE6vBrc
2021-08-03,alienware m15,31695,Not short,alienware m15 ryzen edition r5 review (ryzen 7 5800h + rtx 3060): worth the money?,https://www.youtube.com/watch?v=m4z3V_PuYV8
2021-07-30,alienware m15 r5,26358,Not short,alienware m15 r5 ryzen edition review - remember to use tcc offset...!,https://www.youtube.com/watch?v=1a-y7weA4ss
2021-07-20,alienware m15,13770,Not short,alienware m15 ryzen edition r5 gaming laptop product video (2021),https://www.youtube.com/watch?v=YYFb7fEU36s
2021-07-18,alienware m15,7720,Not short,review nhanh dell gaming g15 5515 2021 | r7-5800h rtx 3060 | alienware m15 rút gọn cực chất,https://www.youtube.com/watch?v=gx3opA_e_pk
2021-07-12,alienware m15 r5,179015,Not short,alienware m15 r5 review - not all ryzen gaming laptops are good,https://www.youtube.com/watch?v=9NyGzjuydLk
2021-07-08,alienware m15 r5,46141,Not short,laptop người ngoài hành tinh! - alienware m15 ryzen edition r5,https://www.youtube.com/watch?v=KyguwDuQwK0
2021-06-07,alienware m15 r5,15505,Not short,alienware m15 ryzen edition r5 review en español,https://www.youtube.com/watch?v=l812tBidhxw
2021-05-28,alienware,879526,Not short,the new alienware r5/r6 gaming laptops,https://www.youtube.com/watch?v=0WH3itALMrw
2021-05-23,alienware m15 r5,50506,Not short,alienware m15 r5 with ryzen 7 5800h and rtx 3060 live unboxing and testing!,https://www.youtube.com/watch?v=NkKQym6C3YU
2021-05-21,alienware m15 r5,128677,Not short,"alienware m15 r5 review - qhd 240hz, 3070 rtx & ryzen ftw!",https://www.youtube.com/watch?v=7ozJi9OATlM
2021-05-19,alienware m15 r5,11243,Not short,new alienware m15 r5 ryzen9 5900hx / 3070 laptop warzone gameplay,https://www.youtube.com/watch?v=Vft1ua5G50I
2021-05-11,alienware m15 r5,136840,Not short,alienware m15 r5 ryzen edition review,https://www.youtube.com/watch?v=lvlAcbshjTA
2020-12-02,alienware m15,57842,Not short,alienware m15: laptop para gamers. prueba de uso y experiencia.,https://www.youtube.com/watch?v=3R6DXFzuW5U
2020-11-17,alienware m15 r3,3974,Not short,alienware m15 r3 vs asus rog zephyrus g14 specs | amd or intel ?,https://www.youtube.com/watch?v=jpVNFGwBaxI
