post date,model,views,video type,title,link
2022-08-07,alienware x17 r2,17,Not short,alienware x17 r2 cheleando y probando juegos a eleccion,https://www.youtube.com/watch?v=7JCxJT1T9qA
2022-08-06,alienware x17 r2,84,Not short,"unboxing. alienware area 51 r2 17"". opinia po roku- nie kupujcie tego g.wna! alienware x17 r2- swap.",https://www.youtube.com/watch?v=tiwW19ekaWg
2022-08-06,alienware x17 r2,510,short,👽 alienware x17 r2  [análise / review]   #shorts,https://www.youtube.com/shorts/AqO2yyZdmK4
2022-08-04,alienware,106702,Not short,"be:first × alienware / ""scream"" short movie",https://www.youtube.com/watch?v=lDxtI_PYhiQ
2022-08-03,alienware x17 r2,635,Not short,review v2 [updated benchmarks] | alienware x17 r2 | i9-12900hk | rtx 3080ti,https://www.youtube.com/watch?v=lX5ips1E5Ok
2022-08-01,alienware x17 r2,229,Not short,respondendo aos comentários do review e unboxing do alienware x17 r2 !,https://www.youtube.com/watch?v=ZMNavUpJ0ME
2022-08-01,alienware x17 r2,74,Not short,dell alienware x17 r2 gaming laptop,https://www.youtube.com/watch?v=equ59oIT4Wg
2022-08-01,alienware x17,22,Not short,nowy alienware x17,https://www.youtube.com/watch?v=PHY5o9wip2k
2022-07-31,alienware x17 r2,142,Not short,alienware x17 r2 👽 review latinoamérica,https://www.youtube.com/watch?v=6rQyRSPOjDs
2022-07-30,alienware x15 r2,80,Not short,rtx 3070 ti laptop | alienware x17 r2 2022 | god of war | 1080p,https://www.youtube.com/watch?v=-44ctCXqwl4
2022-07-30,alienware x17 r2,4769,Not short,alienware x17 r2 upgrading ssd and ram,https://www.youtube.com/watch?v=h-WkKLqwSH0
2022-07-28,alienware x17 r2,1489,Not short,alienware x17 r2 - review completo e minha opinião!,https://www.youtube.com/watch?v=u-JEzE0_BjA
2022-07-27,alienware x17 r2,157,Not short,alienware x17 r2 2022 vs apple macbook pro 16 2021,https://www.youtube.com/watch?v=6igDDNxydsg
2022-07-26,alienware m17 r5 amd,300,Not short,"alienware m17 r5 vs alienware x17 r2 | amd vs nvidia, 480hz 1080p & diversity for the win !!!",https://www.youtube.com/watch?v=1sOO3FzNhcE
2022-07-25,alienware x17 r2,50,short,alienware x17 r2 vr ready gaming laptop #shorts,https://www.youtube.com/shorts/RUuagd-2U_M
2022-07-24,alienware x17 r2,41,Not short,"alienware x17 r2 gets slimmer, gains intel's 12th gen cpus (2022) #laptop",https://www.youtube.com/watch?v=0QOfYsaGInw
2022-07-24,alienware x17 r2,61,Not short,alienware m17 r5 and alienware x17 r2 ultimate amd advantage laptop launched with 480hz display,https://www.youtube.com/watch?v=NAa-RD0tiGc
2022-07-24,alienware x17 r2,404,Not short,alienware x17 r2 vs msi titan gt77 12uhs,https://www.youtube.com/watch?v=LGaONqSjEZQ
2022-07-23,alienware x17 r2,424,Not short,dell alienware m17 r5 and x17 r2 (2022) | main differences!,https://www.youtube.com/watch?v=JvU13dYslE0
2022-07-22,alienware x17 r2,2089,Not short,alienware x17 r2 i7 12700h rtx 3080ti  x  alienware m15 r6 i7 11800h rtx 3070 (comparativo).,https://www.youtube.com/watch?v=s-sA2WmUaFY
2022-07-20,alienware x17,278,Not short,alienware m17 and alienware x17 (2022) gaming laptops with an insane 480hz refresh rates.,https://www.youtube.com/watch?v=g4YpBcSdQ5M
2022-07-20,alienware x17 r2,330,Not short,asus rog strix scar 17 se 2022 vs alienware x17 r2 2022,https://www.youtube.com/watch?v=KTHaJOjLuYE
2022-07-19,alienware m17 r5 amd,14732,Not short,alienware m17 r5 review! - the best amd cpu?,https://www.youtube.com/watch?v=QLPR6PlJlZ0
2022-07-19,alienware m17,6088,Not short,alienware m17 r5 | first look,https://www.youtube.com/watch?v=ryLn0P-I6Z8
2022-07-18,alienware x17 r2,312,Not short,dell - alienware x17 r2 laptops - horrible sound quality,https://www.youtube.com/watch?v=M2ZrhWYTxTY
2022-07-13,alienware x15 r2,91,Not short,asus rog strix g17 2022 vs alienware x17 r2 2022,https://www.youtube.com/watch?v=C54at1UQxKI
2022-07-11,alienware x17 r2,798,Not short,i ran the most demanding games of 2022 on the alienware x17 r2 i9-12900hk + rtx3080ti,https://www.youtube.com/watch?v=ZuPaCAhdxIg
2022-07-09,alienware,650999,Not short,razer vs alienware gaming laptops,https://www.youtube.com/watch?v=OsQymqWRu6Y
2022-07-09,alienware x17 r2,369,Not short,alienware x17 r2 2022 vs razer blade 17 2022,https://www.youtube.com/watch?v=paYOBNork0E
2022-07-09,alienware x17 r2,168,Not short,asus rog strix scar 17 2022 vs alienware x17 r2 2022,https://www.youtube.com/watch?v=dAuC8tVCMjw
2022-07-08,alienware x15 r2,286,Not short,alienware x17 r2 2022 vs alienware m17 r5 2022,https://www.youtube.com/watch?v=-WBD0SOw8eU
2022-07-08,alienware x17 r2,519,Not short,alienware x17 ou avell c65 hyb  qual o melhor ?,https://www.youtube.com/watch?v=qTzWlroaBMo
2022-07-07,alienware x17 r2,78,Not short,alienware x17 r2 | 3080ti | 12900hk | forza horizon 5 gameplay max settings,https://www.youtube.com/watch?v=0yPfq2a2o7Y
2022-07-07,alienware x17 r2,186,Not short,alienware x17 r2 | 3080ti | 12900hk | far cry 6 gameplay ultra ray tracing,https://www.youtube.com/watch?v=9H9fWirfHeI
2022-07-06,alienware x17 r2,47,Not short,alienware x17 r2 | 3080ti | 12900hk | far cry 6 ultra ray tracing benchmark run,https://www.youtube.com/watch?v=-O7HuYKCcAY
2022-07-06,alienware x17 r2,61,Not short,far cry 6 - full gameplay part 3 / max settings / alienware x17 r2 / rtx 3080ti / i9-12900hk,https://www.youtube.com/watch?v=pFmMpYjU8Rg
2022-07-06,alienware x17 r2,60,Not short,far cry 6 - full gameplay part 2 / max settings / alienware x17 r2 / rtx 3080ti / i9-12900hk,https://www.youtube.com/watch?v=Hdhz56G6hTg
2022-07-05,alienware x17 r2,209,Not short,far cry 6 - full gameplay part 1 / max settings / alienware x17 r2 / rtx 3080ti / i9-12900hk,https://www.youtube.com/watch?v=28fVd6Yxxss
2022-07-05,alienware x17 r2,9837,Not short,"alienware x17 r2 vs msi ge76 - 17"" gaming laptop of 2022?",https://www.youtube.com/watch?v=RChy_H3RFS4
2022-06-30,alienware x17 r2,211,Not short,alienware x17 r2 | 3080ti | 12900hk | forza horizon 5 max settings,https://www.youtube.com/watch?v=11jR4WC6Ttw
2022-06-30,alienware x17 r2,23,Not short,alienware x17 r2 | 3080ti | 12900hk | port royal run,https://www.youtube.com/watch?v=5G3n2SvBVWs
2022-06-30,alienware x17 r2,129,Not short,alienware x17 r2 | 3080ti | 12900hk |  cyberpunk 2077 raytracing ultra benchmark,https://www.youtube.com/watch?v=iSz6v-gfChc
2022-06-29,alienware x14,943,Not short,alienware laptop factory reset windows m15 x17 area 51m x14 x15 m17 r2 13r3 m17 15 14 system restore,https://www.youtube.com/watch?v=z71fZcx-fGY
2022-06-25,alienware x17 r2,1858,Not short,alienware x17 r2 core i7 rtx 3070ti unboxing & first impression,https://www.youtube.com/watch?v=FstjbIE8LTI
2022-06-24,alienware x17 r2,192,Not short,alienware x17 r2 full overview - not review | the vr ready 12th gen gaming laptop,https://www.youtube.com/watch?v=34HuopVn0Pk
2022-06-22,alienware x17 r2,1222,Not short,unboxing alienware x17 r2 rtx 3080 ti 16gb gddr6 - asmr,https://www.youtube.com/watch?v=ViCzY5ve43E
2022-06-22,alienware x17 r2,6388,Not short,the alienware x17 r2 is kind of mind-blowing,https://www.youtube.com/watch?v=5U2tb1-BB3s
2022-06-21,alienware x17,810,Not short,alienware laptop review - gaming computer for designers & architects *honest review after 2 years*,https://www.youtube.com/watch?v=ZvsMOXt6TsA
2022-06-20,alienware x17 r2,195,Not short,resident evil village / alienware x17 r2 / 12900hk / rtx3080ti,https://www.youtube.com/watch?v=jTsfZbgwGoc
2022-06-19,alienware x17 r1,61,Not short,alienware x17 r1  メモリー交換手順,https://www.youtube.com/watch?v=5yUmuc28oj4
2022-06-17,alienware x15 r2,5826,Not short,you cant beat this gaming laptop - alienware x15 r2 in 4k hdr,https://www.youtube.com/watch?v=QIlQywW53kg
2022-06-15,alienware m17 r5 amd,97793,Not short,2022 alienware m17 r5 unboxing and first impressions + gameplay!,https://www.youtube.com/watch?v=_CYlJTx67-Y
2022-06-14,alienware x17 r2,2547,Not short,alienware x17 r2 (2022) full review | i9-12900hk + rtx 3080 ti,https://www.youtube.com/watch?v=pnofJJ6Y5Lc
2022-06-14,alienware x17 r2,82,Not short,alienware x17 r2  simple unboxing and evaluation 超顶配简评,https://www.youtube.com/watch?v=OR4Q-1djb4k
2022-06-10,alienware x17 r2,1221,Not short,alienware x17 r2 - meu novo notebook escolhendo a configuração .,https://www.youtube.com/watch?v=v3vTlZEkpWM
2022-06-10,alienware x17 r2,194,Not short,x17 r2 issue,https://www.youtube.com/watch?v=L6dRIbFLOds
2022-06-09,alienware x17 r2,782,Not short,alienware x17 r2 - meu novo notebook escolhendo a configuração .,https://www.youtube.com/watch?v=rJZB-l4jYsA
2022-06-06,alienware x17 r2,105,Not short,pcをalienware x17 r2に買い替えたので、アイドルドレス衣装の『night magic fire 』でfpsを比較してみました【カスタムオーダーメイド3d2.5で、色々と練習中☆】,https://www.youtube.com/watch?v=rd_Mlz4K-uY
2022-06-01,alienware x17 r2,8697,Not short,alienware x17 r2 : core i9-12900hk et rtx 3080 ti une config de fou 🔥🔥,https://www.youtube.com/watch?v=DBMBRhO6aNQ
2022-06-01,alienware x17 r2,711,Not short,alienware x17 r2 开箱,https://www.youtube.com/watch?v=HMX3N5yVLIw
2022-05-28,alienware x17 r2,3776,Not short,alienware x17 r2 fast umatched performace at a premium price.,https://www.youtube.com/watch?v=IV3_Jo5Qln4
2022-05-27,No model name,213,Not short,17 inch laptop: top 5 laptops for 2022,https://www.youtube.com/watch?v=2GJIsi7XgPQ
2022-05-27,alienware x17 r1,758,Not short,"dell alienware x17 r1 - laptop gamming đẳng cấp, toàn diện",https://www.youtube.com/watch?v=Bay-7OE2PrE
2022-05-27,alienware x17 r2,17801,Not short,alienware x17 r2 vs alienware m17 r5,https://www.youtube.com/watch?v=F3TqfaTBAnM
2022-05-25,alienware x17 r2,221,Not short,alienware x17: buying wait 💻,https://www.youtube.com/watch?v=YdI0iQfjXJk
2022-05-25,alienware x17 r2,3516,Not short,alienware x17 r2 full review x,https://www.youtube.com/watch?v=-EGFzwfysHM
2022-05-20,alienware m17,14413,Not short,alienware m17 r5 ryzen 9 + nvidia review,https://www.youtube.com/watch?v=asscbo4lSow
2022-05-18,alienware x15 r2,1912,Not short,"원래 이쁘고, 좋은건 비싸요. 델 에일리언웨어 x15 r2 2022 (alienware x15 r2) 가이드",https://www.youtube.com/watch?v=svI41HsUsqU
2022-05-15,alienware x17 r2,2641,Not short,alienware x17 - le gaming sur pc portable enfin sans compromis ? test complet,https://www.youtube.com/watch?v=j6c9Om5WmVA
2022-05-12,alienware x17 r2,42526,Not short,2022 razer blade 17 review - what razer won't show you!,https://www.youtube.com/watch?v=hXX3D23CPWw
2022-05-07,alienware x17 r2,14026,Not short,alienware x17 r2 (2022) review: core i9-12900hk + rtx 3080ti,https://www.youtube.com/watch?v=PBPZ6UT8uA8
2022-05-06,alienware x17 r2,1075,Not short,how to replace the memory modules on the alienware x17 r2,https://www.youtube.com/watch?v=aUQtZR2lJMs
2022-05-05,alienware x17 r2,33169,Not short,alienware x17 r2 review,https://www.youtube.com/watch?v=AZenGTR0Vuo
2022-05-05,No model name,6505,Not short,most powerful : best intel core i9 (12th gen) laptops to buy in 2022,https://www.youtube.com/watch?v=A1bXDdTuJjE
2022-05-01,alienware x17 r2,2571,short,alienware x17 r2: fastest ssds i have seen so far!,https://www.youtube.com/shorts/SOOPuiIyNMU
2022-05-01,alienware x15 r2,23270,Not short,델 에일리언웨어 x15 r2 게이밍 노트북 - 비싸도 인기 있는 이유,https://www.youtube.com/watch?v=2N82YQcLUlU
2022-04-29,alienware x17,107,Not short,dead by daylight on the alienware x17 ?!,https://www.youtube.com/watch?v=8_nLfxgpKwE
2022-04-28,alienware aurora ryzen r14,1607,Not short,2022 alienware x17 r2 review || core i7 12700h rtx 3070ti,https://www.youtube.com/watch?v=DlbIEQPOgq8
2022-04-28,alienware x17 r2,24969,Not short,alienware x17 r1 (11800h + rtx 3080) | обзор ноутбука | моё личное мнение,https://www.youtube.com/watch?v=ajjflpgMUY8
2022-04-25,alienware x17 r2,1720,Not short,i almost killed my x17 r2 (my fault) mistake while bios update,https://www.youtube.com/watch?v=ScdPQJl0GXM
2022-04-24,alienware x15 r2,540,Not short,rtx 3070 ti | alienware x17 r2 (2022) | call of duty: warzone | 1440p benchmarks,https://www.youtube.com/watch?v=DReifaj7Z3o
2022-04-20,alienware x17 r2,25529,Not short,alienware x17 r2 - deep dive,https://www.youtube.com/watch?v=U2YnYjH3laI
2022-04-18,alienware x17 r2,520,Not short,control gameplay max settings alienware x17 r2 i9-12900hk / rtx3080 ti,https://www.youtube.com/watch?v=OnCvKggUhZU
2022-04-18,alienware x17 r2,1450,Not short,never look down at alienware x17 r2 (must watch),https://www.youtube.com/watch?v=-SPkwPK8dO4
2022-04-18,alienware x17 r2,322,Not short,3dmark timespy 4k + 8k (upscaled) / alienware x17 r2 / i9-12900hk,https://www.youtube.com/watch?v=RoRkl4Z7y8M
2022-04-18,alienware x17 r2,293,Not short,control gameplay alienware x17 r2 i9-12900hk,https://www.youtube.com/watch?v=Rr43jk2lf5A
2022-04-18,alienware x17 r2,256,Not short,gameplay resident evil village alienware x17 r2 12900hk,https://www.youtube.com/watch?v=TScRKaxCxWs
2022-04-17,alienware x17 r2,616,Not short,alienware x17 r2 / liquid metal / 12900hk / 3dmark time spy / read video description!,https://www.youtube.com/watch?v=XXJsJCEJEYE
2022-04-17,alienware x17 r2,569,Not short,"alienware x17 r2 / 12900hk / liquid metal / control / 1080p max settings / raytracing ""on""",https://www.youtube.com/watch?v=x_Hw0mK4glU
2022-04-17,alienware x17 r2,1098,Not short,"alienware x17 r2 / 12900hk / liquid metal / cyberpunk 2077 / 1080p max settings / raytracing ""on""",https://www.youtube.com/watch?v=zCp-YjET5kw
2022-04-15,alienware x17 r2,567,short,"alienware x17 r2 / cinebench r23 / 20,000 points",https://www.youtube.com/shorts/ymAEjzV2f6U
2022-04-15,alienware x17 r2,21726,Not short,【大画面で高性能】12世代搭載ノートパソコン「alienware x17 r2」をレビュー。ゲームだけじゃなくクリエーターにも！,https://www.youtube.com/watch?v=PL6hnix8GUM
2022-04-14,alienware x17 r2,13476,Not short,"лучший игровой ноутбук, которого нет 🔥 ноутбук alienware x17 r1 x17-4428 geforce rtx 3070 купил !",https://www.youtube.com/watch?v=W8hNdQqFm10
2022-04-13,alienware x15 r2,442,Not short,rtx 3070 ti | alienware x17 r2 (2022) | horizon zero dawn | 1440p benchmarks,https://www.youtube.com/watch?v=rmh1pZshL9w
2022-04-12,alienware x17 r1,5289,Not short,đánh giá siêu laptop dell alienware x17r1 chơi games đồ hoạ khủng,https://www.youtube.com/watch?v=3NSJqbOWpI0
2022-04-11,alienware x17 r2,221772,Not short,외계인이 사랑한 게이밍 노트북👽에일리언웨어 x17 r2,https://www.youtube.com/watch?v=AYyqV0vhnHE
2022-04-10,alienware x17 r2,10187,Not short,how to apply liquid metal: a beginner’s tutorial | alienware x17 r2 i9-12900hk,https://www.youtube.com/watch?v=i9i-l4TMmok
2022-04-10,alienware x17 r2,962,Not short,alienware x17 r2 vs raider ge76 12u!  comparison!,https://www.youtube.com/watch?v=SKJmAWlYxIc
2022-04-09,alienware x17 r2,3518,short,alienware x17 r2 gaming laptop | dell usa,https://www.youtube.com/shorts/XrG2-h0L6vI
2022-04-09,alienware x17 r2,19768,Not short,alienware x17 r2 - the 4k configuration is finally here!  (plus 3070ti testing),https://www.youtube.com/watch?v=p_s0PVUybWI
2022-04-09,alienware x17 r2,1101,short,"alienware x17 r2 / liquid metal solved the thermal issues. ~19,000 cinebench r23",https://www.youtube.com/shorts/b_hwZ3mYwOI
2022-04-08,alienware x17 r2,1329,Not short,x17: alienware is ripping you off for one good reason,https://www.youtube.com/watch?v=vCfwWyRgC2k
2022-04-08,alienware x17 r2,747,short,liquid metal saved my alienware x17 r2 ❤️,https://www.youtube.com/shorts/wylmrNjPekg
2022-04-08,alienware x17 r2,3987,Not short,new gaming laptop unboxing  | alienware x17 r2 gaming laptop,https://www.youtube.com/watch?v=z8Cw9IrSeOM
