post date,model,views,video type,title,link
2022-08-07,alienware x15 r2,6,Not short,forza horizon 5 | rtx 3080 ti | ultra graphics | alienware x15 r2,https://www.youtube.com/watch?v=Kjf4BPSwRaA
2022-08-06,alienware x15 r2,4515,Not short,"alienware x15 r2 vs razer blade 15 2022 - which is the best 15"" gaming laptop?",https://www.youtube.com/watch?v=E1ay5_Aa0yk
2022-08-01,alienware x15 r2,49,Not short,rtx 3070 ti laptop | alienware x15 r2 2022 | god of war | 1080p,https://www.youtube.com/watch?v=kLKN6jcFsUg
2022-07-30,alienware x17 r2,4769,Not short,alienware x17 r2 upgrading ssd and ram,https://www.youtube.com/watch?v=h-WkKLqwSH0
2022-07-27,alienware x17 r2,157,Not short,alienware x17 r2 2022 vs apple macbook pro 16 2021,https://www.youtube.com/watch?v=6igDDNxydsg
2022-07-25,alienware x15 r2,341,Not short,2022 | unboxing the alienware x15 r2,https://www.youtube.com/watch?v=1QRBX0Z7Cyg
2022-07-22,alienware x15 r2,267,Not short,alienware x15 r2 vs razer blade 15 2022 | would you pay $200 more for less performance ?,https://www.youtube.com/watch?v=JNu-FGIeDzA
2022-07-20,alienware x15 r2,476,Not short,tekken 7 on this rtx 3080 alienware x15 laptop! (review),https://www.youtube.com/watch?v=LqtXiZLggjA
2022-07-20,alienware x15 r2,193,Not short,alienware x15 r2 தமிழ் unbox review,https://www.youtube.com/watch?v=76YHtjwAiHw
2022-07-09,alienware,650965,Not short,razer vs alienware gaming laptops,https://www.youtube.com/watch?v=OsQymqWRu6Y
2022-07-08,alienware x15 r1,76,Not short,cómo reemplazar el disco m2 2280 en una alienware x15 r1/r2,https://www.youtube.com/watch?v=_lFHvLvyxMo
2022-07-05,alienware x17 r2,9837,Not short,"alienware x17 r2 vs msi ge76 - 17"" gaming laptop of 2022?",https://www.youtube.com/watch?v=RChy_H3RFS4
2022-07-03,alienware m15 r7,151,Not short,asus tuf gaming f15 2022 vs alienware x15 r2 2022,https://www.youtube.com/watch?v=uv6YnVFY7UQ
2022-07-02,alienware x15 r2,480,Not short,alienware x15 r2 full overview - not review | the best thin and light gaming laptop,https://www.youtube.com/watch?v=GNYcQj-O0xw
2022-06-30,alienware x15 r1,444,Not short,laptop alienware x15 r1 unboxing & game test - asmr,https://www.youtube.com/watch?v=xRVSw7oZqok
2022-06-29,alienware x15 r2,36,short,new r2 vs old r2 🥵🔥🤤,https://www.youtube.com/shorts/9KtNOBo4LiQ
2022-06-29,alienware x14,943,Not short,alienware laptop factory reset windows m15 x17 area 51m x14 x15 m17 r2 13r3 m17 15 14 system restore,https://www.youtube.com/watch?v=z71fZcx-fGY
2022-06-28,alienware x15 r2,575,Not short,比轻薄本还薄的游戏本你敢信？alienware x15 r2开箱体验,https://www.youtube.com/watch?v=J6G51Sgw_Zc
2022-06-25,alienware x17 r2,1858,Not short,alienware x17 r2 core i7 rtx 3070ti unboxing & first impression,https://www.youtube.com/watch?v=FstjbIE8LTI
2022-06-23,alienware x15 r2,347,Not short,how to replace the m.2 2280 ssd on the alienware x15 r1 and r2,https://www.youtube.com/watch?v=6yDQ2djQcwY
2022-06-22,alienware x17 r2,6388,Not short,the alienware x17 r2 is kind of mind-blowing,https://www.youtube.com/watch?v=5U2tb1-BB3s
2022-06-20,alienware x15 r2,142,short,alienware x15 r2🔥🔥🔥🔥one of the most popular laptop 💯💯💯💯💥💥💥💥,https://www.youtube.com/shorts/IeOKu39cQ_U
2022-06-17,alienware x15 r2,5826,Not short,you cant beat this gaming laptop - alienware x15 r2 in 4k hdr,https://www.youtube.com/watch?v=QIlQywW53kg
2022-06-16,alienware x15 r2,228,Not short,asus rog strix g15 2022 vs alienware x15 r2 2022,https://www.youtube.com/watch?v=kLuS2oJylL4
2022-06-14,alienware m15,76,short,alienware m15x r2 gaming laptop,https://www.youtube.com/shorts/ss-RiTewi08
2022-06-03,alienware x15 r2,1296,Not short,"alienware x15 r2 ที่สุด gaming บางที่สุด ! จอ 15.6"" สเปก i7, i9 gen 12h + rtx 3080ti",https://www.youtube.com/watch?v=KkAQHpBNWKA
2022-06-03,alienware x15 r2,3099,short,new alienware x15 r2 unboxing,https://www.youtube.com/shorts/4frtFcWskhQ
2022-06-02,alienware x15,14,Not short,alienware x15 gaming laptop sofda,https://www.youtube.com/watch?v=uTIeZZKs5EM
2022-06-01,alienware x17 r2,8697,Not short,alienware x17 r2 : core i9-12900hk et rtx 3080 ti une config de fou 🔥🔥,https://www.youtube.com/watch?v=DBMBRhO6aNQ
2022-05-30,alienware x15 r2,27,Not short,graphics show on my alienware x15 r2 computer!! come and watch to see real details!,https://www.youtube.com/watch?v=Rp-imTY-TMo
2022-05-30,alienware x15 r1,1331,Not short,unboxing alienware x15 r1 - español,https://www.youtube.com/watch?v=WzR3fQXH70U
2022-05-28,alienware x15 r1,670,Not short,dell alienware x15 r1 im test | cyberport,https://www.youtube.com/watch?v=twcMNSWuRH4
2022-05-27,alienware x17 r2,17800,Not short,alienware x17 r2 vs alienware m17 r5,https://www.youtube.com/watch?v=F3TqfaTBAnM
2022-05-25,alienware x17 r2,3516,Not short,alienware x17 r2 full review x,https://www.youtube.com/watch?v=-EGFzwfysHM
2022-05-23,alienware m15 r7,193,Not short,razer blade 15 2022 vs alienware x15 r2 2022,https://www.youtube.com/watch?v=NpI1iS9B-Tk
2022-05-22,alienware m15 r7,94,Not short,asus rog zephyrus duo 15 se vs alienware x15 r2,https://www.youtube.com/watch?v=6YQ7ZWIqJ4U
2022-05-20,alienware x15 r2,125,Not short,cómo reemplazar la tarjeta inalámbrica en alienware x15 r2,https://www.youtube.com/watch?v=SJurgDGDhf0
2022-05-18,alienware x15 r2,1912,Not short,"원래 이쁘고, 좋은건 비싸요. 델 에일리언웨어 x15 r2 2022 (alienware x15 r2) 가이드",https://www.youtube.com/watch?v=svI41HsUsqU
2022-05-16,alienware x17,170,Not short,best alienware gaming laptops 2022 | 6 top best laptops for gaming 👽,https://www.youtube.com/watch?v=jSAtPZ5cvps
2022-05-15,alienware x15 r2,694,Not short,alienware x15 r2 mid-spec full review,https://www.youtube.com/watch?v=50gKINm0BQw
2022-05-13,alienware x15 r2,586,Not short,how to replace the m.2 2230 solid-state drive on the alienware x15 r1 and r2,https://www.youtube.com/watch?v=NzfMeWxisJA
2022-05-09,alienware x15 r2,30,Not short,graphics show on my alienware x15 r2 computer!! come and watch to see real details!,https://www.youtube.com/watch?v=wDX0ok_qhbo
2022-05-07,alienware x17 r2,14025,Not short,alienware x17 r2 (2022) review: core i9-12900hk + rtx 3080ti,https://www.youtube.com/watch?v=PBPZ6UT8uA8
2022-05-05,alienware x17 r2,33169,Not short,alienware x17 r2 review,https://www.youtube.com/watch?v=AZenGTR0Vuo
2022-05-05,alienware x15 r2,56,Not short,forza horizon 5 | rtx 3080ti 16gb | alienware x15 r2 | ultra setting | testing,https://www.youtube.com/watch?v=MMLnb6RRKQ4
2022-05-04,alienware x15 r2,57,Not short,hollla back again! hope yall enjoyed my alienware x15 r2! 💗💗i finally got yt to work on pc lol,https://www.youtube.com/watch?v=jzWA8LhVTYw
2022-05-01,alienware x15 r2,23270,Not short,델 에일리언웨어 x15 r2 게이밍 노트북 - 비싸도 인기 있는 이유,https://www.youtube.com/watch?v=2N82YQcLUlU
2022-04-29,alienware x15 r2,234,Not short,how to replace the wireless card on the alienware x15 r1/alienware x15 r2,https://www.youtube.com/watch?v=ef-GQvOS1Ek
2022-04-29,alienware x15 r2,235,Not short,에일리언웨어 x15 r2 스피커 테스트,https://www.youtube.com/watch?v=FeaInfGpk_o
2022-04-23,alienware x15 r2,740,Not short,rtx 3070 ti | alienware x15 r2 (2022) | call of duty: warzone | 1440p benchmarks,https://www.youtube.com/watch?v=UJyXRQ7fALM
2022-04-22,alienware x15 r2,818,Not short,델 에일리언웨어 x15 r2 게임 성능 테스트 (i9-12900h / rtx3080ti),https://www.youtube.com/watch?v=DqOzbz2wVnU
2022-04-21,alienware m15 r7,2434,Not short,alienware x15 r2 2022 vs alienware m15 r7 2022,https://www.youtube.com/watch?v=VBQW0zyQjDY
2022-04-21,alienware x15 r2,737,Not short,noul alienware x15 r2 cu procesor intel 12th gen la avstore,https://www.youtube.com/watch?v=GW-Q1_aQnz4
2022-04-20,alienware x17 r2,25529,Not short,alienware x17 r2 - deep dive,https://www.youtube.com/watch?v=U2YnYjH3laI
2022-04-12,alienware x15 r2,7419,Not short,dell alienware x15 r2 gaming laptop unboxing | intel core i7 12th gen laptop unboxing | lt hub,https://www.youtube.com/watch?v=N_4DGPXjjSk
2022-04-12,alienware x15 r2,335,Not short,rtx 3070 ti | alienware x15 r2 (2022) | horizon zero dawn | 1440p benchmarks,https://www.youtube.com/watch?v=fXhAGKS02ZI
2022-04-11,alienware x17 r2,221772,Not short,외계인이 사랑한 게이밍 노트북👽에일리언웨어 x17 r2,https://www.youtube.com/watch?v=AYyqV0vhnHE
2022-04-09,alienware x17 r2,19768,Not short,alienware x17 r2 - the 4k configuration is finally here!  (plus 3070ti testing),https://www.youtube.com/watch?v=p_s0PVUybWI
2022-04-08,alienware x15 r2,830,Not short,rtx 3070 ti 8gb | alienware x15 r2 (2022) | call of duty: warzone,https://www.youtube.com/watch?v=QSkvn4VfZLo
2022-04-05,alienware x15,76,Not short,compare dell alienware x15  vs dell x15 | which one is better for you?,https://www.youtube.com/watch?v=pxyzNB-ZcF4
2022-04-05,alienware x15 r2,488,Not short,rtx 3070 ti | alienware x15 r2 (2022) | assassin's creed valhalla | 1080p benchmarks,https://www.youtube.com/watch?v=yDu96VbuNwU
2022-04-04,alienware x15 r2,221,Not short,alienware x15 r2 2022 vs msi raider ge66 2022,https://www.youtube.com/watch?v=Uy1vx0yj9hQ
2022-04-04,alienware x15 r2,459,Not short,rtx 3070 ti | alienware x15 r2 (2022) | gta 5 | 1440p benchmarks,https://www.youtube.com/watch?v=s3ZHw2AA2Ik
2022-04-03,alienware x15,287,Not short,compare alienware x15 vs asus rog zephyrus m16 | which one is better for you?,https://www.youtube.com/watch?v=TbfD0npMLKM
2022-04-03,alienware x15 r2,123,Not short,"alienware x15 r2, x17 r2 - 12th gen intel chips, nvidia geforce rtx 30 series gpus launched in india",https://www.youtube.com/watch?v=4vfBkNKWHpA
2022-04-01,alienware m15 r7,37866,Not short,is this the affordable alienware? 😂,https://www.youtube.com/watch?v=QBXqXW6Dj18
2022-03-31,alienware,11,Not short,dell launches alienware range gaming laptops in india,https://www.youtube.com/watch?v=z3GBZQfRusw
2022-03-31,alienware x15 r2,23,Not short,"dell alienware x15 r2, x17 r2 gaming laptops launched in india: price, specifications",https://www.youtube.com/watch?v=7aVAm1DBtSA
2022-03-30,alienware x15 r2,17,Not short,"dell alienware x15 r2 & x17 r2, honor magicbook x14 & x15, samsung galaxy a13 & a23, realme techlife",https://www.youtube.com/watch?v=u6Rh7Bo_k-A
2022-03-30,alienware x15 r2,1384,Not short,razer blade 15 2022 vs alienware x15 r2 2022,https://www.youtube.com/watch?v=6joKPj_d7qY
2022-03-30,alienware x15 r2,1063,Not short,alienware x15 r2 & x17 r2 | best gaming laptop | 12th gen intel i7 and i9 chips😍,https://www.youtube.com/watch?v=-hKnN2rgdyI
2022-03-30,alienware x15 r2,15903,Not short,alienware x15 r2 review - rtx 3080 ti - i7 12700h - qhd,https://www.youtube.com/watch?v=DJh0tuRyQYY
2022-03-27,alienware m15 r7,467,Not short,alienware x15 r2 vs asus rog strix scar 15 2022,https://www.youtube.com/watch?v=6o9hN__QvFY
2022-03-27,alienware x15 r2,644,Not short,rtx 3070 ti | alienware x15 r2 (2022) | doom eternal | 1080p benchmarks,https://www.youtube.com/watch?v=7pdVKJZIA98
2022-03-25,alienware x15 r2,177,Not short,transferring a gold 1tb m.2 nvme ssd to an i9 alienware x15 r2 3080ti,https://www.youtube.com/watch?v=61CNdSQUc8k
2022-03-22,alienware x15 r2,592,Not short,rtx 3080 ti | alienware x15 r2 (2022) | battlefield v | 1440p benchmarks,https://www.youtube.com/watch?v=HkWNjn-Qz_M
2022-03-20,alienware x17 r2,17352,Not short,this is why i don’t recommend the alienware x17 r2 😡 (before optimising / out-of-the box),https://www.youtube.com/watch?v=LSFLu62oJq4
2022-03-20,alienware x15 r2,341,Not short,rtx 3080 ti | alienware x15 r2 (2022) | doom eternal | 1440p benchmarks,https://www.youtube.com/watch?v=Sy0ECmj8aaw
2022-03-20,alienware x15 r1,9940,Not short,alienware x15 r1 full review i7-11800h + 3070 + qhd,https://www.youtube.com/watch?v=Jr_o6DbWUIs
2022-03-18,alienware x15 r2,1253,short,new dell alienware x15 r2,https://www.youtube.com/shorts/y1bqWSOYp4U
2022-03-18,alienware x15 r2,87,Not short,dell alienware x15 r2,https://www.youtube.com/watch?v=xurU-IkfnkY
2022-03-18,alienware x15 r2,196,Not short,nvidia rtx 3080 ti | alienware x15 r2 (2022) | horizon zero dawn | 1440p,https://www.youtube.com/watch?v=8v3iIJYckVU
2022-03-17,alienware x15 r2,320,Not short,nvidia rtx 3080 ti | alienware x15 r2 (2022) | gta 5 | 1440p,https://www.youtube.com/watch?v=JtDkKZybUGI
2022-03-17,alienware x15 r2,364,Not short,rtx 3080 ti | alienware x15 r2 (2022) | assassin's creed valhalla | 1440p benchmarks,https://www.youtube.com/watch?v=wUeoB_Wwe0U
2022-03-16,alienware x15 r2,434,Not short,nvidia rtx 3080 ti | alienware x15 r2 (2022) | cyberpunk 2077 | 1440p,https://www.youtube.com/watch?v=Oj6IxeX2Ydw
2022-03-16,alienware x15 r2,317,Not short,rtx 3080 ti | alienware x15 r2 (2022) | horizon zero dawn | 1440p benchmarks,https://www.youtube.com/watch?v=kDQm3Ktsb2s
2022-03-16,alienware x15 r2,367,Not short,rtx 3080 ti | alienware x15 r2 (2022) | gta 5 | 1440p benchmarks,https://www.youtube.com/watch?v=SY9DAhi2Y9Q
2022-03-15,alienware x15 r2,323,Not short,nvidia rtx 3080 ti | alienware x15 r2 (2022) | cyberpunk 2077 | 1080p,https://www.youtube.com/watch?v=uCVPKFMTrR4
2022-03-15,alienware x15 r2,1433,Not short,rtx 3080 ti | alienware x15 r2 (2022) | cyberpunk 2077 | 1440p benchmarks,https://www.youtube.com/watch?v=V_mJZmBS_ks
2022-03-15,alienware x15 r2,1106,Not short,rtx 3080 ti | alienware x15 r2 (2022) | cyberpunk 2077 | 1080p benchmarks,https://www.youtube.com/watch?v=zETHs0SWdd0
2022-03-14,alienware x15 r2,196,Not short,nvidia rtx 3080 ti | alienware x15 r2 (2022) | ac valhalla | 1440p,https://www.youtube.com/watch?v=1gDIRUajoYM
2022-03-13,alienware x15 r2,687,Not short,nvidia rtx 3080 ti | alienware x15 r2 (2022) | ac valhalla | 1080p,https://www.youtube.com/watch?v=x_inTzWo7kw
2022-03-13,alienware aurora ryzen r14,866,Not short,alienware x15 rtx 3060 review,https://www.youtube.com/watch?v=AeHw5ozGFXA
2022-03-12,alienware x17 r2,15044,Not short,6 cons of alienware x17 r2,https://www.youtube.com/watch?v=FSyK3uQdn9I
2022-03-12,alienware x15 r2,37485,Not short,alienware x15 r2 vs x17 r2,https://www.youtube.com/watch?v=N2F8mzAU-g8
2022-03-11,alienware x17 r2,453,Not short,la computadora portátil para juegos delgada y liviana: alienware x15,https://www.youtube.com/watch?v=yYZLVGeBD3g
2022-03-08,alienware x15 r2,6677,Not short,alienware x17 r2 - rtx 3080ti / i7 12700h - tested live!,https://www.youtube.com/watch?v=D-8xd_Za9YU
2022-03-07,No model name,1236969,Not short,the best gaming laptop. but… - asus zephyrus g14 2022 review,https://www.youtube.com/watch?v=oyClS3qQV10
2022-03-05,alienware x15 r2,72599,Not short,2022 alienware x17 r2 review!,https://www.youtube.com/watch?v=jVBKr2kdEf8
2022-03-04,alienware x17 r2,5116,Not short,alienware x17 r2 repaste read description!! very important note re-seating heatpipe / no commentary,https://www.youtube.com/watch?v=MPvchtCPZyU
2022-03-03,alienware x15 r2,21775,Not short,2022 alienware x17 r2 review - 12700h + 175w rtx 3080ti,https://www.youtube.com/watch?v=J91hvTW43hY
2022-03-02,alienware x15 r2,1820,Not short,alienware x15 r2 benchmark and gaming,https://www.youtube.com/watch?v=xw9Wlg20QZk
2022-03-02,alienware m15 r7,9941,Not short,alienware m15 r7 vs alienware x15 r2 is as straightforward as you expected it to be !!!,https://www.youtube.com/watch?v=ueBLxw_QGCI
2022-03-02,alienware x15 r2,681,Not short,alienware x15 r2 i9 3080ti cold war gaming,https://www.youtube.com/watch?v=typN2GStZXM
2022-03-02,alienware x15 r2,52625,Not short,alienware x15 r2 review - the mobile powerhouse!,https://www.youtube.com/watch?v=uFqis9QPRsU
