post date,model,views,video type,title,link
2022-08-06,alienware m17 r5 amd,42,Not short,alienware m17 r5 - amd's god gaming laptop 2022,https://www.youtube.com/watch?v=3fN_XdtVhKU
2022-07-31,alienware m17 r5 amd,242,Not short,alienware m17 r5 unboxing und erste eindrücke - amd's god gaming laptop 2022,https://www.youtube.com/watch?v=Y3YobewCsTs
2022-07-30,alienware m17,9,Not short,lets talk - alienware m17 r5 - world's most powerful 17 inch amd advantage laptop,https://www.youtube.com/watch?v=AHcUMgXYcjM
2022-07-27,alienware m17,4434,Not short,alienware m17 r5 - world's most powerful 17-inch amd advantage laptop | alienware declassified,https://www.youtube.com/watch?v=7sneWqJUTOc
2022-07-26,alienware m17 r5 amd,300,Not short,"alienware m17 r5 vs alienware x17 r2 | amd vs nvidia, 480hz 1080p & diversity for the win !!!",https://www.youtube.com/watch?v=1sOO3FzNhcE
2022-07-25,alienware m17 r5 amd,155,short,amd gaming beast| dell alienware m17 r5 (2022) officially released #shorts,https://www.youtube.com/shorts/yfnS4Gh_ARM
2022-07-25,alienware m17,24,Not short,alienware m17 r5 || product highlights,https://www.youtube.com/watch?v=QD8KYeFZ4LI
2022-07-24,alienware m17,11,Not short,alienware m17 r5 with amd advantage™  built to game with ryzen and radeon 2022,https://www.youtube.com/watch?v=nkprH0tIg1U
2022-07-24,alienware x17 r2,61,Not short,alienware m17 r5 and alienware x17 r2 ultimate amd advantage laptop launched with 480hz display,https://www.youtube.com/watch?v=NAa-RD0tiGc
2022-07-24,alienware m17,515,Not short,alienware m17 r5 gaming laptop unboxing,https://www.youtube.com/watch?v=9LZA5ndca8U
2022-07-23,alienware x17 r2,424,Not short,dell alienware m17 r5 and x17 r2 (2022) | main differences!,https://www.youtube.com/watch?v=JvU13dYslE0
2022-07-23,alienware m17,88,short,alienware m17 r5 (2022) first look #trending #viral @trakin tech @alienware,https://www.youtube.com/shorts/-UHqrzwlezQ
2022-07-22,alienware m17,13,Not short,alienware m17 r5 with amd advantage™   built to game with ryzen and radeon,https://www.youtube.com/watch?v=CJyLb6ykRjI
2022-07-21,alienware m17,3126,Not short,alienware m17 r5 | product highlights,https://www.youtube.com/watch?v=g6dfzHoQXcE
2022-07-21,alienware m17,2942,Not short,alienware m17 r5 with amd advantage™ | built to game with ryzen and radeon,https://www.youtube.com/watch?v=wTctzHd2kZo
2022-07-20,alienware m17,1694,short,all amd alienware m17 r5 - wooo baby! #alienwarepartner #shorts,https://www.youtube.com/shorts/5erOY_qikGk
2022-07-19,alienware m17,21,Not short,"joint innovation: developing the alienware m17 r5, amd advantage™ edition laptop",https://www.youtube.com/watch?v=MZgG0oAxrq4
2022-07-19,alienware m17 r5 amd,14735,Not short,alienware m17 r5 review! - the best amd cpu?,https://www.youtube.com/watch?v=QLPR6PlJlZ0
2022-07-19,alienware m17,21,Not short,let's talk - alienware first look m17 r5,https://www.youtube.com/watch?v=ib5GlHGHWI8
2022-07-19,alienware m17,9691,Not short,the all amd alienware laptop - insane performance! -- m17 r5 review,https://www.youtube.com/watch?v=7tsqtjtjeEU
2022-07-19,alienware m17,5824,Not short,"joint innovation: developing the alienware m17 r5, amd advantage™ edition laptop",https://www.youtube.com/watch?v=K4wsf72W_es
2022-07-19,alienware m17,71,Not short,alienware m17 r5 | first look,https://www.youtube.com/watch?v=L32dKhD-RJ0
2022-07-19,alienware m17,6088,Not short,alienware m17 r5 | first look,https://www.youtube.com/watch?v=ryLn0P-I6Z8
2022-07-19,alienware m17 r5 amd,4746,Not short,alienware m17 r5 amd advantage gaming laptop! full in depth review,https://www.youtube.com/watch?v=IE-6XkzMq2k
2022-07-19,alienware m17,811703,Not short,amd's god tier gaming laptop,https://www.youtube.com/watch?v=GK6WCUnhUg0
2022-07-18,alienware m15 r7,198,Not short,alienware m15 r7 vs alienware m17 r5,https://www.youtube.com/watch?v=d_rE4GGTB4U
2022-07-08,alienware x15 r2,286,Not short,alienware x17 r2 2022 vs alienware m17 r5 2022,https://www.youtube.com/watch?v=-WBD0SOw8eU
2022-06-22,alienware m17,387,Not short,alienware m17 r5 (2022) full overview - not review | the most powerful alienware gaming laptop,https://www.youtube.com/watch?v=fw9C_q_Ga68
2022-06-22,alienware m17,5354,Not short,"alienware m17 r5 gaming -  10 games tested at 1080p, 1440p & 4k",https://www.youtube.com/watch?v=9v0WZeamZms
2022-06-15,alienware m17 r5 amd,97793,Not short,2022 alienware m17 r5 unboxing and first impressions + gameplay!,https://www.youtube.com/watch?v=_CYlJTx67-Y
2022-05-29,alienware m15 r5,641,Not short,"dell alienware m15 r5 amd r7 5800h rtx3060 -test 8 game pubg, csgo, cod , tomb raider, ass, witcher",https://www.youtube.com/watch?v=Y4Wyf7gm68I
2022-05-27,alienware x17 r2,17801,Not short,alienware x17 r2 vs alienware m17 r5,https://www.youtube.com/watch?v=F3TqfaTBAnM
2022-05-21,alienware m17,24,Not short,alienware m17 r5 with amd advantage™ –,https://www.youtube.com/watch?v=MfviA5H_RhI
2022-05-20,alienware m17,14414,Not short,alienware m17 r5 ryzen 9 + nvidia review,https://www.youtube.com/watch?v=asscbo4lSow
2022-05-18,alienware m17,18,Not short,alienware m17 r5 with amd advantage | supreme power. superb performance.,https://www.youtube.com/watch?v=4cOVsrdd3Ho
2022-05-18,alienware m17,180173,Not short,alienware m17 r5 with amd advantage™ – supreme power. superb performance.,https://www.youtube.com/watch?v=ecy01kqP7WY
2022-05-06,alienware m17,21103,Not short,"alienware m17 r5 unboxing, first impressions and gameplay",https://www.youtube.com/watch?v=hxOB3zrLq78
2022-04-26,alienware m15 r7,322,Not short,"alienware announce new ryzen aurora r14 gaming pc, m15 r7 & m17 r5 laptops!",https://www.youtube.com/watch?v=OWS0d1zUgMI
2022-04-24,alienware m15 r7,666,Not short,"alienware amd ryzen 6000 | alienware m15 r7, alienware m17 r5 and dell g15 gaming",https://www.youtube.com/watch?v=zqZn1Ccl-Ag
2022-04-21,alienware m15 r7,12899,Not short,alienware m15 r7 (amd) | product highlights,https://www.youtube.com/watch?v=LWHldNYvArY
2022-01-16,alienware m15 r5,3260,Not short,laptop alienware m15 r5 demostracion y analisis - amd ryzen 9 5900hx y rtx 3070,https://www.youtube.com/watch?v=rAViMCmqAhg
2022-01-06,alienware m15 r7,277,Not short,alienware m17 r5 amd edition world’s most powerful 17″ amd advantage laptop launched -ryzen 6000 apu,https://www.youtube.com/watch?v=wgFy7WBuSIw
2022-01-06,alienware m15 r7,88256,Not short,alienware has most powerful all amd gaming laptop in 2022!,https://www.youtube.com/watch?v=zsbrUdH2TJI
2022-01-04,alienware m17,774,Not short,alienware’s m17 r5 ryzen edition is going whole hog on amd - the verge,https://www.youtube.com/watch?v=I-P7xZY1hIk
2022-01-04,alienware x14,18463,Not short,"alienware ces 2022 hands-on: alienware x14, m17 r5 gaming laptops and concept polaris gpu box",https://www.youtube.com/watch?v=lpFZLNGpXHM
2022-01-04,alienware m17,15622,Not short,alienware m17 r5 hands-on: all amd inside,https://www.youtube.com/watch?v=aOLbn4fF3xE
2021-07-12,alienware m15 r5,179015,Not short,alienware m15 r5 review - not all ryzen gaming laptops are good,https://www.youtube.com/watch?v=9NyGzjuydLk
2021-05-28,alienware,879526,Not short,the new alienware r5/r6 gaming laptops,https://www.youtube.com/watch?v=0WH3itALMrw
2021-05-19,alienware m15 r5,11243,Not short,new alienware m15 r5 ryzen9 5900hx / 3070 laptop warzone gameplay,https://www.youtube.com/watch?v=Vft1ua5G50I
2021-05-10,alienware m17,1776580,Not short,more obvious bs from dell?? - alienware m17 with cherry mechanical keyboard,https://www.youtube.com/watch?v=LqCzNyaC3Cg
