post date,model,views,video type,title,link
2022-08-05,alienware x14,22,Not short,alienware x14 (2022) review,https://www.youtube.com/watch?v=bhWUOB-kpiE
2022-08-04,alienware aurora r13,10,Not short,fix wifi connection alienware gaming laptop (x14 m15 x17 51m x15 m17 r2 13r3 15 14 aurora area wi-fi,https://www.youtube.com/watch?v=6xf0DyM2uK4
2022-08-01,alienware x14,18,Not short,nowy alienware x14,https://www.youtube.com/watch?v=7ksHBP-ubhc
2022-07-31,alienware x14,29,Not short,alienware外星人x14 超薄游戏本或许才是未来,https://www.youtube.com/watch?v=sSat2m6LdXw
2022-07-30,alienware,136858,Not short,i bought a $120 alienware laptop... big mistake?,https://www.youtube.com/watch?v=EJ-fmIKVU5k
2022-07-28,alienware x14,175,short,alienware x14 - the beast is here 🔥 #muditastore #buyfrommudita #alienware,https://www.youtube.com/shorts/36En6yHQAas
2022-07-27,alienware x14,285,Not short,alienware x14 unboxing,https://www.youtube.com/watch?v=-8tpeKJ6Mc8
2022-07-26,No model name,91,Not short,top 5   best gaming laptop 2022,https://www.youtube.com/watch?v=B0ITzQiXoUk
2022-07-25,alienware x14,18,Not short,dell alienware x14 gaming laptop.#shorts,https://www.youtube.com/watch?v=l1asP2R3iow
2022-07-24,alienware x14,130,short,"dell storedell alienware x14 gaming laptop, intel i7-12700h, 14 “(35.5cm) fhd",https://www.youtube.com/shorts/xqJGuGCaNBs
2022-07-23,alienware m15 r7,104,Not short,fix alienware laptop mouse touchpad not working (m17 r5 x17 m15 r7 x15 r2 x14 gaming trackpad stop),https://www.youtube.com/watch?v=775NPH_z1QQ
2022-07-23,alienware m15 r7,147,Not short,unboxing dell alienware x14 gaming laptop - bashir ahmed,https://www.youtube.com/watch?v=lJIQamkEmr0
2022-07-22,alienware x14,59153,Not short,better than desktop ? | alienware x14 unboxing | #rtxon,https://www.youtube.com/watch?v=IvsdXHPXnIs
2022-07-21,alienware x14,136,short,alienware x14  with rgb light #dogrun28,https://www.youtube.com/shorts/1Uis3hIsEMU
2022-07-21,alienware x14,112,short,alienware x14 #dogrun28,https://www.youtube.com/shorts/5VvfvWwv3tc
2022-07-21,alienware,2150,Not short,top 10 most craziest & insane laptops ever built,https://www.youtube.com/watch?v=XLAQ7zARZzo
2022-07-20,alienware,18,Not short,نقد بررسی لپتاپ گیمینگ dell alienware m14 r4,https://www.youtube.com/watch?v=j3MSU8M8AWE
2022-07-19,alienware x14,103929,Not short,alienware x14 review - i love this thing 👽,https://www.youtube.com/watch?v=ld521cq7LdU
2022-07-18,alienware m15 r7,406,Not short,alienware m15 r7 (2022) review,https://www.youtube.com/watch?v=XnxnWRorCQo
2022-07-16,alienware x14,113,Not short,alienware x14 unboxing,https://www.youtube.com/watch?v=8UvrPjpxkkw
2022-07-15,No model name,102,Not short,top 10 best gaming laptops [2022],https://www.youtube.com/watch?v=Mefb9TGCJ3M
2022-07-14,alienware x14,20231,Not short,best laptops for gaming and school (2022): true work-and-play machines,https://www.youtube.com/watch?v=qV3RO-9V6Go
2022-07-13,No model name,15,Not short,top 7 best small gaming laptop in 2022,https://www.youtube.com/watch?v=95TkBkw8T_A
2022-07-10,alienware x14,25,Not short,alienware x14 gaming laptop,https://www.youtube.com/watch?v=gX-CE5t90aw
2022-07-09,alienware x14,63,short,dell alienware x14 2022 12th gen india launch on amazon.,https://www.youtube.com/shorts/cmHnnGvgEms
2022-07-09,alienware,651051,Not short,razer vs alienware gaming laptops,https://www.youtube.com/watch?v=OsQymqWRu6Y
2022-07-08,alienware x14,120,Not short,"alienware x14: extremely flexible, quite potent, mini laptop in 2022",https://www.youtube.com/watch?v=QCevNG0vAUk
2022-07-07,alienware,65,Not short,alienware m14x upgrade,https://www.youtube.com/watch?v=xoLX4uEx9x0
2022-07-05,alienware x14,93,Not short,alienware x14 gaming laptop 12th gen intel® core,https://www.youtube.com/watch?v=1N5ZuICWdxY
2022-07-04,alienware x14,487,Not short,alienware x14 購入！図書館でクリエイター作業！ゲーミングノートパソコン！,https://www.youtube.com/watch?v=4cGLjm40lr4
2022-07-01,alienware x14,15227,Not short,a day in the life with the alienware x14!,https://www.youtube.com/watch?v=uFaUFxp-NhU
2022-06-30,alienware x14,84,Not short,asus zenbook 14x oled ux5401 vs alienware x14 2022,https://www.youtube.com/watch?v=SAvwfddrslo
2022-06-30,alienware x14,116,Not short,acer nitro 5-an515-58 vs alienware x14 | budget gaming laptops,https://www.youtube.com/watch?v=sVrZN3flBfY
2022-06-29,alienware x14,943,Not short,alienware laptop factory reset windows m15 x17 area 51m x14 x15 m17 r2 13r3 m17 15 14 system restore,https://www.youtube.com/watch?v=z71fZcx-fGY
2022-06-29,alienware x14,401,Not short,alienware x14 r1 review: maybe your next super-slim gaming laptop | biba laptops,https://www.youtube.com/watch?v=3mh8FLCgWPk
2022-06-29,alienware,1456,Not short,[2021-2022] alienware外星人系列笔记本电脑回顾  | 笔吧评测室,https://www.youtube.com/watch?v=dqNUdEhO_nQ
2022-06-27,alienware x14,371,Not short,alienware x14 沉浸式开箱,https://www.youtube.com/watch?v=H1tRIM3rWy0
2022-06-23,alienware x14,542,Not short,alienware x14 (2022) review | thinnest gaming laptop ever!,https://www.youtube.com/watch?v=mtqN94lalI8
2022-06-20,alienware,2298,short,nos #alienware m14x #gaming #laptop from 11 years ago!,https://www.youtube.com/shorts/ZWCR-JuVSIs
2022-06-20,alienware x14,7266,Not short,alienware x14r1评测：“真的假的” 这可能是今年最薄游戏本？| 笔吧评测室,https://www.youtube.com/watch?v=cGEMwPXTTHE
2022-06-15,alienware x14,146,Not short,2022 alienware x14 обзор нового самого тонкого в мире геймерского ноутбука с батареей 80 вт/ч,https://www.youtube.com/watch?v=T7brh5TvLZc
2022-06-11,alienware x14,6542,Not short,alienwarex14レビュー14型で最高クラスのパフォーマンスを発揮可能なゲーミングノートpc,https://www.youtube.com/watch?v=lTXxNucVSCU
2022-06-10,alienware x14,544,Not short,alienware x14 2022 vs apple macbook pro 14 inch 2021,https://www.youtube.com/watch?v=6Hmkeew1jwM
2022-06-07,alienware m15 r7,22739,Not short,「alienware m15 r7」なら最短ルートでミニマルにハイエンドゲームを楽しめちゃう！,https://www.youtube.com/watch?v=tsCONoCYVIw
2022-06-06,alienware x14,952,Not short,alienware x14 full review | battery test | thin gaming laptop,https://www.youtube.com/watch?v=0_D06rttqks
2022-06-03,alienware x14,2158,Not short,dell alienware x14 (2022) | overview,https://www.youtube.com/watch?v=PJPaY3qGT-I
2022-06-01,alienware x14,350,Not short,alienware x14 gaming laptop warzone cod multiplayer test,https://www.youtube.com/watch?v=PWBGEMMKQ1g
2022-05-28,alienware x14,891,Not short,alienware x14 gaming laptop overwatch multiplayer test,https://www.youtube.com/watch?v=b5nss4ojfYg
2022-05-27,alienware x14,351,Not short,alienware x14 gaming laptop halo infinite multiplayer test,https://www.youtube.com/watch?v=ZDyvyy2mf7o
2022-05-21,alienware,759,short,alienware m14x r3 turned into a large tablet (just the end result),https://www.youtube.com/shorts/XE5Jc_zjWpQ
2022-05-18,alienware x14,605,Not short,unboxing alienware x14 外星人笔记本开箱,https://www.youtube.com/watch?v=9CvymW1CXrQ
2022-05-17,alienware,395,Not short,dell alienware x 14 2022 details,https://www.youtube.com/watch?v=jArSYbOvGXU
2022-05-17,alienware,73920,Not short,esta alienware tiene todo mal y nadie sabia,https://www.youtube.com/watch?v=pg9ybf4yQyk
2022-05-17,No model name,1737,Not short,best dell new laptop 2022,https://www.youtube.com/watch?v=6HU6w0xHLJA
2022-05-13,alienware x14,262,Not short,alienware 14x đặt cấu hình từ website nhà sản xuất tại mỹ,https://www.youtube.com/watch?v=7YQQuAWSwlA
2022-05-11,alienware x14,1077101,Not short,unbox the alienware x14 | igyaan | dell | powered by intel​,https://www.youtube.com/watch?v=OH3FlSggkYg
2022-05-10,alienware x14,6209,Not short,【fun科技】14英寸的rtx3060笔记本凭什么卖2w？外星人x14 上手体验,https://www.youtube.com/watch?v=Gupc0fShB6I
2022-05-09,alienware x14,557,Not short,"unboxing an alienware x14 (14"" gaming laptop)",https://www.youtube.com/watch?v=HoLW44HstE0
2022-05-06,alienware,16,Not short,the end of an era - left for dead on the alienware m14x,https://www.youtube.com/watch?v=RFadxIelOIs
2022-05-03,alienware x14,1090,Not short,alienware x14!!!កំពូលឡេបថបរបស់ alienware,https://www.youtube.com/watch?v=QDJOQMh-gxU
2022-05-03,No model name,37570,Not short,top 5 - best gaming laptop (2022),https://www.youtube.com/watch?v=bg9FXH-dA6o
2022-04-28,alienware m15 r7,383,Not short,dell alienware x14 | m15 r7 best gaming laptop 2022 - price | specs | india | hindi,https://www.youtube.com/watch?v=9nrk-PIEtFY
2022-04-25,alienware x14,2061,Not short,"alienware x14 ที่สุดของ gaming จอ 14"" พรีเมียม สเปก i7-12700h + rtx 3060 เบาสุดๆ 1.84 โล",https://www.youtube.com/watch?v=qaFrpIyetPI
2022-04-24,alienware x14,4998,Not short,【splustech】alienware外星人x14 rtx3060评测：剑走偏锋，有始有终,https://www.youtube.com/watch?v=nxyPuEVFOY4
2022-04-23,alienware x14,1487,Not short,alienware x14: small wonder or big blunder? | the gadgets 360 show,https://www.youtube.com/watch?v=DwfALU5haVs
2022-04-23,alienware x14,2286,Not short,alienware x14: right balance of portability and power? | the gadgets 360 show,https://www.youtube.com/watch?v=pgy5lo2CHxk
2022-04-21,alienware x14,95,Not short,alienware announces x14 -- the world's thinnest gaming laptop,https://www.youtube.com/watch?v=QDAQpmuy_8Y
2022-04-20,alienware x14,734,Not short,dellの最新ゲーミングノートパソコン alienware x14が「薄すぎる！？」実機レビューのレビュー,https://www.youtube.com/watch?v=D-dmbTiymHc
2022-04-20,alienware x14,780,Not short,alienware x14 - product review,https://www.youtube.com/watch?v=k2mzIPNBGqE
2022-04-19,alienware m15 r7,15,Not short,"dell alienware m15 r7, x14 launched in india: price, specifications",https://www.youtube.com/watch?v=cTn079LMd5g
2022-04-19,alienware m15 r7,220,Not short,"best gaming laptops | alienware x14, alienware m15 r7 gaming laptops with 12th gen intel processors😀",https://www.youtube.com/watch?v=a1A6qka8chg
2022-04-19,alienware m15 r7,730,Not short,alienware x14 review (hindi) - the best gaming laptop ever 🔥 || alienware m15 r7 specs & price,https://www.youtube.com/watch?v=3r4F7UOf0Cw
2022-04-19,alienware x14,1804,Not short,new alienware x14,https://www.youtube.com/watch?v=RfIbtHHuAic
2022-04-18,alienware m15 r7,83,Not short,"alienware x14, alienware m15 r7 gaming laptops with 12th gen intel processors launched in india",https://www.youtube.com/watch?v=2wWRjs2QCvE
2022-04-17,alienware m15 r7,141649,Not short,the ultimate gaming laptop - alienware m15 r7 unboxing & first look🔥🔥🔥,https://www.youtube.com/watch?v=BbX1tEWB98A
2022-04-17,alienware x14,105724,Not short,best gaming laptop ? alienware x14,https://www.youtube.com/watch?v=pyc3Jik6qbo
2022-04-15,alienware x14,240,Not short,alienware x14：nvidia image scalingを使って「project cars 3」のリプレイを表示,https://www.youtube.com/watch?v=AWxWBUauFBk
2022-04-15,alienware x14,435,Not short,alienware x14のヒンジ「デュアル トルク エレメント」の動き,https://www.youtube.com/watch?v=2MKqNLtThFc
2022-04-08,alienware x14,49,Not short,alienware x14,https://www.youtube.com/watch?v=ye4GJwdwUO8
2022-04-08,alienware x14,3637,short,new alienware x14 gaming laptop 💻,https://www.youtube.com/shorts/LHtQxTicM-M
2022-04-07,alienware x14,124760,Not short,【apex】ゲーミングノートpcを手に入れたからいつでもゲームができるぜ！【本郷奏多の日常】,https://www.youtube.com/watch?v=wxni1BRM1bY
2022-04-06,alienware x14,1428,Not short,dell alienware x14 2022 gaming laptop review : the world's thinnest gaming laptop,https://www.youtube.com/watch?v=zWx3s7_SFAw
2022-04-06,alienware,246,Not short,"alienware m14x r2 clean up, thermal paste & pads. full disassembly. windows 10 & drivers install.",https://www.youtube.com/watch?v=5a4mz9mY1_o
2022-04-04,alienware x14,4594,Not short,alienware x14 consumer review - pleasantly surprising!!,https://www.youtube.com/watch?v=me6NMwzd41s
2022-04-04,alienware x14,15,Not short,alienware x14 | product highlights,https://www.youtube.com/watch?v=VL7PIoCM0UQ
2022-04-04,alienware x14,11270,Not short,alienware x14 | product highlights,https://www.youtube.com/watch?v=YmO81K93ZBM
2022-04-01,alienware m15 r7,37866,Not short,is this the affordable alienware? 😂,https://www.youtube.com/watch?v=QBXqXW6Dj18
2022-03-31,alienware x14,3160,Not short,【白tv】14.5mm！可能是最薄的“游戏本”——外星人 alienware x14,https://www.youtube.com/watch?v=yFuZexrwkRk
2022-03-30,alienware x14,5244,Not short,alienware x14 unboxing and initial impressions......bruh!!!!,https://www.youtube.com/watch?v=l6MVdtYTbfU
2022-03-30,alienware x15 r2,17,Not short,"dell alienware x15 r2 & x17 r2, honor magicbook x14 & x15, samsung galaxy a13 & a23, realme techlife",https://www.youtube.com/watch?v=u6Rh7Bo_k-A
2022-03-29,alienware x14,984,Not short,asus rog zephyrus g14 2022 vs alienware x14 2022,https://www.youtube.com/watch?v=AoW2_ruLjx4
2022-03-25,alienware x14,169,Not short,world's thinnest gaming laptop alienware x14,https://www.youtube.com/watch?v=7iRfAmygNI4
2022-03-25,alienware x14,1940,Not short,alienware x14 実機レビュー　その2　ベンチマークとpd充電器でのパフォーマンス編,https://www.youtube.com/watch?v=hs4xvrrZrcg
2022-03-24,alienware x14,1224,Not short,alienwarex14 実機レビュー　その1,https://www.youtube.com/watch?v=TPuVvc1Aw_0
2022-03-24,alienware x14,20953,Not short,new alienware x14 (2022) review and unboxing - ultra slim gaming laptop,https://www.youtube.com/watch?v=Lo4IyHpO0-Y
2022-03-23,alienware x14,20038,Not short,alienware x14 review - the tiny alien!,https://www.youtube.com/watch?v=Y5v_reMDBJ0
2022-03-19,alienware x14,9978,Not short,【4k】有史以来最薄外星人！二斤轻松一手拎，这样的alienware你中意吗？（cc字幕）,https://www.youtube.com/watch?v=BRBaPrIXnWE
2022-03-18,alienware x14,1232,Not short,"alienware x14 | world's thinnest 14"" gaming laptop",https://www.youtube.com/watch?v=HF4aJ91LTCw
2022-03-17,alienware x14,2231,Not short,外星人x14，x15，x17哪个值得买？,https://www.youtube.com/watch?v=Zw7Rp8VW-zY
2022-03-17,alienware x14,1513,Not short,alienware x14 gaming laptop: a true alien in our world!!!,https://www.youtube.com/watch?v=IyZ6t2E7LT4
2022-03-14,alienware x14,13033,Not short,外星人x14，久违的惊艳感，大家猜这是一款轻薄本还是游戏本？,https://www.youtube.com/watch?v=H00vRhkP8uU
2022-03-12,alienware x14,7763,Not short,2022 rog zephyrus g14 vs alienware x14 vs razer blade 14 is now very complicated !!!,https://www.youtube.com/watch?v=3VDvKtrjcBo
2022-03-11,alienware x14,252,short,alienware x14 unboxing + mini review,https://www.youtube.com/shorts/nvWKlfLi538
2022-03-11,No model name,209509,Not short,the new asus zephyrus g14 is way better!,https://www.youtube.com/watch?v=5pYZBefPfDM
2022-03-09,alienware x14,4839,Not short,alienware x14 2022 review - dell's budget gaming laptop?,https://www.youtube.com/watch?v=Dsd7r2pcrDk
2022-03-09,alienware x15 r2,2744,Not short,"alienware x14 (2022) vs rog zephyrus g14 ga402 (2022) | 14"" laptops.",https://www.youtube.com/watch?v=oR-aIMlKn_g
