post date,model,views,video type,title,link
2022-08-05,alienware aurora r13,125,Not short,dell alienware aurora r10/r11/r12/r13/r14 nvidia rtx 3080 gpu vram temperature fix no thermal pads,https://www.youtube.com/watch?v=sDPoJP_KEEI
2022-08-05,alienware aurora r13,442,Not short,did it improve? || alienware aurora r13 review,https://www.youtube.com/watch?v=x8hFd1IPFT0
2022-08-02,alienware aurora r13,374,Not short,alienware aurora r13 - asmr unboxing,https://www.youtube.com/watch?v=V6G2O1FCFzM
2022-07-28,alienware aurora r13,382,Not short,alienware aurora r13 review - 2022,https://www.youtube.com/watch?v=aOV5peKkXzE
2022-07-28,alienware aurora r13,98,Not short,alienware aurora r13,https://www.youtube.com/watch?v=mdx_TYs1FOU
2022-07-26,alienware aurora r13,26,Not short,alienware aurora r13 gaming desktop,https://www.youtube.com/watch?v=N4O3Ir0kY9c
2022-07-24,alienware aurora r13,42,Not short,dell gaming alienware aurora 13,https://www.youtube.com/watch?v=XuP-qJS3TZk
2022-07-23,alienware aurora r13,13,Not short,alienware aurora r13 gaming desktop,https://www.youtube.com/watch?v=dacvRtYM9Po
2022-07-22,alienware aurora r13,88,Not short,this is how loud your alienware aurora r13 can get,https://www.youtube.com/watch?v=kc1EFD8OpMk
2022-07-12,alienware aurora r13,2723,Not short,a pc gaming beast! - alienware aurora r13 & dell s2721dgf monitor reviews! - electric playground,https://www.youtube.com/watch?v=dqOhzzPDta8
2022-07-11,alienware aurora r13,1696,Not short,dell alienware aurora r13 - look into dell's flagship 2022 gaming desktop computer,https://www.youtube.com/watch?v=f7_CkUJ3GGY
2022-07-06,alienware,54,short,alienware defy boundaries 2.0 - teaser,https://www.youtube.com/shorts/XdDg8BJeYx0
2022-07-04,alienware aurora r13,417,Not short,alienware aurora r13 gaming desktop unboxing,https://www.youtube.com/watch?v=b5aLnneUk7w
2022-06-25,alienware aurora r13,82,Not short,test alienware aurora r13 | rtx 3070 ti 8gb + i9-12900kf in gta 5,https://www.youtube.com/watch?v=cxhiUBwfxBM
2022-06-21,alienware aurora r13,362,Not short,"alienware aurora r14 liquid cooled gaming desktop - amd ryzen 9 5900, 32gb 3466mhz review",https://www.youtube.com/watch?v=LfgTS6JHLQw
2022-06-20,alienware aurora r13,2545,Not short,rtx 3070 ti 8gb + i5-12600kf | alienware aurora r13 | gta,https://www.youtube.com/watch?v=_jEVjtkFcxY
2022-06-19,alienware aurora r13,207,Not short,rtx 3070 ti 8gb + i5-12400f | alienware aurora r13 | gta,https://www.youtube.com/watch?v=kmjKEnQkaZs
2022-06-18,alienware aurora r13,904,Not short,rtx 3070 ti 8gb + i7-12700f | alienware aurora r13 | gta,https://www.youtube.com/watch?v=I0znwRag1iE
2022-06-17,alienware aurora r13,407,Not short,rtx 3070 ti 8gb + i7-12700kf | alienware aurora r13 | gta,https://www.youtube.com/watch?v=PCh_BJXHN3s
2022-06-16,alienware aurora r13,2041,Not short,rtx 3070 ti 8gb + i9-12900kf | alienware aurora r13 | gta,https://www.youtube.com/watch?v=cc9uHr323CI
2022-06-16,alienware aurora r13,175,Not short,dell alienware aurora r13 gaming desktop review,https://www.youtube.com/watch?v=m1SjWd6h-Zo
2022-06-13,alienware aurora r13,1087,Not short,【2022年6月10日】ngc『new alienware r13 開封』生放送,https://www.youtube.com/watch?v=aKdztQq2JGg
2022-06-09,alienware aurora,276,Not short,how to change rgb lighting on alienware aurora series,https://www.youtube.com/watch?v=H8yvmmFObsw
2022-06-09,No model name,30,Not short,top 5 best gaming computers of 2022,https://www.youtube.com/watch?v=0aNxuURXjUw
2022-06-07,alienware aurora r13,33,Not short,"alienware aurora r13 vs 10,000 tnt",https://www.youtube.com/watch?v=9sTG9PDlyjE
2022-06-05,alienware aurora r13,42,Not short,poppy playtime: chapter 1 [alienware aurora r13],https://www.youtube.com/watch?v=iHxiQS5uy0c
2022-06-03,alienware aurora r13,4129,Not short,"the dream gaming set up - alienware aurora r13 + qd-oled  alienware 34"" aw3423dw gaming monitor",https://www.youtube.com/watch?v=84_BsBwihjw
2022-06-01,alienware aurora r13,148,Not short,der neue dell alienware aurora r13 taugt er was?,https://www.youtube.com/watch?v=m7Bhg8pAcB8
2022-06-01,alienware aurora r13,95,Not short,der neue dell alienware aurora r13 taugt er was?,https://www.youtube.com/watch?v=GyH-8CQvwnA
2022-05-31,alienware aurora r13,260,short,alienware aurora r13 gaming desktop,https://www.youtube.com/shorts/kxGf8EMXzu4
2022-05-31,alienware aurora r13,37,Not short,alienware aurora r13 gaming desktop  overview,https://www.youtube.com/watch?v=LSsr7VSbCYM
2022-05-28,alienware aurora r13,106,Not short,alienware aurora r13,https://www.youtube.com/watch?v=ESbIQGnk0JU
2022-05-28,alienware aurora r13,70,Not short,assassins creed valhalla  dell alienware aurora r13 rtx 3090 core i9 ultra hd 4k video,https://www.youtube.com/watch?v=nFUQENxWs7Y
2022-05-25,alienware aurora r13,89,Not short,red dead redemption 2 dell alienware aurora r13 rtx 3090 core i9 ultra hd 4k video,https://www.youtube.com/watch?v=NjCIdDzGKNs
2022-05-25,alienware aurora r13,35256,Not short,mega abzocke bei dell alienware - 1200 euro aurora r13 test,https://www.youtube.com/watch?v=Rhkh0Y8-XLA
2022-05-24,alienware aurora r13,79,Not short,dell r13 aurora fan rattling noise,https://www.youtube.com/watch?v=oQ0ZmmJRnTA
2022-05-21,alienware aurora r13,545492,Not short,"""fixing"" the alienware r13 dumpster fire",https://www.youtube.com/watch?v=ZtnBr-v2ufs
2022-05-21,alienware aurora r13,239,short,aurora r13 awakens #aurora #alienware #sonya7iv #sonyalpha,https://www.youtube.com/shorts/ix28ja1ME1k
2022-05-21,alienware,175857,Not short,n’achetez pas de pc gamer alienware !,https://www.youtube.com/watch?v=ALqLhnBsElk
2022-05-17,alienware aurora,132059,Not short,【ロマン最高】値段は高いけど見た目が最高でカッコ良すぎるゲーミングpcシリーズ「alienware aurora」について解説します。,https://www.youtube.com/watch?v=rORJRjBRBD8
2022-05-17,alienware aurora r13,60,Not short,red dead redemption 2 dell alienware aurora r13 rtx 3090 core i9 ultra hd 4k video,https://www.youtube.com/watch?v=74v974bfjek
2022-05-14,alienware aurora r13,122,Not short,5 best prebuilt gaming pc 2022,https://www.youtube.com/watch?v=1OQFCOXLaV4
2022-05-13,alienware aurora r13,448,Not short,nuevo setup y nuevo equipo alienware aurora r13,https://www.youtube.com/watch?v=MWKlOhqCV90
2022-05-12,alienware aurora r13,503,Not short,alienware aurora r13すごくない？,https://www.youtube.com/watch?v=0J8K_ZSYVsI
2022-05-11,alienware aurora r13,92,short,actualizamos el núcleo del centro de operaciones — alienware aurora r13,https://www.youtube.com/shorts/Fsbt15FDWmY
2022-05-03,alienware aurora r13,68,short,best alienware aurora r13 gaming desktop #shorts #shortsvideo,https://www.youtube.com/shorts/6Gb8Z0DgA4U
2022-05-03,alienware,994,Not short,alienware gaming pcs are objectively bad,https://www.youtube.com/watch?v=JIeMQSsFuaQ
2022-05-01,alienware aurora r13,51,Not short,new alienware aurora r13 gaming desktop2022,https://www.youtube.com/watch?v=611F0Mw6QU4
2022-05-01,alienware aurora r13,871826,Not short,the worst pre-built we've ever reviewed: alienware r13 $5000 gaming pc benchmarks,https://www.youtube.com/watch?v=UnvxSkqJ8ic
2022-04-30,alienware aurora r13,21640,Not short,【4k】如何用官方一半的价钱，搞来一台顶配alienware r13？（cc字幕）,https://www.youtube.com/watch?v=J_OzxF_V6VE
2022-04-29,alienware,1319,Not short,alienware wireless 920h gaming headset unboxing,https://www.youtube.com/watch?v=1WUAQo75fsc
2022-04-28,alienware aurora r13,12,Not short,5 kills warzone ultra super wide screen and aurora r13 max resolution 🚀🎮🕹,https://www.youtube.com/watch?v=5e2Id5iWdiU
2022-04-27,alienware aurora r13,173,Not short,dell alienware aurora r13 i7-12700kf rtx 3060ti 8gb w11hsl,https://www.youtube.com/watch?v=-Fy5ez417xE
2022-04-26,alienware m15 r6,1289,Not short,dell alienware m15 r6 review  first time in pakistan |baba laptop| gaming beast!,https://www.youtube.com/watch?v=_Bjs-gAfz74
2022-04-25,alienware aurora r13,29,Not short,forza horizon 5 - alienware aurora r13 - logitech g923,https://www.youtube.com/watch?v=f_npFG878Fk
2022-04-25,alienware aurora r13,65,Not short,adult with adhd tries to do an unboxing video | alienware aurora r13 unboxing video (the sequel),https://www.youtube.com/watch?v=_LRBRYEZBK8
2022-04-24,alienware aurora r13,1298656,Not short,crazy bad $5000 alienware gaming pc: r13 aurora tear-down,https://www.youtube.com/watch?v=DY1dlVPzUVo
2022-04-23,alienware aurora r13,43,Not short,better videos coming soon!! [alienware aurora r13],https://www.youtube.com/watch?v=8oLVqyI7LGc
2022-04-22,alienware aurora r13,63,Not short,warzone in ultra wide screen with alienware aurora r13,https://www.youtube.com/watch?v=43-NqODYo2A
2022-04-14,alienware aurora r12,2175,Not short,new & improved? alienware aurora r12 3060 ti - i7 11700f - 1 tb ssd overview,https://www.youtube.com/watch?v=8BED_f-Q0gc
2022-04-12,alienware aurora r13,19315,Not short,四万块3080 ti主机居然用120水冷压i9 外星人r13只剩售后和信仰可吹了吗？,https://www.youtube.com/watch?v=gPxpTMbUEy0
2022-04-10,No model name,120649,Not short,the battlefield ea should have made... and it's free!,https://www.youtube.com/watch?v=OkvH3J773bY
2022-04-06,alienware aurora r13,24400,Not short,2022 hp omen 45l review - the coolest 12th gen i9 in the world?,https://www.youtube.com/watch?v=uhjyZAI3Kis
2022-04-06,alienware aurora r13,1835,Not short,unboxing | alienware aurora r13 - una computadora imponente,https://www.youtube.com/watch?v=5cZkQu4MYLI
2022-04-03,alienware aurora r13,1985,Not short,alienware aurora r13 || gaming pc || unboxing,https://www.youtube.com/watch?v=_lyIk_x7OOw
2022-03-31,alienware aurora r13,162693,Not short,nouveau pc vs fortine sans construction 🤯 (unboxing alienware aurora r13),https://www.youtube.com/watch?v=dNx6RJ1DOQE
2022-03-30,alienware aurora r13,3465,short,streaming tech refresh thx to alienware 🤯🙏🤓 #alienwarehive #shorts,https://www.youtube.com/shorts/7tFJpd5rPDA
2022-03-29,No model name,5760,Not short,"$8,000 for this!?",https://www.youtube.com/watch?v=WK-_1AwhB48
2022-03-24,alienware aurora r13,344,short,aurora r13 fain noise #shorts #alienware #r13,https://www.youtube.com/shorts/lizPyBIIjtA
2022-03-24,alienware aurora r13,1854,Not short,🤯more power than ps5 + xbox series x🤯 - alienware aurora r13 nvidia geforce rtx 3090 benchmark [4k],https://www.youtube.com/watch?v=XQEUwlRhhcM
2022-03-23,alienware aurora ryzen r14,4604,Not short,alienware aurora r14 update - issues!/is it fixed?/would i recommend?,https://www.youtube.com/watch?v=NIJQj08NG2M
2022-03-23,alienware aurora r13,26820,Not short,"alienware aurora r14 unboxing, setup, initial impressions (vs. r11)",https://www.youtube.com/watch?v=LIlfPULtLA0
2022-03-23,alienware aurora r13,7074,Not short,new gaming pc unboxing | alienware aurora r13,https://www.youtube.com/watch?v=N2NWmTBVjvo
2022-03-20,alienware aurora r13,2907,Not short,raw gaming power - alienware r13 desktop - jb hi-fi,https://www.youtube.com/watch?v=78-YqmVd7IM
2022-03-18,alienware aurora r13,3667,Not short,the newest alienware aurora r14 desktop!,https://www.youtube.com/watch?v=Zj8TA9cK54Q
2022-03-17,alienware aurora r13,780,Not short,"apple mac studio faster and cheaper than dell alienware r13! real prices, specs compared.",https://www.youtube.com/watch?v=aopoD7l9N6I
2022-03-17,alienware aurora r13,9060,Not short,"cancelled my alienware aurora r13, but got an r14-huge dell update",https://www.youtube.com/watch?v=TdccChCOtKI
2022-03-15,alienware aurora r13,966,Not short,"(hdd upgrade) aurora r10,r11, r12, r13, r14",https://www.youtube.com/watch?v=5WGDgs6b4cM
2022-03-14,alienware aurora r13,127,short,alienware r13 rgb upgrade part 4,https://www.youtube.com/shorts/S_Rcz_jkb6A
2022-03-14,alienware aurora r13,121,short,alienware r13 rgb upgrade part 3.,https://www.youtube.com/shorts/YVHW_BtrSxY
2022-03-12,alienware aurora r13,108,short,alienware r13 rgb upgrade part 2.        ezdiy-fab,https://www.youtube.com/shorts/0Iq1WUIMWB8
2022-03-08,alienware aurora r13,3094,Not short,"(ram upgrade) aurora r10,r11, r12, r13, r14",https://www.youtube.com/watch?v=jdtDWi1tK7k
2022-03-04,alienware aurora ryzen r14,8822,Not short,i’m returning my alienware aurora r14!!! 😩😩😩,https://www.youtube.com/watch?v=oOt07CBWnRg
2022-03-04,alienware aurora r13,420,Not short,alienware aurora r13 gaming desktop,https://www.youtube.com/watch?v=3LhpqbYcVCs
2022-03-04,alienware aurora r13,181,Not short,alienware featuring aurora r13 gaming desktop,https://www.youtube.com/watch?v=nRP1sTbi9G4
2022-03-03,alienware aurora r13,9276,Not short,alienware aurora r14 review - under full power - in 4k hdr,https://www.youtube.com/watch?v=nV9c1OrndLw
2022-03-01,alienware aurora r13,65,short,new alienware aurora r13,https://www.youtube.com/shorts/7aC6_aw63Ww
2022-02-28,alienware aurora r13,94,Not short,alienware aurora r13 // doom eternal // benchmark video // @2160p,https://www.youtube.com/watch?v=0rEbL86k-Io
2022-02-27,alienware aurora r13,175,Not short,alienware aurora r13 // forza horizon 5 // benchmark video // @2160p,https://www.youtube.com/watch?v=oJW_OPoBiUQ
2022-02-27,alienware aurora r13,862,Not short,alienware aurora r13 | unbox & look inside,https://www.youtube.com/watch?v=V5VsBvDcgmQ
2022-02-24,alienware aurora r13,1437,Not short,*alienwareaurora* first impression and upgrade of the r13,https://www.youtube.com/watch?v=WHHWoaC2fps
2022-02-23,alienware aurora r13,119,Not short,alienware r13 unboxing by zeff and dad,https://www.youtube.com/watch?v=-Knd1hU2HJM
2022-02-23,alienware aurora ryzen r14,3740,Not short,alienware aurora r14 ryzen edition unboxing,https://www.youtube.com/watch?v=zIWfP4_Jtlc
2022-02-23,alienware aurora r13,502,Not short,alienware aurora r13 - unboxing,https://www.youtube.com/watch?v=RWMsDgfkKkk
2022-02-22,alienware aurora r13,334,Not short,dell alienware aurora r13,https://www.youtube.com/watch?v=zQz0ouDCRxA
2022-02-18,alienware aurora,663,Not short,unboxing do not buy refurbished alienware aurora r10 ryzen 5900x 12core cpu rtx 3080 hashrate watch!,https://www.youtube.com/watch?v=oJNm1VVNK3c
2022-02-17,alienware aurora r13,381,short,dell aurora r13 power button error signal blinks *white *orange *orange.  how to remedy this issue?,https://www.youtube.com/shorts/88UtorZI0ns
2022-02-17,alienware aurora r13,1724,Not short,alienware aw3423dw qd oled uk prices + alienware aurora r13 desktop details,https://www.youtube.com/watch?v=zQC-eNDYF8Q
2022-02-16,alienware aurora r13,801,Not short,is this the most colorful alienware aurora r13 right now???,https://www.youtube.com/watch?v=D6RUwL1EgMU
2022-02-15,alienware aurora r13,1685,Not short,"(how to) open an aurora r10, r11, r12, r13 or r14 by alienware",https://www.youtube.com/watch?v=Vmpn5SQW5rE
2022-02-15,alienware aurora r13,978,Not short,"deutsch dell alienware aurora r13 i9 12900 rtx 3090 64gb unboxing, erste eindrücke lüfter upgrade",https://www.youtube.com/watch?v=Z1oMxca_opA
2022-02-11,alienware aurora r13,388,Not short,alienware aurora r13 crashed-fixed,https://www.youtube.com/watch?v=39q90uFndhU
2022-02-08,alienware aurora r13,522,Not short,alienware aurora r13  part two unboxing,https://www.youtube.com/watch?v=zM8bGGKKyu0
2022-02-08,alienware aurora r13,258,Not short,alienware aurora r13 part one unboxing,https://www.youtube.com/watch?v=6HqBjFfAT1Q
2022-02-08,alienware aurora r13,7967,Not short,creating content on the alienware aurora r13 & r14 | hands on impressions,https://www.youtube.com/watch?v=-y6_2_ZhcZ0
2022-02-08,alienware aurora r13,49598,Not short,que vaut le nouveau pc gamer d'alienware ? (aurora r13),https://www.youtube.com/watch?v=C4W0fFLppzU
2022-02-06,alienware x14,7343,Not short,alienware update-dell responded to my complaints/video,https://www.youtube.com/watch?v=AIOX0Ws2-FU
