post date,model,views,video type,title,link
2022-08-07,alienware m15 r6,14,Not short,alienware m15 r6 after repaste cold!!?? 😱😱😱,https://www.youtube.com/watch?v=6AeXgzjn8dg
2022-08-07,alienware,9,Not short,sarra update part ii | alienware | the mean bean,https://www.youtube.com/watch?v=E6PWvAXKZBs
2022-08-07,alienware m15 r6,14,Not short,repast alienware m15 r6 with kryonault extreme  !!!,https://www.youtube.com/watch?v=fxz_KoX3DwA
2022-08-07,alienware m17,3,short,notebook alienware m17x -r3 usado,https://www.youtube.com/shorts/xjn-hMoZLkI
2022-08-07,alienware m17,6,short,notebook alienware m17x r3 - usado,https://www.youtube.com/shorts/Yc3-oAC4ys8
2022-08-07,alienware,123,short,alienware resurrection soon,https://www.youtube.com/shorts/qs8qypEfUEk
2022-08-07,alienware x15 r2,6,Not short,forza horizon 5 | rtx 3080 ti | ultra graphics | alienware x15 r2,https://www.youtube.com/watch?v=Kjf4BPSwRaA
2022-08-07,alienware,2,Not short,tech2nique: alienware - teaser,https://www.youtube.com/watch?v=1Aux2CA5JJ8
2022-08-07,alienware,1,Not short,alienware r 12 recase into corsair case = no f1 errors,https://www.youtube.com/watch?v=jO2CHJ8x9WM
2022-08-07,alienware aurora r12,5,Not short,alienware aurora r12  armando probando y tomando !!!!,https://www.youtube.com/watch?v=TY-gYYrtU7M
2022-08-07,alienware,8,Not short,апгрейд видеокарты в ноутбуке alienware m18x r2 на nvidia quadro m4000m,https://www.youtube.com/watch?v=aSsW3KYygp0
2022-08-06,alienware,2,Not short,review alienware low-profile rgb gaming keyboard aw510k: alienfx per key rgb led - media contro...,https://www.youtube.com/watch?v=Gkxb6ftMSq4
2022-08-06,alienware,5,short,alienware 3080ti steal,https://www.youtube.com/shorts/-vus9OjFuLI
2022-08-06,alienware m17 r5 amd,43,Not short,alienware m17 r5 - amd's god gaming laptop 2022,https://www.youtube.com/watch?v=3fN_XdtVhKU
2022-08-06,alienware x17 r2,86,Not short,"unboxing. alienware area 51 r2 17"". opinia po roku- nie kupujcie tego g.wna! alienware x17 r2- swap.",https://www.youtube.com/watch?v=tiwW19ekaWg
2022-08-06,alienware x17 r2,510,short,👽 alienware x17 r2  [análise / review]   #shorts,https://www.youtube.com/shorts/AqO2yyZdmK4
2022-08-06,alienware,4,Not short,dell alienware 510k best gaming keyboard,https://www.youtube.com/watch?v=D03-p2o9zDk
2022-08-06,alienware,4,Not short,this rtx 3070 alienware portable computer with a 34% discount on the owners of dell offers this week,https://www.youtube.com/watch?v=52fscCeoLaw
2022-08-06,alienware x15 r2,4536,Not short,"alienware x15 r2 vs razer blade 15 2022 - which is the best 15"" gaming laptop?",https://www.youtube.com/watch?v=E1ay5_Aa0yk
2022-08-05,alienware aurora r13,127,Not short,dell alienware aurora r10/r11/r12/r13/r14 nvidia rtx 3080 gpu vram temperature fix no thermal pads,https://www.youtube.com/watch?v=sDPoJP_KEEI
2022-08-05,alienware,2,Not short,dell [ laptop ] alienware área 51 m  video promocional,https://www.youtube.com/watch?v=AI5mcXFL3yw
2022-08-05,alienware,42,Not short,alienware pc pokemon roblox & nintendo gift cards  e bike at jb hifi,https://www.youtube.com/watch?v=7w7ZLLClogw
2022-08-05,alienware m15,5867,Not short,alienware m15 la nueva super laptop  |  amd ryzen 6000™️,https://www.youtube.com/watch?v=WO-66_ErUi0
2022-08-05,alienware,81,Not short,optimización del ambiente alienware,https://www.youtube.com/watch?v=9xunM3cPUtg
2022-08-05,alienware,852,Not short,recebi um pc gamer da alienware de 10 anos atrás que não liga!,https://www.youtube.com/watch?v=7pDWqGzTIuk
2022-08-05,alienware m15 r7,122,Not short,dell alienware m15 r7 aw15-i1200-m10p - rtx3070ti - lançamento,https://www.youtube.com/watch?v=H2VvEdsCDnU
2022-08-05,alienware m15,234,Not short,alienware thermal and system design - transmission extract,https://www.youtube.com/watch?v=FyR5StZhLZQ
2022-08-05,alienware,67139,short,pc gamer da alienware de 10 anos atrás!!,https://www.youtube.com/shorts/V2YsQNisqaM
2022-08-05,alienware aurora r13,444,Not short,did it improve? || alienware aurora r13 review,https://www.youtube.com/watch?v=x8hFd1IPFT0
2022-08-05,alienware x14,22,Not short,alienware x14 (2022) review,https://www.youtube.com/watch?v=bhWUOB-kpiE
2022-08-05,alienware m15 r7,94,short,dell alienware m15 r7 aw15-i1200-m10p com rtx 3070ti core i7 12700h notebook gamer para jogos,https://www.youtube.com/shorts/jWDkKrYrul0
2022-08-05,alienware m15 r6,5,Not short,the alienware m15 r6 gaming laptop - the best gaming laptop,https://www.youtube.com/watch?v=m_KXq45paqQ
2022-08-05,alienware,1132,Not short,xps 13 plus gaming review + egpu & od-oled alienware aw3423dw gaming monitor,https://www.youtube.com/watch?v=EmLah6AnFlU
2022-08-05,alienware,8,short,my other gaming accessories#gaming #games #game #other #accessories #apple #alienware #oculus #new,https://www.youtube.com/shorts/iS6E07bMQrg
2022-08-05,alienware m17,3,Not short,alienware m17xr4 keyboard,https://www.youtube.com/watch?v=OS39w0aYMmc
2022-08-05,alienware m15 r7,17,Not short,alienware m15 r7 gaming laptop best vs worst user reviews,https://www.youtube.com/watch?v=w5z5E21vUEE
2022-08-04,alienware m15 r2,25499,Not short,அத்தையும் நானும் செய்தது|mrs.wealth tips|dell alienware aurora r11|dell alienware price in india,https://www.youtube.com/watch?v=oGtJ2JWGkD8
2022-08-04,alienware,106833,Not short,"be:first × alienware / ""scream"" short movie",https://www.youtube.com/watch?v=lDxtI_PYhiQ
2022-08-04,alienware,145,Not short,【alienware m11 xr2】分解・整備の作業手順を全て公開！　注意すべき点や、気づいたことなど！　ノートpcの分解にチャレンジしてみようと思っている人の、参考になれば。,https://www.youtube.com/watch?v=9RU7kp8KU_4
2022-08-04,alienware aurora ryzen r14,22,Not short,"alienware aurora r14 liquid cooled gaming desktop & 27 gaming monitor - aw2721d - 240hz, 27 inch qhd",https://www.youtube.com/watch?v=3gPzHGWr6Pg
2022-08-04,alienware m15 r7,309,Not short,"how to change' display 17.3"" alienware gaming laptop | tamil | vels tv/9842183605",https://www.youtube.com/watch?v=WqkwufR5hSY
2022-08-04,alienware m15 r6,71,short,body of dell alienware m15 r6,https://www.youtube.com/shorts/BEzQcaI-pKU
2022-08-04,alienware,42490,Not short,dell alienware r7 repair attempt gone bad - damaged 40pin connector with ripped pads. is it fixable?,https://www.youtube.com/watch?v=yHIP1fUz5H4
2022-08-03,alienware m15 r7,20431,Not short,o novo alienware m15 r7 da dell: 12700h + rtx 3070ti,https://www.youtube.com/watch?v=V-XcHjdd0ik
2022-08-03,alienware,97,short,"monitor dell aw2721d 27"" 👽 alienware gamer [análise / review]  #shorts",https://www.youtube.com/shorts/7ZyVeHAyPHY
2022-08-03,alienware aurora r12,1770,short,dell alienware aurora r12 po wymianie 3 kości ram wreszcie działa,https://www.youtube.com/shorts/uHOKJ1tyu4Q
2022-08-03,alienware x17 r2,635,Not short,review v2 [updated benchmarks] | alienware x17 r2 | i9-12900hk | rtx 3080ti,https://www.youtube.com/watch?v=lX5ips1E5Ok
2022-08-03,alienware m15 r7,481,short,alienware m15 r7 fan noise,https://www.youtube.com/shorts/CJIjpzcVobU
2022-08-02,alienware,1317,short,mouse gamer 👽 alienware aw510m  [análise / review] #shorts,https://www.youtube.com/shorts/DRFzQ90OqAA
2022-08-02,alienware m15 r7,205,short,👽 alienware m15 r7 [análise / review] #shorts,https://www.youtube.com/shorts/OzYaHceBGJA
2022-08-02,alienware,132,Not short,jontron's alienware pc,https://www.youtube.com/watch?v=pkHijC7poKQ
2022-08-02,alienware aurora r13,374,Not short,alienware aurora r13 - asmr unboxing,https://www.youtube.com/watch?v=V6G2O1FCFzM
2022-08-01,alienware,12928,short,reparación de tarjeta madre laptop gamer alienware que le habían hecho anteriormente un mal trabajo,https://www.youtube.com/shorts/RVpJQ8-nouE
2022-08-01,alienware aurora ryzen r14,228,short,alienware aurora r14 showcase,https://www.youtube.com/shorts/iZi_apU4R80
2022-08-01,alienware,268,Not short,aw3423dw qd oled remix hdr on mode,https://www.youtube.com/watch?v=OZD6ImZMuhM
2022-07-31,alienware,457,short,"alienware aw3423dw 34"" curved qd-oled gaming monitor",https://www.youtube.com/shorts/8tcCM0a6XzE
2022-07-31,alienware x17 r2,143,Not short,alienware x17 r2 👽 review latinoamérica,https://www.youtube.com/watch?v=6rQyRSPOjDs
2022-07-31,alienware,3550,Not short,el mejor monitor del mundo? dell alienware aw3423dw el primer monitor qd-oled,https://www.youtube.com/watch?v=Ncoua_SEQeQ
2022-07-31,alienware m17 r5 amd,242,Not short,alienware m17 r5 unboxing und erste eindrücke - amd's god gaming laptop 2022,https://www.youtube.com/watch?v=Y3YobewCsTs
2022-07-31,alienware,1286,Not short,dell coupon 10% off - dell alienware discount | dell in discount code | dell laptop discount,https://www.youtube.com/watch?v=ey-PLDhWgmQ
2022-07-30,alienware m15 r3,7446,Not short,alienware environment optimization,https://www.youtube.com/watch?v=S_vPV14Cxkk
2022-07-30,alienware m15 r7,52,Not short,"alienware m15 r7 amd 15.6"" gaming laptop review 2022",https://www.youtube.com/watch?v=lnhlDQS1WJU
2022-07-30,alienware,136975,Not short,i bought a $120 alienware laptop... big mistake?,https://www.youtube.com/watch?v=EJ-fmIKVU5k
2022-07-30,alienware x17 r2,4771,Not short,alienware x17 r2 upgrading ssd and ram,https://www.youtube.com/watch?v=h-WkKLqwSH0
2022-07-30,alienware m17,9,Not short,lets talk - alienware m17 r5 - world's most powerful 17 inch amd advantage laptop,https://www.youtube.com/watch?v=AHcUMgXYcjM
2022-07-28,alienware x17 r2,1493,Not short,alienware x17 r2 - review completo e minha opinião!,https://www.youtube.com/watch?v=u-JEzE0_BjA
2022-07-27,alienware m17,4436,Not short,alienware m17 r5 - world's most powerful 17-inch amd advantage laptop | alienware declassified,https://www.youtube.com/watch?v=7sneWqJUTOc
2022-07-27,alienware,14474,Not short,dell alienware aw3423dw review - the first qd-oled monitor on the market,https://www.youtube.com/watch?v=vs2V4z-UJCo
2022-07-27,alienware m15 r7,1335203,Not short,alienware m15 r7 supreme gaming experience | 8bit thug | powered by intel,https://www.youtube.com/watch?v=IFY-_0ZC3ZQ
2022-07-23,alienware,1820,Not short,(2022) unboxing lazada alienware backpack,https://www.youtube.com/watch?v=Gns3CEKIKTk
2022-07-23,alienware m17,42262,Not short,gewinne den krassesten alienware gaming laptop!!,https://www.youtube.com/watch?v=AvrxLJsbl98
2022-07-22,alienware x14,59153,Not short,better than desktop ? | alienware x14 unboxing | #rtxon,https://www.youtube.com/watch?v=IvsdXHPXnIs
2022-07-21,alienware x17 r2,2644,Not short,alienware x17 r2 - comprei um dos notebooks mais caros da dell  unboxing !,https://www.youtube.com/watch?v=WgIcYr6Y77k
2022-07-20,alienware x17,1795,short,worlds first 480hz gaming laptop from alienware!,https://www.youtube.com/shorts/iPbk1N-4BrU
2022-07-19,alienware m17 r5 amd,14735,Not short,alienware m17 r5 review! - the best amd cpu?,https://www.youtube.com/watch?v=QLPR6PlJlZ0
2022-07-19,alienware m17,21,Not short,let's talk - alienware first look m17 r5,https://www.youtube.com/watch?v=ib5GlHGHWI8
2022-07-19,alienware m17,9692,Not short,the all amd alienware laptop - insane performance! -- m17 r5 review,https://www.youtube.com/watch?v=7tsqtjtjeEU
2022-07-19,alienware m17,5824,Not short,"joint innovation: developing the alienware m17 r5, amd advantage™ edition laptop",https://www.youtube.com/watch?v=K4wsf72W_es
2022-07-19,alienware x14,103936,Not short,alienware x14 review - i love this thing 👽,https://www.youtube.com/watch?v=ld521cq7LdU
2022-07-19,alienware m17,6088,Not short,alienware m17 r5 | first look,https://www.youtube.com/watch?v=ryLn0P-I6Z8
2022-07-19,alienware m17 r5 amd,4746,Not short,alienware m17 r5 amd advantage gaming laptop! full in depth review,https://www.youtube.com/watch?v=IE-6XkzMq2k
2022-07-19,alienware m17,811738,Not short,amd's god tier gaming laptop,https://www.youtube.com/watch?v=GK6WCUnhUg0
2022-07-18,alienware m15 r6,10327,Not short,o alienware m15 r6 é melhor que o helios 300? conferindo um notebook alienígena!,https://www.youtube.com/watch?v=Leq5qXSQ15M
2022-07-15,alienware,5797,Not short,"alienware gaming tips - increase fps, change video settings",https://www.youtube.com/watch?v=_pL8au5h37c
2022-07-14,alienware x14,20242,Not short,best laptops for gaming and school (2022): true work-and-play machines,https://www.youtube.com/watch?v=qV3RO-9V6Go
2022-07-13,alienware,172,Not short,alienware gaming laptop intel core i7 8th gen 16 gb ram   gaming laptop #munna vlogs,https://www.youtube.com/watch?v=LT8O-7OQCOs
2022-07-12,alienware aurora r13,2723,Not short,a pc gaming beast! - alienware aurora r13 & dell s2721dgf monitor reviews! - electric playground,https://www.youtube.com/watch?v=dqOhzzPDta8
2022-07-11,alienware aurora r13,1696,Not short,dell alienware aurora r13 - look into dell's flagship 2022 gaming desktop computer,https://www.youtube.com/watch?v=f7_CkUJ3GGY
2022-07-09,alienware,651137,Not short,razer vs alienware gaming laptops,https://www.youtube.com/watch?v=OsQymqWRu6Y
2022-07-07,alienware m15 r7,1305,Not short,análisis: alienware m15 r7 (core i7-12700h y rtx 3050 ti),https://www.youtube.com/watch?v=khRbb_AWcJE
2022-07-06,alienware,1296,Not short,dell alienware horizon utility backpack aw523p - best laptop backpack to carry lots,https://www.youtube.com/watch?v=G5BP-tE2JUk
2022-07-05,alienware x17 r2,9837,Not short,"alienware x17 r2 vs msi ge76 - 17"" gaming laptop of 2022?",https://www.youtube.com/watch?v=RChy_H3RFS4
2022-07-02,alienware m15 r3,149,Not short,dell alienware m15 r3 damaged hinge repair,https://www.youtube.com/watch?v=V_xX2nwhseA
2022-07-01,alienware x14,15227,Not short,a day in the life with the alienware x14!,https://www.youtube.com/watch?v=uFaUFxp-NhU
2022-06-30,alienware,22308,Not short,alienware aw3423dw qd-oled gaming ultrawide review,https://www.youtube.com/watch?v=9nK_3szYJ8Q
2022-06-26,alienware,10924,Not short,alienware aw3423dw qd-oled gaming ultrawide unboxing,https://www.youtube.com/watch?v=Dn147dwvKSY
2022-06-23,alienware m15,985641,Not short,unbox the alienware m15 | beebom | dell | powered by intel​,https://www.youtube.com/watch?v=rOCIsLQZROk
2022-06-22,alienware m17,5355,Not short,"alienware m17 r5 gaming -  10 games tested at 1080p, 1440p & 4k",https://www.youtube.com/watch?v=9v0WZeamZms
2022-06-21,alienware x17,811,Not short,alienware laptop review - gaming computer for designers & architects *honest review after 2 years*,https://www.youtube.com/watch?v=ZvsMOXt6TsA
2022-06-21,alienware,23562,Not short,"alienware 34"" qd-oled curved gaming monitor review",https://www.youtube.com/watch?v=eF8fInLc1Ec
2022-06-20,alienware,2298,short,nos #alienware m14x #gaming #laptop from 11 years ago!,https://www.youtube.com/shorts/ZWCR-JuVSIs
2022-06-20,alienware x14,7266,Not short,alienware x14r1评测：“真的假的” 这可能是今年最薄游戏本？| 笔吧评测室,https://www.youtube.com/watch?v=cGEMwPXTTHE
2022-06-17,alienware x15 r2,5830,Not short,you cant beat this gaming laptop - alienware x15 r2 in 4k hdr,https://www.youtube.com/watch?v=QIlQywW53kg
2022-06-15,alienware m17 r5 amd,97794,Not short,2022 alienware m17 r5 unboxing and first impressions + gameplay!,https://www.youtube.com/watch?v=_CYlJTx67-Y
