post date,model,views,video type,title,link
2022-08-04,alienware aurora ryzen r14,22,Not short,"alienware aurora r14 liquid cooled gaming desktop & 27 gaming monitor - aw2721d - 240hz, 27 inch qhd",https://www.youtube.com/watch?v=3gPzHGWr6Pg
2022-08-01,alienware aurora ryzen r14,228,short,alienware aurora r14 showcase,https://www.youtube.com/shorts/iZi_apU4R80
2022-07-29,alienware aurora ryzen r14,6,Not short,alienware aurora r14 vr ready gaming pc #gaming #gamingpc #shorts,https://www.youtube.com/watch?v=yxw3z3fyOj4
2022-07-18,alienware aurora ryzen r14,27,Not short,"alienware aurora r14 liquid cooling desktop - amd ryzen 9 5900, 32gb 3466mhz ram, 1tb sdd + 2tb hdd,",https://www.youtube.com/watch?v=jQhWQFqWYw4
2022-07-16,alienware aurora ryzen r14,69,short,gaming pc prebuild🔥 alienware aurora r14 ryzen 9 5900 ❤️ #shorts,https://www.youtube.com/shorts/2ShTU-nuf-0
2022-07-13,alienware aurora ryzen r14,22,Not short,【unboxing】开箱alienware r14 ryzen版，半价的外星人电脑！,https://www.youtube.com/watch?v=21re4pwTPe4
2022-07-09,alienware aurora ryzen r14,861,Not short,sky194: alienware r14 pc unboxing / new pc specs & current pc specs,https://www.youtube.com/watch?v=3nNPqN_C7WU
2022-07-09,alienware aurora ryzen r14,20,Not short,alienware aurora r14 liquid cooled gaming desktop.#mgfashiondress #gaming #pcgaming,https://www.youtube.com/watch?v=Sj1ayvpbYSk
2022-07-07,alienware aurora ryzen r14,81,Not short,mac studio￼ or alienware aurora r14,https://www.youtube.com/watch?v=LCtE0NBCDcc
2022-07-04,alienware aurora ryzen r14,8,Not short,"alienware aurora r14 liquid cooled gaming desktop - amd ryzen 9 5900, 32gb  geforce rtx 3080 10g",https://www.youtube.com/watch?v=D-6rTAt5T88
2022-06-22,alienware aurora ryzen r14,83,Not short,alienware aurora r14 liquid-cooled gaming desktop | amd ryzen 9 5900 | 32gb ram,https://www.youtube.com/watch?v=GXilsnH8MfE
2022-06-21,alienware aurora r13,362,Not short,"alienware aurora r14 liquid cooled gaming desktop - amd ryzen 9 5900, 32gb 3466mhz review",https://www.youtube.com/watch?v=LfgTS6JHLQw
2022-06-17,alienware aurora ryzen r14,10,Not short,alienware aurora ryzen™ edition r14 gaming desktop   product highlights,https://www.youtube.com/watch?v=i4tpKsEx-D8
2022-06-17,alienware aurora ryzen r14,906,Not short,alienware aurora r14 review,https://www.youtube.com/watch?v=GiwJHn5cObQ
2022-05-28,alienware aurora ryzen r14,64,Not short,[광고] dell alienware aurora r14 gaming computer,https://www.youtube.com/watch?v=K7V6K_zd4bY
2022-05-26,alienware aurora ryzen r14,5,Not short,alienware aurora r14 gaming desktop,https://www.youtube.com/watch?v=WKm7qYemrFY
2022-05-04,alienware aurora r13,1938,Not short,"giveaway winner, alienware's new r14 sucks, 28 new controllers",https://www.youtube.com/watch?v=qnh8Xom7CG0
2022-05-02,alienware aurora ryzen r14,34,Not short,rtx 3060 ti | the crew2  - 1080p - max settings! | alienware aurora r14 ryzen edition,https://www.youtube.com/watch?v=0c0iJ4dFBsQ
2022-04-30,alienware aurora ryzen r14,109,Not short,rtx 3060 ti | valorant - 1080p - max settings! | alienware aurora r14 ryzen edition,https://www.youtube.com/watch?v=Bp9CYh7qGIQ
2022-04-28,alienware aurora ryzen r14,62,Not short,rtx 3060 ti | forza horizon 5 - 1080p -  extreme settings! | alienware aurora r14 ryzen edition,https://www.youtube.com/watch?v=DDHjd5WaXg4
2022-04-27,alienware aurora ryzen r14,182,Not short,ryzen 7 5800x3d + rtx 3090 24gb | dell alienware aurora r14 | cod: warzone,https://www.youtube.com/watch?v=PRUPv6d3jrM
2022-04-26,alienware aurora ryzen r14,681,Not short,ryzen 7 5800x3d + rtx 3080 10gb | dell alienware aurora r14 | cod: warzone,https://www.youtube.com/watch?v=h1AQxG4ZJis
2022-04-26,alienware aurora ryzen r14,670,Not short,ryzen 7 5800x3d + rx 6900 xt 16gb | dell alienware aurora r14 | cod: warzone,https://www.youtube.com/watch?v=lE0otNIVEng
2022-04-26,alienware m15 r7,322,Not short,"alienware announce new ryzen aurora r14 gaming pc, m15 r7 & m17 r5 laptops!",https://www.youtube.com/watch?v=OWS0d1zUgMI
2022-04-25,alienware aurora ryzen r14,668,Not short,ryzen 7 5800x3d + rtx 3070 8gb | dell alienware aurora r14 | cod: warzone,https://www.youtube.com/watch?v=9IwjDC7Bmao
2022-04-25,alienware aurora ryzen r14,308,Not short,ryzen 7 5800x3d + rtx 3090 ti 24gb | dell alienware aurora r14 | cod: warzone,https://www.youtube.com/watch?v=IACxa-vSAWE
2022-04-24,alienware aurora ryzen r14,490,Not short,ryzen 7 5800x3d + rtx 3060 ti 8gb | dell alienware aurora r14 | cod: warzone,https://www.youtube.com/watch?v=vsrgJ6umNO0
2022-04-23,alienware aurora ryzen r14,537,Not short,ryzen 7 5800x3d + rtx 3070 ti 8gb | dell alienware aurora r14 | cod: warzone,https://www.youtube.com/watch?v=XXsCFG9-RZw
2022-04-22,alienware aurora ryzen r14,552,Not short,ryzen 7 5800x3d + rtx 3080 ti 12gb | alienware aurora r14 | cod: warzone,https://www.youtube.com/watch?v=LF-PNFB4dLE
2022-03-29,alienware aurora ryzen r14,99,Not short,alienware r14 ryzen editon on,https://www.youtube.com/watch?v=g_mWBY1ee0Q
2022-03-23,alienware aurora ryzen r14,4604,Not short,alienware aurora r14 update - issues!/is it fixed?/would i recommend?,https://www.youtube.com/watch?v=NIJQj08NG2M
2022-03-23,alienware aurora r13,26820,Not short,"alienware aurora r14 unboxing, setup, initial impressions (vs. r11)",https://www.youtube.com/watch?v=LIlfPULtLA0
2022-03-19,alienware aurora r13,86,Not short,alienware aurora r14 - one of the best pre-builds around!!!!💻⌨,https://www.youtube.com/watch?v=tRoq3nuHENs
2022-03-18,alienware aurora r13,3667,Not short,the newest alienware aurora r14 desktop!,https://www.youtube.com/watch?v=Zj8TA9cK54Q
2022-03-17,alienware aurora r13,9060,Not short,"cancelled my alienware aurora r13, but got an r14-huge dell update",https://www.youtube.com/watch?v=TdccChCOtKI
2022-03-15,alienware aurora r13,966,Not short,"(hdd upgrade) aurora r10,r11, r12, r13, r14",https://www.youtube.com/watch?v=5WGDgs6b4cM
2022-03-13,alienware aurora r13,300,Not short,diy alienware aurora r14 gaming desktop review,https://www.youtube.com/watch?v=OUz3Z33UMm4
2022-03-08,alienware aurora r13,3094,Not short,"(ram upgrade) aurora r10,r11, r12, r13, r14",https://www.youtube.com/watch?v=jdtDWi1tK7k
2022-03-04,alienware aurora ryzen r14,8823,Not short,i’m returning my alienware aurora r14!!! 😩😩😩,https://www.youtube.com/watch?v=oOt07CBWnRg
2022-03-03,alienware aurora r13,9276,Not short,alienware aurora r14 review - under full power - in 4k hdr,https://www.youtube.com/watch?v=nV9c1OrndLw
2022-02-23,alienware aurora ryzen r14,3740,Not short,alienware aurora r14 ryzen edition unboxing,https://www.youtube.com/watch?v=zIWfP4_Jtlc
2022-02-23,alienware aurora ryzen r14,1224,Not short,alienware aurora r14 ryzen edition quick tips #1 rgb lighting,https://www.youtube.com/watch?v=YzPTxhDu6DY
2022-02-23,alienware aurora ryzen r14,339,Not short,unboxing the alienware aurora r14,https://www.youtube.com/watch?v=LxGntXGKa50
2022-02-23,alienware aurora ryzen r14,44,short,alienware aurora r14 gaming desktop - amd ryzen 9 5900 #shorts,https://www.youtube.com/shorts/iD_aDLhYh8Q
2022-02-15,alienware aurora r13,1685,Not short,"(how to) open an aurora r10, r11, r12, r13 or r14 by alienware",https://www.youtube.com/watch?v=Vmpn5SQW5rE
2022-02-11,alienware aurora ryzen r14,10561,Not short,my honest alienware aurora ryzen r14 review,https://www.youtube.com/watch?v=l7u5zFLC6Jk
2022-02-08,alienware aurora r13,7967,Not short,creating content on the alienware aurora r13 & r14 | hands on impressions,https://www.youtube.com/watch?v=-y6_2_ZhcZ0
2022-02-05,alienware aurora ryzen r14,285,Not short,dylan buys an alienware aurora r14 without permisson and gets grounded,https://www.youtube.com/watch?v=tThuhPcPAUY
2022-01-30,alienware aurora ryzen r14,113,Not short,alienware aurora r14 gaming desktop,https://www.youtube.com/watch?v=25UZkxpgWkw
2022-01-21,alienware aurora r13,19411,Not short,the alienware r13 is better than the r14,https://www.youtube.com/watch?v=OGLTvArlH90
2022-01-21,alienware aurora r13,121,Not short,video editing on the alienware aurora r13 & r14 | hands on impressions,https://www.youtube.com/watch?v=8G75k1IcQSU
2022-01-21,alienware aurora r13,13411,Not short,video editing on the alienware aurora r13 & r14 | hands on impressions,https://www.youtube.com/watch?v=oPODUMaG5jI
2022-01-18,alienware aurora r13,18424,Not short,new alienware r13 and r14 are a huge update to the r9-12,https://www.youtube.com/watch?v=tSBus_fn_14
2022-01-18,alienware aurora ryzen r14,735,Not short,alienware aurora ryzen™ edition r14 ゲーミングデスクトップ,https://www.youtube.com/watch?v=RoQb4MFrR3U
2022-01-14,alienware aurora r13,16097,Not short,alienware aurora r13/r14 gpu repasting - fixing dell's mistakes!,https://www.youtube.com/watch?v=eDu7Sei_HHI
2022-01-09,alienware aurora r13,4221,Not short,which alienware pc is the best r10 vs r12 vs r13 vs r14,https://www.youtube.com/watch?v=zp4M7Y2TQks
2022-01-06,alienware aurora r13,12407,Not short,alienware aurora r13/r14 ssd upgrading - sabrent rocket gen 4 with heat sink!,https://www.youtube.com/watch?v=aNJZBUJhqzw
2022-01-04,alienware aurora r13,8324,Not short,alienware aurora r13/r14 - how to upgrade your hard drive,https://www.youtube.com/watch?v=acYg52YImLI
2022-01-02,alienware aurora r13,1654,Not short,ゲーミングpc 100超え　エイリアンウェア　r14　フルカスタム 　alienware　aurora　機材紹介　フォートナイトfps rtx3090の実力は？　最強ゲーミングpc　dell,https://www.youtube.com/watch?v=nARQ-SVsv3U
2022-01-01,alienware aurora r13,25291,Not short,alienware aurora r13/r14 fan upgrading - noise issue solved?,https://www.youtube.com/watch?v=xVExtnu1aqg
2021-12-30,alienware aurora r13,3846,Not short,델 에일리언웨어 aurora r14 amd 5900x 3080ti가 탑재된 필충만 블랙 그 자체데탑!!  이래도 안사??,https://www.youtube.com/watch?v=2ARqHAARVGA
2021-12-26,alienware aurora ryzen r14,81,Not short,alienware aurora ryzen™ edition r14 gaming desktop,https://www.youtube.com/watch?v=GwwSCc_Y0LA
2021-12-13,alienware aurora ryzen r14,1707,Not short,“new pc unboxing!!! alienware aurora r14 gaming pc”,https://www.youtube.com/watch?v=9p6W523Ncmw
2021-12-06,alienware aurora ryzen r14,54,Not short,alienware aurora ryzen™ edition r14,https://www.youtube.com/watch?v=xi64NwrGu0M
2021-12-04,alienware aurora r13,181495,Not short,alienware aurora r13 unboxing and first impressions + gameplay!,https://www.youtube.com/watch?v=11B5LgGkHSw
2021-12-04,alienware aurora r13,32020,Not short,alienware aurora r14 - one of the best pre-builds around!!!!,https://www.youtube.com/watch?v=GCHxT07CXIw
2021-12-02,alienware aurora ryzen r14,39,Not short,alienware aurora ryzen™ edition r14 gaming desktop,https://www.youtube.com/watch?v=Cmxag-LDV50
2021-12-01,alienware aurora ryzen r14,30102,Not short,alienware aurora ryzen™ edition r14 gaming desktop | product highlights,https://www.youtube.com/watch?v=0n0vNgbMcpk
2021-12-01,alienware aurora ryzen r14,2394,short,new alienware aurora r14,https://www.youtube.com/shorts/rg4HTQ64ZK0
2021-11-30,alienware aurora r13,68,Not short,alienware declassified | designing the new aurora r13 & r14,https://www.youtube.com/watch?v=TXjUqOIVP-A
2021-11-30,alienware aurora r13,13139,Not short,alienware declassified | designing the new aurora r13 & r14,https://www.youtube.com/watch?v=dwQrYTMpsg4
2021-11-29,alienware aurora ryzen r14,409,short,11/29/2021 the alienware aurora r14 is real and i’m the first one to upload lol,https://www.youtube.com/shorts/RRkK9ve2aVY
2021-11-24,alienware aurora r13,79311,Not short,alienware aurora r13 vs r14 - avoid this mistake,https://www.youtube.com/watch?v=cQdaHfn2-bk
2021-11-15,alienware aurora r13,13980,Not short,alienware pc buying tips + discount + fast shipping,https://www.youtube.com/watch?v=is7CewBHWTY
2021-11-02,alienware aurora,1213,short,alienware aurora ryzen™,https://www.youtube.com/shorts/Nd3O2taQQgk
2021-10-30,alienware aurora r13,922,Not short,alienware aurora r13 e r14 ryzen edition | novos pc gamer dell com intel de 12ª geração.,https://www.youtube.com/watch?v=DfK-dz0d82o
2021-10-28,alienware aurora r13,53775,Not short,alienware declassified | engineering the new aurora r13 & r14,https://www.youtube.com/watch?v=5FYM5oZbZ_o
2021-04-15,alienware aurora,4671,Not short,"alienware aurora ryzen edition - amd ryzen 5950x, nvidia rtx3090, rgb - unboxing",https://www.youtube.com/watch?v=9Xnm-EoTk44
2021-04-14,alienware aurora r13,11140,Not short,alienware aurora minecraft review! (gameplay + fps),https://www.youtube.com/watch?v=gAkTESLpQFk
2020-05-28,alienware aurora,1366129,Not short,even dell is going amd - alienware aurora ryzen edition r10 gaming pc,https://www.youtube.com/watch?v=NnsHhqAdOiM
