﻿counter,post date,model,source,kudos,replies,solved,title,content,link
1,2022-08-05,vostro 5620,vostro - dell.community,0,1,Not solved,vostro 5620 usb-c battery charger options,"what are my options for usb-c chargers for my vostro 5620? not sure what's safe to use, the laptop says 19.5v and 3.34a.i don't see one on dell.comi see some dell oem ones being sold on ebay.",https://www.dell.com/community/Vostro/Vostro-5620-USB-C-battery-charger-options/td-p/8246292/jump-to/first-unread-message
2,2022-07-25,vostro 7620,vostro - dell.community,0,1,Not solved,vostro 7620 and d6000 docking station - keyboard and mouse not working,"when i plugged the d6000 docking station into the usb or thunderbolt 4 port on my new vostro 7620 , the usb keyboard and mouse that are plugged into the docking station sometimes works for about 1 minute and then stops working.i unplugged the mouse and keyboard and then plug them back in, sometimes it works for about a minute, but then i get an error message the the usb device that was just connected is not recognized. the monitor that is plugged into the docking station works fine. to test the usb port on the docking station i plugged in a usb flash drive and it recognized the drive and i can read the files on the flash drive. all drivers are current as per the dell technician who remoted into my laptop and updated all drivers and bios. i got the docking station 3 -4 yrs ago when i was using my old dell inspiron 5521. when i plug the keyboard and mouse directly into the laptop, they work fine.the dell technician said my only alternative was to pay for a dell technician to look at my docking station since its past warranty. any suggestions?also, the docking station with the mouse, keyboard and monitor works fine with my old inspirion. ",https://www.dell.com/community/Vostro/Vostro-7620-and-D6000-docking-station-keyboard-and-mouse-not/td-p/8241056/jump-to/first-unread-message
3,2022-07-14,vostro 7620,vostro - dell.community,0,1,Not solved,vostro 7620 international keyboard,"vostro 7620 international keyboardhi. i have just received my vostro 7620 and i have been having an issue with the keyboard. my previous laptop (asusvivobook) had the option english united states-international keyboard, which allowed me to write in different languages without switching the keyboard language. however, i can't see this international option on my vostro 7620. and when i change the language (for example, from english to portuguese), the symbols shown on the keyboard are not the same as i type, which make things confusing. for example, to write é i have to switch the language to portuguese and type [ + e. my asusvivobook had more options of symbols per key.is there a way we can solve this problem?thank you.this is a windows issue isn't it?",https://www.dell.com/community/Vostro/Vostro-7620-international-keyboard/td-p/8235265/jump-to/first-unread-message
4,2022-07-12,vostro 5620,vostro - dell.community,0,9,Not solved,vostro 7620 ram,"hi. trying to upgrade my vostro 7620. anyone know what compatible 32gig ddr5 works in this laptop? crucial ct32g48c40s5 doesn't post on the laptop. took it out, post just fine. i wore an esd strap and properly grounded when removed the ram from the package and during install. i just bought that samsung m425r4ga3bb0-cqk from ebay for $150. no dice, doesn't post. i have a dell tech coming tomorrow with a new mobo. may be defective mobo.thanks for posting this info! definitely saved me from a headache. i believe i have a solution, samsung is one of the manufacturers for dells ram. from everything i have found this is oe equipment not branded dell.samsung m425r4ga3bb0-cqki was able to pick it up on e*ay for $150 but will not be able to try it until my laptop comes in august 1st!if you want a store front check out memory.net for snpr62cwc/32g or the above samsung number. i will update when tested. that’s too bad. ddr5 ram is much more particular about matching with other sticks. often combinations that should work do not. thanks for the suggestion. cleaned the contacts with compressed air and rubbing alcohol. no dice. the stick is firmly planted. doesn't post at all. only keyboard backlit is on, nothing else. once stick is removed, it post just fine.ddr5 ram seems more finnicky that earlier types. sometimes a seemingly-compatible stick won't play nicely with other ram.anyway, it's worth trying this:use a soft pencil eraser to clean all the contacts on the ram stick. moisten a microfibre cloth with 99% rubbing alcohol and use a credit card to slip the damp cloth into the ram slot to clean its contacts. after everything is dry, insert the new ram stick firmly, ensuring that it seats fully in the slot. then boot into bios to see if it's recognized.kingston website states this is compatible with the vostro 7620 --  kcp548sd8-32. received it today, doesn't post either. very frustrating.that's ddr4 ram. the vostro 7620 mobo uses ddr5. not compatible.in addition to what @ejn63 has posted, the 7620 ram configuration is a bit of a different beast. as per the specs here, 1 x 8gb ram module is integrated on the mb. there is one slot for ram and the ram is ddr5 4800. the ram module you posted should work unless there is a compatibility problem with the integrated 8gb module.just for comparison's sake the ram sold by dell and listed as compatible is here, but at a very premium price.crucial does not have a listing for the 7620, but they do for the 5620 (likely uses the same system board). ",https://www.dell.com/community/Vostro/Vostro-7620-ram/td-p/8233767/jump-to/first-unread-message
5,2022-07-12,vostro 7620,vostro - dell.community,0,0,Not solved,vostro 7620 keyboard remap,"hey guys, i want to remap the calculator and ce buttons to pageup and pagedown. how do i make this happen? thanks.",https://www.dell.com/community/Vostro/Vostro-7620-keyboard-remap/td-p/8233769/jump-to/first-unread-message
6,2022-06-24,vostro 5620,vostro - dell.community,0,0,Not solved,vostro 5620 bios update to 1.5.0 (or 1.4.1),"bios 1.4.1 was released on 6/15/22. as of 6/21/22, the portal shows a new bios version 1.5.0. clearly there was an issue with 1.4.1., but in the description for 1.5.0, dell only shows:""dell technologies recommends applying this update during your next scheduled update cycle. the update contains changes to maintain overall system health. it ensures that the system software remains current and compatible with other system modules (firmware, bios, drivers, and software) and may include other new features.""we appreciate that dell is actively patching issues, but their reticence, together with these vague descriptions do nothing to instill confidence in the process, and we're reluctant to install either bios update. i wonder how many customers had issues with 1.4.1, and what they were.1.4.1 is still shown as an ""other available version"", but our current bios (never having updated to 1.4.1) is no longer listed as an other available version (although it was when 1.4.1 was released). the 1.5.0 update indicates that reversion to our current version 1.0.3 is no longer possible after upgrading to 1.5.0, upping the ante even further.has anyone had experience with either 1.4.1 or 1.5.0?",https://www.dell.com/community/Vostro/Vostro-5620-BIOS-update-to-1-5-0-or-1-4-1/td-p/8223233/jump-to/first-unread-message
7,2022-06-21,vostro 3425,vostro - dell.community,0,2,Solved!,wake/power up vostro 3425 without power button,"i would like to use my vostro in closed position (with external monitor) and need an alternative way to start it, not with the power button. i tried to enable wake-on-lan, but there is not such an option in the bios (no power options at all). wake-on-wlan, wake-on-lan would be ideal but wake-on-mouse/keyboard would also do. or potentially an usb device with a power button. do you have any idea what might work?solved!go to solution.changed to sign-in options to sign in every time as i am away, and that does what i want. wake-up on mouse with requirement to log in. problem solvedfind your service tagif still under warranty, click the ""get help now"" icon on the right to start a live chat session. currently only available in the usa.thank you! we have received the required details. we will work towards a resolution. in the meantime, you may also receive assistance or suggestions from the community members.social media support#iwork4dellfind your service tagif still under warranty, click the ""get help now"" icon on the right to start a live chat session. currently only available in the usa.",https://www.dell.com/community/Vostro/Wake-power-up-Vostro-3425-without-power-button/td-p/8221519/jump-to/first-unread-message
8,2022-06-16,vostro 3425,vostro - dell.community,0,2,Solved!,vostro 3425 with usb-c dock: display not working,"vostro 3425 with usb-c dock: display not workingwe just purchased the vostro 3425 and docking station. but the external display does nothing.the dock seems to work fine, dell k20a001. keyboard and mouse work fine connected to the dock. but the display does nothing, the vostro does not find a connected display.tried other docks, hdmi and dvi cables, updated bios and all drivers, windows updates, several reboots. still no display found.any ideas?thanksrichard. solved!go to solution.thanks, i connected my external screen to the hdmi port. now i have power, hdmi, dock and usb cables all connected to my laptop, which rather makes a mockery of the dock as i have to unplug 4 cables to walk away from my desk. i'd rather have a desktop! that is a thunderbolt dock, and nothing in the manual for the vostro 3425 mentions it having a thunderbolt port.there's also no mention of support for usb-c alternate (displayport alt mode) in the system manual, so if your goal is video output in this system, you need to use a direct connection from the hdmi port to the monitor. ",https://www.dell.com/community/Vostro/Vostro-3425-with-USB-C-dock-display-not-working/td-p/8218923/jump-to/first-unread-message
9,2022-06-11,vostro 5620,vostro - dell.community,0,6,Not solved,vostro 5620 - how to maximize battery longevity?,"our vostro runs on a/c 99.9% of the time. should we periodically discharge the battery to maximize longevity? if so, at what threshold, and how often? googling churns up tons of conflicting advice. we've considered installing dell power manager (dpm) and setting it at ""primarily a/c"", but would prefer not to have yet another dell app constantly running in the background. we're also not confident dpm would do a better job vs. a disciplined discharge schedule (or never discharging at all).thanks @ejin63. fyi, from what i've read and been told (by dell cares) the system will not continue to charge when it reaches any pre-set threshold (e.g., 70%, 100%). we'll do as you suggest and use our vostro on battery at least monthly, run it down to ~ 50%, and recharge. best:never completely discharge the battery to power cutoff point,do not continuously charge the battery (set the system to charge the battery to about 70% and cut off charging),do use the system on battery normally once a month.the other way to prolong the life is to remove the battery from the system and store it in a cool place.  that's probably not practical, and since the battery will be in a hot system continuously, the above will be the best you can do to maximize the lifespan of the battery.  expect a couple of years out of it -- not more than that. @iee488 but i did! there was nothing i saw there that addressed my question - everything was about maximizing usage on a charge. what am i missing?!?thank you @ieee488, but i'm not looking to extend amount of time i can use the laptop on a charge. i'm trying find out how to maximize battery longevity (i.e., years) overall.you did not even bothered going to the link. sigh.thank you @ieee488, but i'm not looking to extend amount of time i can use the laptop on a charge. i'm trying find out how to maximize battery longevity (i.e., years) overall.https://www.dell.com/support/kbdoc/en-us/000123091/how-to-improve-the-performance-of-a-dell-laptop-b...",https://www.dell.com/community/Vostro/Vostro-5620-How-to-maximize-battery-longevity/td-p/8216661/jump-to/first-unread-message
10,2022-05-11,vostro 5620,vostro - dell.community,0,3,Not solved,vostro 5620 hyper-v support,"i am interested in buying a new vostro 5620 with core i7 1260p. one main use is running virtual test machines using hyper-v under windows 11.can you tell me:.) do i have to disable the efficiency cores to use hyper-v in windows 11?.) if yes does vostro 5620 have a bios option for this?noone any ideas?i dont have a service tag because i have not bought the device yet. otherwise i would not be asking this question we tried reaching you on a private message asking for the service tag number to ascertain the warranty but did not receive a response. please feel free to reply to the private message whenever you are available.social media support#iwork4dellfind your service tagif still under warranty, click the ""get help now"" icon on the right to start a live chat session. currently only available in the usa.",https://www.dell.com/community/Vostro/Vostro-5620-Hyper-V-support/td-p/8198518/jump-to/first-unread-message
11,2022-05-03,vostro 5620,vostro - dell.community,0,1,Not solved,dell vostro 5620,"hi,i want a laptop where i can install oracle virtualbox and create virtual machine.i am planning to buy dell vostro 5620(has windows 11 home single language)  but not sure if oracle virtualbox will work on it.please help.thank youyou'll need to consult oracle for the requirements -- with an i5 or i7 cpu and at least 16g ram, it should run up to a couple of virtual sessions reasonably well.  if you're going to be running multiple virtual machines, you may want to consider more capable hardware than this model. ",https://www.dell.com/community/Inspiron/Dell-Vostro-5620/m-p/8194074?search-action-id=619460505611&search-result-uid=8194074
