post date,model,views,video type,title,link
2022-08-07,dell g15 5511,7,Not short,xenoblade chronicles yuzu gameplay - dell g15 5511,https://www.youtube.com/watch?v=ZQxcN0S3QVE
2022-08-07,dell g15,11,short,dell g15 bios update just here the fan sound 🔥🔥,https://www.youtube.com/shorts/r85MMb3XVvo
2022-08-07,dell g15 5515,34,Not short,god of war no dell g15 5515,https://www.youtube.com/watch?v=l2uafQU0MsU
2022-08-07,dell g15,12,Not short,pubg pc gameplay 2022 | dell g15 amd ryzen 5 (5600h) | rtx 3050 | 16gb ram,https://www.youtube.com/watch?v=jOjf9bnCxt8
2022-08-07,dell g15 5510,4,Not short,dell g15 5510 ii 5510 dell i g15 5510 game performance  ii dell g15 pubg test ii pubg  test g15 5510,https://www.youtube.com/watch?v=61cZWvEHoDY
2022-08-06,dell g15,54,Not short,free fire live in gaming laptop dell g15 ryzen 5 5600h,https://www.youtube.com/watch?v=nYEoZK0Ynk0
2022-08-06,dell g15,751,Not short,بمناسبة نتيجة الثانوية العامة مراجعة لاب توب ديل review laptop dell 5511 i5 11400h rtx 3050,https://www.youtube.com/watch?v=kpeKIYFqeZU
2022-08-06,dell g15 5521,6,Not short,dell g15 5521 12900h 1070 ti 8 gb,https://www.youtube.com/watch?v=JofVeDv0Z2U
2022-08-06,dell g15,145,short,dell g15  i7 12th gen backlight,https://www.youtube.com/shorts/Yy_7rz6t_V8
2022-08-05,dell g15 5520,24,Not short,dell g15 5520 vs predator helios 300| battle of the mid gaming laptops,https://www.youtube.com/watch?v=PGkfOscfaZU
2022-08-05,dell g15,120,short,lançamento dell g15 2022,https://www.youtube.com/shorts/kPlExe1svXk
2022-08-05,dell g15,98,Not short,free fire live in gaming laptop dell g15 ryzen 5 5600h,https://www.youtube.com/watch?v=ODug-FrsHn0
2022-08-05,dell g16 7620,491,Not short,"dell g16 7620 is a 16 inch tank of a gaming laptop, but there’s two problems…",https://www.youtube.com/watch?v=OBa-wRVufwM
2022-08-05,dell g15,73,Not short,godfall - macros boss final # parte 19 # notebook dell g15 rtx3050,https://www.youtube.com/watch?v=2KkheyonlxM
2022-08-05,dell g15,28,short,free fire emote revenge in dell g15 gaming laptop #ffshorts #whitenitin1m,https://www.youtube.com/shorts/G0VrRqAsnOM
2022-08-05,dell g15,11,Not short,dell g15 laptop bios update,https://www.youtube.com/watch?v=im-vsXT5Ktk
2022-08-04,dell g15,0,Not short,multiverse pt1 dell g15 4k hdr,https://www.youtube.com/watch?v=Q9XUafomn7o
2022-08-04,dell g15,8,Not short,fix dell laptop desktop wifi not working inspiron latitude xps vostro g15 g3 g7 precision connecting,https://www.youtube.com/watch?v=P_eM-HHvQX0
2022-08-04,dell g15,1177,Not short,the find | laptops for video editing & 3d modeling | week 1,https://www.youtube.com/watch?v=fAZAgmEV-tc
2022-08-04,dell g15,65,Not short,dell g15 free fire br rank push redeem code,https://www.youtube.com/watch?v=UDzpcm_yiks
2022-08-03,dell g15 5511,1,Not short,dell g15 5511 3060 3dmark测试,https://www.youtube.com/watch?v=A8X0KfSup1c
2022-08-03,dell g15,20447,Not short,o novo alienware m15 r7 da dell: 12700h + rtx 3070ti,https://www.youtube.com/watch?v=V-XcHjdd0ik
2022-08-03,dell g15,82,Not short,os 8 melhores notebooks gamers em 2022,https://www.youtube.com/watch?v=U0x_CB9XtEk
2022-08-03,dell g15 5520,211,short,dell g15 | dell g15 gaming laptop | dell laptop  | best gaming laptop 2022 #computech #dellgaming,https://www.youtube.com/shorts/BHAOqD5pm_s
2022-08-03,dell g15,55,Not short,dell g15 free fire br rank push live,https://www.youtube.com/watch?v=bDu8pckv8GE
2022-08-02,dell g15 5515,479,Not short,unboxing notebook gamer dell g15 5515,https://www.youtube.com/watch?v=IpvSLKfo9dc
2022-08-02,dell g15,841,Not short,💻 dell g15 bemutató 💻 az első amd-s laptop a csatornán 🔥,https://www.youtube.com/watch?v=Vxh4Fuc_Zgc
2022-08-02,dell g15 5520,92404,Not short,dell g15 special edition: the gaming laptop for masses?,https://www.youtube.com/watch?v=v-eFEg0D_Yc
2022-08-02,dell g15,1572,Not short,rtx 3050ti(60w) vs rtx 3050(95w)🔥hp pavillion vs dell g15,https://www.youtube.com/watch?v=oW2IDa-aMwE
2022-08-02,dell g15 5515,6407,Not short,dell g15 5515 (2021) - laptop gaming dell giá rẻ cực tốt cho tân sinh viên 2022 !!!,https://www.youtube.com/watch?v=3LlEFo-XrdU
2022-08-01,dell g15 5511,1505,short,memória ram custo-benefício para o notebook dell g15!,https://www.youtube.com/shorts/DW5eXFH8LIo
2022-08-01,dell g15 5511,4475,Not short,migliori notebook (agosto 2022) | #topbook,https://www.youtube.com/watch?v=Napm4g4OzK8
2022-07-31,dell g15,10205,Not short,"dell g15, legion 5i ou helios 300? qual o melhor notebook gamer por até r$8000?",https://www.youtube.com/watch?v=WyH-qX3dJRM
2022-07-31,dell g15,2406,short,#unboxing dell g15 dream come true￼.         #dellgaming #dell #dellg15,https://www.youtube.com/shorts/IBELfBbo3k0
2022-07-31,dell g15,3277,Not short,worldwide gaming pc giveaway!!,https://www.youtube.com/watch?v=t8GA2TZwNtQ
2022-07-30,dell g15,399,Not short,ryzen 5 6600h vs ryzen 5 5600h gaming benchmark test in 2022 | nvidia rtx 3050 | #stealthgamersg,https://www.youtube.com/watch?v=uSUrjGQLlOA
2022-07-30,dell g15,5733,short,nitro 5 com gtx1650 ou dell g15 com rtx3050 para edição de vídeos e jogos? #shorts,https://www.youtube.com/shorts/X43XbK9QUVg
2022-07-29,dell g15,46,short,diferença de fontes do macbook air vs dell g15,https://www.youtube.com/shorts/7LAMP0G-F9Y
2022-07-29,dell g15,25683,Not short,12ª geração intel core em notebooks! asus rog zephyrus 2022 [análise],https://www.youtube.com/watch?v=fGKTqpjeXks
2022-07-29,dell g15,73,Not short,os 15 melhores notebooks custo benefício para comprar em 2022,https://www.youtube.com/watch?v=4xh7J5xSoJU
2022-07-27,dell g15,729,Not short,( dell g15) vazamento luz “absurda” modelos rtx3060 & gtx1650,https://www.youtube.com/watch?v=3Zz8jjMZsFk
2022-07-26,dell g15 5510,1566,Not short,مراجعة dell g15 5510  | سعر ومميزات وعيوب dell g5 | لاب للمونتاج والجيمنج | dell g15 review |,https://www.youtube.com/watch?v=x35ZNPqSw5M
2022-07-26,dell g15,12,Not short,cinebench score of best gaming laptop under 70k 😍 dell g15 ryzen edition #dellgaming #ryzen #gaming,https://www.youtube.com/watch?v=J0F34TNjvL8
2022-07-26,dell g15 5520,253,Not short,dell g15 5515⚡⚡ new launched ryzen 5600h rtx 3050 unboxing & review 🔥,https://www.youtube.com/watch?v=g-zkO5odYcg
2022-07-24,dell g15,336,Not short,full specifications of dell g15 ryzen edition.,https://www.youtube.com/watch?v=XeTvTc2M5G4
2022-07-24,dell g15 5511,1201,Not short,dell g15 5511 gaming laptop - solid build👌,https://www.youtube.com/watch?v=f5IltkTn4RU
2022-07-24,dell g15 5520,4801,Not short,dell g15 5520 | intel i7 12th gen 12700h rtx 3050ti review | dell g15 2022 gaming laptop review,https://www.youtube.com/watch?v=bfGAec7hpoQ
2022-07-22,dell g15 5520,1684,Not short,"2022 dell g15 5520 gaming laptop review! 😱 intel i7-12700h + rtx 3060 🔥 gaming test, memory upgrade",https://www.youtube.com/watch?v=nR59ZjYnKes
2022-07-21,dell g15,7224775,Not short,game on a new high with the dell g15 special edition laptop | trakin tech | powered by intel,https://www.youtube.com/watch?v=IT-IIssOPJ8
2022-07-20,dell g15 5520,6413,Not short,dell g15 [2022] i5 12th gen rtx 3050 | review and unboxing,https://www.youtube.com/watch?v=noFnXCIAjwY
2022-07-19,dell g15 5520,778,Not short,dell g15 rtx 3050 i5-12500h - laptop gaming por menos de 1000$,https://www.youtube.com/watch?v=OoZWv4Quj4k
2022-07-16,dell g15 5520,2145,Not short,"review of the dell g15 5520 12th gen i7 12700h, rtx 3060 laptop",https://www.youtube.com/watch?v=HqeCA6CdLlA
2022-07-16,dell g15,719,short,🤘laptop dell g15 keyboard light on off 💫,https://www.youtube.com/shorts/a5F6BO2r7oE
2022-07-16,dell g15,197712,Not short,dell g15 special edition gaming laptop quick review ⚡,https://www.youtube.com/watch?v=lgetH5zTC80
2022-07-15,dell g15 5510,5737,Not short,oyuncular i̇çi̇n uygun fi̇yatli laptop! - dell g15 alinir mi?,https://www.youtube.com/watch?v=s3OZiCE0c7k
2022-07-15,dell g15,3523,Not short,dell g15 gaming 2022 ⚡ intel i5 12500h + rtx 3050 gaming test 🔥 16 aaa games tested ⚡dell g15 2022 😍,https://www.youtube.com/watch?v=PFaNNKYmq4k
2022-07-13,dell g15,358,Not short,new dell g15　se　開封・使用感レビュー動画,https://www.youtube.com/watch?v=XO15o7s_0TI
2022-07-12,dell g15 5515,629,Not short,*big battery*🔋 the dell g15 5515 ryzen 7 with rtx 3060 is a beast🔥🔥,https://www.youtube.com/watch?v=kXpOekI9y_o
2022-07-12,dell g15,3982,Not short,รีวิว dell inspiron g15 สเปกน่าใช้ ดีไซน์ดุดัน คอเกมต้องโดน | ihavecpu,https://www.youtube.com/watch?v=9gdMnP622kU
2022-07-11,dell g15,918,Not short,novo dell g15 com rtx 3060 “”como eu utilizo as configurações””,https://www.youtube.com/watch?v=dU2F2Lj-xfQ
2022-07-11,dell g15,24573,Not short,3 notebooks gamers abaixo de r$4.000! conferindo os notes gamers + baratos atualmente!,https://www.youtube.com/watch?v=zi6GYYYWx_k
2022-07-09,dell g15 5515,60,Not short,500 subs goal || what should i title my valorant stream ||  dell g15 5515  r5 rtx 3050 gaming,https://www.youtube.com/watch?v=N0CWjVD2GYs
2022-07-09,dell g15 5521,624,Not short,dell g15 5521 special edition laptop 2022 |  intel 12700h laptop | rtx 3060 graphics gaming laptop,https://www.youtube.com/watch?v=YZDa7AyhaR8
2022-07-08,dell g15,1748,Not short,acabou para o dell g15? acer predator com rtx 3070 tá show!,https://www.youtube.com/watch?v=GwBAg9CRMDo
2022-07-07,dell g15,121,Not short,$576 dell g15 laptop rtx 3050ti 90w best buy open box. unbox & basic setup tips!,https://www.youtube.com/watch?v=O1q7BQ2frY0
2022-07-07,dell g15 5520,8479,Not short,รีวิว dell g15 5520 สเปก i7-12700h + rtx 3060 + จอ 165hz srgb 100% จบครบทุกความต้องการ ดีไซน์เฉียบ,https://www.youtube.com/watch?v=q3s6eNj5JnA
2022-07-06,dell g15,126,Not short,red redemption ll / on a dell g15 with  rtx3060 ryzen 7.,https://www.youtube.com/watch?v=qitkswthqew
2022-07-06,dell g15,246,Not short,dell g15 | god of war | rtx 3060 laptop + ryzen 7 5800h | 4k full test,https://www.youtube.com/watch?v=IH2lMOlQTu4
2022-07-06,dell g15,1184,Not short,n.o.v.o ( dell g15 ) rtx 3060 saindo preço final de $ 5.748 reais.,https://www.youtube.com/watch?v=RFxdWm8BE-4
2022-07-06,dell g15,1865,Not short,"preço despencou: dell g15, o brutão com cupom tá barato!",https://www.youtube.com/watch?v=yTCkIaiJSIk
2022-07-06,dell g15 5520,466,Not short,*dekho vo aa gya* dell g15 laptop | dell g15 5521 se,https://www.youtube.com/watch?v=IJUJYsjf33s
2022-07-05,dell g15,18,Not short,elden ring - parte 13 - dell g15 ryzen 7 5800h e rtx3060,https://www.youtube.com/watch?v=c_J6Wt0G9M8
2022-07-05,dell g15 5520,9222,Not short,dell g15 gaming 2022 🔥 intel i5 12500h + rtx 3050  full review ⚡ best gaming laptop under 90000 😍,https://www.youtube.com/watch?v=GhIpxr6WBPo
2022-07-04,dell g15,42,Not short,melhorando a performance da gpu no dell g15 rtx 3050,https://www.youtube.com/watch?v=xvIGJkC5m6w
2022-07-03,dell g15,603,Not short,gostei | notebook dell g15 - review atualizado e completo,https://www.youtube.com/watch?v=8AoAlmjbRNk
2022-07-02,dell g15 5521,306,Not short,dell g15 5521 se ssd upgrade,https://www.youtube.com/watch?v=5BnAbvHnXR0
2022-07-02,dell g15,106,Not short,free fire gameplay in dell g15 ryzen 5 5600h gaming 💻 laptop,https://www.youtube.com/watch?v=7PYPTyz_Z0k
2022-07-02,dell g15,83,Not short,dell g15 rtx 3060 + r7 5800h battlefield 2042 test,https://www.youtube.com/watch?v=ZmUdArCcqEs
2022-07-01,dell g15,129,Not short,my dell g15 ryzen 5 5600h laptop emulator and all free fire settings,https://www.youtube.com/watch?v=2bj1YxPdYNM
2022-06-30,dell g15,704,Not short,comentários e alguns testes com o notebook dell g15 após 4 meses de uso.,https://www.youtube.com/watch?v=3XZSQdUddsA
2022-06-30,dell g15,105290,Not short,"best gaming laptop around 50000, 60000, 70000, 80000, 1 lakh, 1.5 lakh!",https://www.youtube.com/watch?v=CmdvqKIYns4
2022-06-29,dell g15,981,Not short,comprei o meu primeiro notebok gamer - dell g15,https://www.youtube.com/watch?v=1ADTGOhZJ5k
2022-06-29,dell g15 5511,1419,Not short,đánh giá chi tiết dell gaming g15 5515 - bánh oreo này ngon phết! | thế giới laptop,https://www.youtube.com/watch?v=Wf0SntDRezc
2022-06-29,dell g15,471,short,dell g15 i5 gtx 1650. #g15,https://www.youtube.com/shorts/LXpAl5X4IN4
