counter,post date,model,source,kudos,replies,solved,title,content,link
1,6/16/2022,inspiron 15 3525,inspiron - dell.community,0,0,Not solved,inspiron 15 3525 very slow wi-fi after waking from sleep,"brand new inspiron 15 3525 laptop. when waking from sleep, the wi fi is only 20mbps. reboot and it goes back to 220-240mbps. uninstalled the ""smart byte"" app. no change. ",https://www.dell.com/community/Inspiron/Inspiron-15-3525-very-slow-Wi-Fi-after-waking-from-sleep/td-p/8218816/jump-to/first-unread-message
2,6/15/2022,inspiron 15 3525,inspiron - dell.community,0,2,Not solved,inspiron 15 3525 sata hdd problems,"hello, this is my first time using the forum.i recently purchased a crucial ct1000mx500ssd1 sata ssd and according to crucial website this model drive is compatible with the dell inspiron 15 3525, as the original 250gb nvme ssd is too small and wanted to use the new drive as secondary drive for storage.i installed the new drive following the steps from the dell service manual. after installing i booted up the laptop and went into the bios. however under the main setting, the first the drive section did not display the drive.so i booted the system into windows (windows 11 came with the laptop), checked under the disk management and the drive was there so i created a new volume and formatted it. so now i see the drive in the windows file explorer window.however it seems that other problem came to light when i installed the second drive. whenever i try to connect to any network i keep getting error ""network not known"" or ""network not available"". however when i disconnect the sata hdd and restart windows i can connect to the available networks.but also now some sites that i used to access (work site requiring login) will not work properly, the page just cycles through the loging process.i contacted dell support but they could not help solve my problem.do i need to reset the bios or something. is there any settings to do in the bios. any help or advice would me much appreciated.thank you.mervwe tried reaching you on a private message asking for the service tag number to ascertain the warranty but did not receive a response. please feel free to reply to the private message whenever you are available.social media support#iwork4dellfind your service tagif still under warranty, click the ""get help now"" icon on the right to start a live chat session. currently only available in the usa.thank you! we have received the required details. we will work towards a resolution. in the meantime, you may also receive assistance or suggestions from the community members.social media support#iwork4dellfind your service tagif still under warranty, click the ""get help now"" icon on the right to start a live chat session. currently only available in the usa.",https://www.dell.com/community/Inspiron/Inspiron-15-3525-sata-hdd-problems/td-p/8218298/jump-to/first-unread-message
3,6/15/2022,inspiron 15 3525,inspiron - dell.community,0,1,Not solved,inspiron 3525 bios missing power management,"just brought the new inspiron 15 3525, missing power management in bios, i am trying to look for “wake on ac” to turn on my laptop that it is vertically stand behind my monitor.   is there a way to unlock the advance control in bios, so i can enable wake on ac?  thank you in advance for your help!!!thank you! we have received the required details. we will work towards a resolution. in the meantime, you may also receive assistance or suggestions from the community members.social media support#iwork4dellfind your service tagif still under warranty, click the ""get help now"" icon on the right to start a live chat session. currently only available in the usa.",https://www.dell.com/community/Inspiron/Inspiron-3525-Bios-missing-power-management/td-p/8218194/jump-to/first-unread-message
4,6/11/2022,inspiron 16 plus 7620,inspiron - dell.community,0,2,Not solved,inspiron 7620 and pen pn5122w stop working,"i have an inspiron 7620 2-in-1 and the recommended active pen pn5122w. it works for a few minutes after restarting the laptop, then just stops being detected by the screen. the battery in the pen is brand new and i have tested it and confirmed the battery has full power.i have looked at dell peripheral manager but it does not have any option to manage a pen available (despite what the user-guide says).i have tried an alternative dell pen that i normally use on another dell laptop, and it does the same: it is detected by the 7620 for a few minutes, then stops until the laptop is rebooted.after the pen stops working on the 7620, i am still able to use it with my other dell laptop with no problems (latitude 7400).this suggests to me that the problem is very clearly on the laptop, not the pen.unless i can get this working more reliably, i will have to return the pen as it's useless like this.ensure that the coin cells battery holder is tightened firmly into the top cap. top button stops working. pen is not paired correctly with the device. remove the pen from the bluetooth list in the device and pair it again.it wasn't the battery, and this pen doesn't pair via bluetooth.with help from dell support, i found the solution, which was to install the latest intel and nvidia graphics drivers.",https://www.dell.com/community/Inspiron/Inspiron-7620-and-Pen-PN5122W-stop-working/td-p/8216495/jump-to/first-unread-message
5,6/11/2022,inspiron 15 3525,inspiron - dell.community,0,3,Not solved,does inspiron 15 3525 support nvme v4x4 speed like samsung 980 pro mz-v8p1t0b ssd?,"i want to upgrade my brand new 15 3525 (amd ryzen 7-5825u cpu)'s micron 2210s nvme ssd with samsung 980 pro mz-v8p1t0b v4x4 ssd drive. i would like to know if the 15 3525 supports true nvme v4x4 speed and not reducing the ssd down to nvme v3x4 speed. tia!!according to the manual, yes it does.https://www.dell.com/support/manuals/en-us/inspiron-15-3525-laptop/inspiron15_3525_ss/storage?guid=g... ejn63 i read the manual and know the same thing you answer. my question is about running true nvme 4.0 x4 speed using nvme 4.0x4 ssd drive. amd ryzen 7-5825u supports only pcie 3.0, not pcie 4.0. nvme 4x4 ssd drive requires pcie 4.0 to run at its true high speed. that's the reason for my question about true nvme 4.0x4 high speed.it appears the only mobile amd cpus that support pcie 4 fully are the r7 and r9 6000 series -- if you want that support, look at the alienware models that offer these;  the inspiron models do not. ",https://www.dell.com/community/Inspiron/Does-Inspiron-15-3525-support-NVMe-v4x4-speed-like-Samsung-980/td-p/8216665/jump-to/first-unread-message
6,6/9/2022,inspiron 16 plus 7620,inspiron - dell.community,0,1,Not solved,"windows 10 scratch install nvme driver (missing drive, drive not showing)","if you're trying to install a fresh copy of windows but your installer is not seeing the ssd in your system you do not need to change the bios boot settings (aka turn off raid, ahci). you just need to copy the necessary driver file onto your win usb stick and browse for that driver.go to dell support and the drivers download section for your dell. the driver you want will be ""intel rapid storage technology driver"" download and extract the file to your usb drive. inside the nested folders the file you want is called iastorvd and you should find it in this path after extracting:\production\windows10-x64\15063\drivers\vmdat the begin of your usb windows install after you choose custom install and the screen shows nothing for the ssd drive that you know is inside your machine choose browse, select your usb and drill down to the path above. win install will circle for a minute before locating the iastorvd file. select next and your ssd will all its partitions should appear. i have followed this process on several diff dell models successfully including the brand new inspiron 7620 today.cheers,davenice post. alternatively you can also change, sata mode to ahci in bios and ssd/hdd will be detected without driver. ",https://www.dell.com/community/Inspiron/Windows-10-scratch-install-NVMe-driver-missing-drive-drive-not/td-p/8215593/jump-to/first-unread-message
7,6/7/2022,inspiron 15 3525,inspiron - dell.community,0,3,Not solved,inspiron 15 3525 features/upgrades missing from service manual,"here are the 3 upgrades/features that are available with the inspiron 15 3525 but not listed or listed incorrectly in the service manual:1) 64gb ram (not 32gb as specified in manual) upgrade is ok using any standard ddr4 sodimm modules (2x32gb)2) there's an internal 2.5 inch hard drive space and cable available for adding a second 2.5 internal hard drive3) the hdmi i/f supports 4k (not 1080 as specified in manual) the 3 features will work even with the cheapest configuration (on sale for only $587.99) because that's what i bought and upgrade it.i just checked the manual ( correct me if i am checking wrong link)  did you mean two 2.5 inch drives ?? i can see it support one nvme and one 2.5 inch drive. its documented  about hdmi it says supports hdmi 1.4 so it should support 4k 60hz  i didn't see where it says fhd only about memory : dell or any other brand only publishes max tested by dell engineers and max sold by them. user can always add more. xps_man, thank you for your feedback.2) 2.5 internal hard drive: you are correct there's only 1 additional 2.5 internal hard drive and it's documented in the service manual3) you may want to ask someone to correct this page. it states very specific with a note: hdmi is only support 1920x1080.  @dell-chris m kindly check, hdmi specs are 1.4 as well as op has tested the machine with a 4k monitor. https://www.dell.com/en-us/shop/dell-laptops/inspiron-15-3000-laptop/spd/inspiron-15-3525-laptop ",https://www.dell.com/community/Inspiron/Inspiron-15-3525-features-upgrades-missing-from-service-manual/td-p/8214345/jump-to/first-unread-message
8,6/3/2022,inspiron 15 3525,inspiron - dell.community,0,5,Solved!,inspiron 15 3525 ryzen™ 7 5825u 64gb (2x32gb) ram support,"i would like to know how much ram is supported by inspiron 15 3525 ryzen™ 7 5825u.has anyone tried with 64 gb ram? i am planning to purchase and upgrade to use for cybersecurity labs. in crucial, this model with ryzen 5 support 64 gb (2x32gb). memory ram & ssd upgrades | dell | inspiron laptops/notebooks | inspiron 15 (3525) ryzen 5 | crucial...if ryzen 5 support 64 gb, ryzen 7 should also supports, but i am not expert on this. any suggestion would be highly appreciated.solved!go to solution.i just upgraded my brand-new inspiron 15 3525 ryzen 7 5825u from 16gb to 64gb ram with no problem. the bios recognized the new 64gb ram immediately after boot. i just use my existing ddr4 32gb ram module from olo bought from amz. in addition, you can add one internal 2.5 hard drive to the 15 3525. there's a sata cable and case for the 2.5 hard drive. i added my old ssd 840pro and it just works perfectly.view solution in original postmemory configurations supported for this model are max supported is 16gb. considering the fact that model comes with mx550 gpu, i hardly think any one would want or have 64 gb ram on this model.  i want to try the 64 gb ram for this model because dell inspiron 5515 ryzen 7 5700u supports 64gb ram. i saw some people using this.- ryzen 7 5825u is better than ryzen 7 5700u- ryzen 7 5825u specification shows that it supports 64gb cpu. memory controller is usually built inside cpu for most of the modern processor. i just upgraded my brand-new inspiron 15 3525 ryzen 7 5825u from 16gb to 64gb ram with no problem. the bios recognized the new 64gb ram immediately after boot. i just use my existing ddr4 32gb ram module from olo bought from amz. in addition, you can add one internal 2.5 hard drive to the 15 3525. there's a sata cable and case for the 2.5 hard drive. i added my old ssd 840pro and it just works perfectly.thanks for the confirmation. i am planning to purchase this one soon.have you tested any virtualization with vmware work station player or hyper-v? also nested virtualization with eve-ng or gns3 ubuntu?this laptop with 64gb ram and 8 core 16 thread cpu can be a good lab environment for any it professional.hanzawtun i'm running the latest virtualbox with windows 10 guest. there's no problem. dell is having a sale on this 15 3525 for only $587.99. that's what i bought",https://www.dell.com/community/Inspiron/Inspiron-15-3525-Ryzen-7-5825U-64GB-2x32GB-RAM-Support/td-p/8212342/jump-to/first-unread-message
9,5/29/2022,inspiron 14 5425,inspiron - dell.community,0,1,Not solved,inspiron 14 5425 - supportassist get drivers & downloads not working,"my wife and i purchased a dell inspiron 14 laptop for her from costco on 5/27. however, i could not get supportassist to update the drivers, and the automated driver update function at the dell support website would not work either. i reached out to dell tech support and a tech in india worked on it for ~2 hours, but could not get it to work — he uninstalled (even using revo uninstaller pro) and reinstalled the supportassist and dell update apps multiple times, changed various settings in related services, and finally had me run a factory reset — nothing worked. he finally kicked the issue up to a level 2 tech who informed me that the system was hopelessly corrupted and that i needed to exchange it for a new one.so i exchanged the first inspiron 14 we bought on 5/27 for a new one on 5/28, and it’s doing exactly the same thing.i manually updated all of the drivers listed for the laptop's device service tag on the dell support website. both supportassist and dell update updated to the latest versions. i also installed all of the updates listed by the windows update service. but the following issues remain:support assist app (ver 3.10.4.18) — running “get drivers & downloads” results in “an unexpected error occurred.”dell support website ""let dell automatically find driver updates for you"" -- ""check for updates"" button results in ""driver detection not available - please try again later or use the link below to find drivers by service tag or see a list of drivers available for your product.""dell update app (ver 4.5.0) ""check"" button results in ""system is not supported by available catalogs.”do i need to return this laptop as well? is there a fix? or is this a know issue that dell is working on fixing?thank you.thank you! we have received the required details. we will work towards a resolution. in the meantime, you may also receive assistance or suggestions from the community members.social media support#iwork4dellfind your service tagif still under warranty, click the ""get help now"" icon on the right to start a live chat session. currently only available in the usa.",https://www.dell.com/community/Inspiron/Inspiron-14-5425-SupportAssist-Get-Drivers-amp-Downloads-Not/td-p/8209911/jump-to/first-unread-message
10,5/22/2022,inspiron 15 3520,inspiron - dell.community,0,2,Not solved,i have some question,"did dell inspiron 3520 have tpm 2.0?no. this is a 2012-vintage system; tpm 2.0 did not arrive until two years after that. hithe register is a good source of info, like this (perhaps you should register with them, i have) ...https://www.theregister.com/2021/10/06/bypass_windows_11_requirements/ the key phrase is""allowupgradeswithunsupportedtpmorcpu""that maybe of use to you. microsoft sort of ""approved"" microsoft's warnings are severe.a disclaimer explains that the installation ""may result in compatibility issues""and that ""your pc will no longer be supported and won't be entitled to receive updates"" – though it seems that microsoft envisages certain scenarioswhere the bypass may be a good idea,since the heading states ""not recommended unless instructed by support.""you risk invalidating any support or warranty.",https://www.dell.com/community/Inspiron/I-have-some-question/td-p/8206205/jump-to/first-unread-message
11,5/14/2022,inspiron 15 3520,inspiron - dell.community,0,1,Not solved,which vga can be use on dell inspiron 3520,"which nvidia or amd vga can be use on dell inspiron 3520 according to the specs here, the 3520 has an nvidia discrete gpu with an hdmi port, not a vga port.",https://www.dell.com/community/Inspiron/which-vga-can-be-use-on-dell-inspiron-3520/td-p/8200290/jump-to/first-unread-message
12,5/10/2022,inspiron 15 3520,inspiron - dell.community,0,3,Not solved,how many millimeters caddy bay to fit dvd drive socket in dell inspiron 3520,"how many millimeters caddy bay to fit dvd drive socket in dell inspiron 3520 laptopmy hdd is toshiba mq01abf050 and my dvd drive is hl-dt-st dvd+-rw gt50n maybe its a 12.7mm, check out this :https://www.dell.com/community/inspiron/i-have-some-question/m-p/8197228/ <non-public info removed. tos64>how many millimeters caddy bay to fit dvd drive socket in dell inspiron 3520 laptopif you intend to use a ssd in a caddy that fits into that bay, know that it can only be used as storage and will not be bootable.the ones sold on ebay are generic and either 9.5mm or 12.7mm ",https://www.dell.com/community/Inspiron/How-many-millimeters-caddy-bay-to-fit-dvd-drive-socket-in-dell/td-p/8197825/jump-to/first-unread-message
13,5/1/2022,inspiron 15 3520,inspiron - dell.community,0,3,Solved!,i have some question,"can kingspec 128gb sata 2.5, 3 fit to dell inspiron 3520solved!go to solution.any standard 2.5"" sata ssd will work.  if you're planning to use the drive as your boot device with windows, 128g will be very tight for space --- 256 (or better 512g) a better idea. view solution in original postany standard 2.5"" sata ssd will work.  if you're planning to use the drive as your boot device with windows, 128g will be very tight for space --- 256 (or better 512g) a better idea. a 128 gb drive is good enough assuming that the op doesn't install a bunch of programs and/or stores lots of high quality music and video files. 32 gb is really tight, and i've used tablets and laptops with internal emmc storage where ~10 gb is available after a clean install of windows 10, hardly enough for personal files as over time that free space shrinks from temporary and other system files.can kingspec 128gb sata 2.5, 3 fit to dell inspiron 3520kinspec?  i wouldn't. ",https://www.dell.com/community/Inspiron/I-have-some-question/td-p/8192965/jump-to/first-unread-message
14,4/30/2022,inspiron 15 3525,inspiron - dell.community,0,5,Not solved,dell inspiron 15 3525 ram upgrade,"hi any idea how many ram slots my laptop has?also how easy is it to acess ram?it is ...dell inspiron 15 3525many thanks two.  service manual has the other answer.https://www.dell.com/support/home/en-us/product-support/product/inspiron-15-3525-laptop/docs ahh there we are great thanks .. still does not say if there is 1 or 2 ram slotsyes, it does.  look at the photograph in the service manual. https://www.dell.com/support/manuals/en-us/inspiron-15-3525-laptop/inspiron15_3525_sm/installing-the... ahh i can see now 2 slots. that's great. thanks. no point in upgrading though i don't think. was a nice thought though  ",https://www.dell.com/community/Inspiron/Dell-Inspiron-15-3525-Ram-Upgrade/td-p/8192636/jump-to/first-unread-message
15,4/28/2022,inspiron 15 3520,inspiron - dell.community,0,4,Not solved,i need your help,"the dell inspiron 15 (3520) laptop takes the ddr3 pc3-10600 1333mhhz, pc3-12800 1600mhz sodimm memory type, and comes installed with 4gb memory. inspiron 15 (3520) memory upgrade - dell 15 (3520) inspiron laptop memory (memorystock.com) my laptop is dell inspiron 3520 not dell inspiron 15 3520.my laptop is dell inspiron 3520 not dell inspiron 15 3520.it is the same laptop. for any individual ram manufacturer, contact the company or vendor for compatibility.if you want ram tested and guaranteed to work,https://www.crucial.com/compatible-upgrade-for/dell/inspiron-3520.",https://www.dell.com/community/Inspiron/i-need-your-help/td-p/8191326/jump-to/first-unread-message
16,4/23/2022,inspiron 15 3520,inspiron - dell.community,0,1,Not solved,hey guys i have some question about vga in dell inspiron 3520,can amd hd 7350 fit dell inspiron 3520 and support itno.whatever video that came with the system is on the mainboard and cannot be upgraded. ,https://www.dell.com/community/Inspiron/hey-guys-i-have-some-question-about-vga-in-dell-inspiron-3520/td-p/8188719/jump-to/first-unread-message
17,4/20/2022,inspiron 15 3520,inspiron - dell.community,0,5,Solved!,i have some question,"can dell inspiron 3520 fit i3 3110m and support i3 3110msolved!go to solution.yes -- that one will take that cpu. view solution in original posthello, i see you are looking for technical assistance. if you need our help, you can start a private message with us and we will be happy to assist you.social media support#iwork4dellfind your service tagif still under warranty, click the ""get help now"" icon on the right to start a live chat session. currently only available in the usa.hi it does not support  there are two different models -- the new one (2021) will not, but the old one (from about 2010) does.https://downloads.dell.com/manuals/all-products/esuprt_laptop/esuprt_inspiron_laptop/inspiron-15-352... i bought dell inspiron in 2014, can it fit i3 3110m?yes -- that one will take that cpu. ",https://www.dell.com/community/Inspiron/I-have-some-question/td-p/8187024/jump-to/first-unread-message
