post date,model,views,video type,title,link
2022-08-05,dell g16 7620,491,Not short,"dell g16 7620 is a 16 inch tank of a gaming laptop, but there’s two problems…",https://www.youtube.com/watch?v=OBa-wRVufwM
2022-07-24,dell g15 5520,4801,Not short,dell g15 5520 | intel i7 12th gen 12700h rtx 3050ti review | dell g15 2022 gaming laptop review,https://www.youtube.com/watch?v=bfGAec7hpoQ
2022-07-23,dell g16,299,short,dell g16 gaming laptop launched with 12th gen intel core i7 and rtx 3070 ti,https://www.youtube.com/shorts/Nrh24lo6S7w
2022-07-21,dell g16 7620,1844,Not short,dell g16 gaming laptop first look and specs: beast at budget?,https://www.youtube.com/watch?v=HKbWvateGK8
2022-07-20,dell g15,222,Not short,dell's g16 gaming laptop presents a 12th generation and graphics nvidia rtx intel and graphics,https://www.youtube.com/watch?v=-GehymVxhHw
2022-07-20,dell g15 5520,6413,Not short,dell g15 [2022] i5 12th gen rtx 3050 | review and unboxing,https://www.youtube.com/watch?v=noFnXCIAjwY
2022-07-18,dell g15,310,Not short,dell g15 2022 series launched & available to buy on amazon 🎉🎉,https://www.youtube.com/watch?v=vQKa-AJZ6A4
2022-07-12,dell g15,3982,Not short,รีวิว dell inspiron g15 สเปกน่าใช้ ดีไซน์ดุดัน คอเกมต้องโดน | ihavecpu,https://www.youtube.com/watch?v=9gdMnP622kU
2022-07-07,dell g15,941,Not short,dell inspiron 16 plus 7620 internals,https://www.youtube.com/watch?v=7en4L4grA9I
2022-07-03,dell g15,603,Not short,gostei | notebook dell g15 - review atualizado e completo,https://www.youtube.com/watch?v=8AoAlmjbRNk
2022-05-31,dell g15 5511,4014,Not short,"playing gta 5 in dell g15 gaming laptop | fps, heating | gaming review (in hindi)",https://www.youtube.com/watch?v=qaBkSe0vhRA
2022-05-20,dell g15,10425,Not short,dell g15 2022 review | best budget gaming laptop? 👀,https://www.youtube.com/watch?v=XSjqQ3FAmLM
2022-05-08,dell g15 5511,27334,Not short,dell g 15 gaming laptop unboxing| rtx 3050| powerful machine,https://www.youtube.com/watch?v=iRnF0cfvhc4
2022-05-07,dell g15,77286,Not short,dell g15 se 2022 review - finally a well priced 12th gen gaming laptop,https://www.youtube.com/watch?v=Ej_mgN25a_I
2022-04-22,dell g15,11342,Not short,acer nitro 5 vs dell g15 qual o melhor notebook custo benefício com teste em jogos,https://www.youtube.com/watch?v=nz-UgH7IRK4
2022-03-29,dell g15,65697,Not short,esse é o notebook gamer mais procurado agora! // dell g15 rtx3060,https://www.youtube.com/watch?v=FvvzYZHr8ag
2022-02-25,dell g15,10749,Not short,new dell g15 gaming 2022 - india prices & launch dates | intel 12th gen i7-12700h | upto rtx3070ti,https://www.youtube.com/watch?v=c2QXN4oz4X4
2022-02-24,dell g15,116381,Not short,unboxing notebook gamer dell g15 i1000 bom e barato para jogos em 2022 no brasil | intel e amd ryzen,https://www.youtube.com/watch?v=m4Hx1eINbxg
2022-02-04,dell g15,22069,Not short,meu dell g15 voltou da autorizada (não como eu esperava),https://www.youtube.com/watch?v=rZ6zLJh14qs
2022-01-27,dell g15,29285,Not short,dell g15 ryzen 5600h rtx 3050: 3 motivos para não comprar!,https://www.youtube.com/watch?v=vFzbLba4QdQ
2022-01-22,dell g15,53707,Not short,um dos melhores custo-benefício em laptop gamer! review dell g15 (rtx 3060),https://www.youtube.com/watch?v=Y-Z9pR8Nq3o
2022-01-19,dell g15,7827,Not short,dell g15 opinião sincera! valeu a pena? um mês depois! (rtx 3060 r7),https://www.youtube.com/watch?v=iKW8aamMsVc
2022-01-17,dell g15,166526,Not short,"dell g15 - gtx 1650, rtx 3050, rtx 3060, testados! intel vs ryzen [análise / review]",https://www.youtube.com/watch?v=YKwZqQtHuso
2022-01-14,dell g15,111066,Not short,dell g15 com amd ryzen: um notebook gamer fácil de gostar (análise/review),https://www.youtube.com/watch?v=y9xCzVxceQs
2022-01-11,dell g15,60912,Not short,"dell g15 depois de 1 mês: decepção? (ryzen 7-5800h, rtx 3060)",https://www.youtube.com/watch?v=Uw_IToVXu3c
2022-01-08,dell g15,15104,Not short,testando várias memórias ram no dell g15! ryzen 7 5800h + rtx3060,https://www.youtube.com/watch?v=WYOBbWZWI5Y
2021-12-23,dell g15,55483,Not short,this laptop is a beast! //  dell g15 laptop overview!,https://www.youtube.com/watch?v=2Jz2hbLC2eU
2021-12-19,dell g15 5515,33593,Not short,lenovo legion 5 vs dell g15 5515 - đâu mới là laptop gaming quốc dân phân khúc tầm trung thực sự...?,https://www.youtube.com/watch?v=8kf_iYE4-DE
2021-12-03,dell g15 5511,57005,Not short,"16+ правильный игровой ноутбук: dell g15 5511, или 107 вт на rtx 3060 — железный цех игромании",https://www.youtube.com/watch?v=UNLQCSzytn8
2021-12-03,dell g15 5510,15717,Not short,dell g15 5510 la laptop gaming mas economica y eficiente del 2021 - thenoxar - unboxing - review,https://www.youtube.com/watch?v=vfs_xC8BSKM
2021-12-03,dell g15,86942,Not short,dell g15 gaming laptop review,https://www.youtube.com/watch?v=F1ZKeFZvcEg
2021-11-30,dell g15 5510,28275,Not short,"dell g15 5511 (2021) core i7 11gen,nvidia rtx 3050 ti ⚡ ⚡ ⚡ unboxing & quick review 🔥🔥🔥",https://www.youtube.com/watch?v=8WyFkWkTdtk
2021-11-29,dell g15 5511,6943,Not short,dell g15 i7 rtx 3060 | melhor custo-benefício desse ano? | temperatura + performance em alguns jogos,https://www.youtube.com/watch?v=BGhmoeTa7yY
2021-11-22,dell g15,57228,Not short,não compre o dell g15 sem ver este vídeo!,https://www.youtube.com/watch?v=J5IuNdo1Dvk
2021-11-16,dell g15,40608,Not short,#9 minha opnião sincera notebook dell g15 corei7 11800h rtx3060 16gb ram,https://www.youtube.com/watch?v=tOcx075JisY
2021-11-12,dell g15,55975,Not short,dell g15: como aumentar memória ram e ssd!,https://www.youtube.com/watch?v=M53zrZ8voUw
2021-11-11,dell g15,37133,Not short,dell g15 || بطل الأعمال الشاقه !!,https://www.youtube.com/watch?v=Dukp4sYUNxM
2021-10-18,dell g15,69542,Not short,dell g15 tá barato! as versões que valem a pena!,https://www.youtube.com/watch?v=AgM5PQd726c
2021-09-16,dell g15 5515,374753,Not short,dell g15 review - 3 big problems!,https://www.youtube.com/watch?v=O2k2Lgb38SU
2021-08-16,dell g15,62029,Not short,dell g15 gaming laptop review,https://www.youtube.com/watch?v=3S03_5jy7Nc
2021-08-08,dell g15 5515,50905,Not short,"trên tay dell gaming g15 5515: màn ""comeback"" cực đỉnh!",https://www.youtube.com/watch?v=HJLJh5hYh4Q
2021-08-07,dell g15 5511,39340,Not short,dell g15 5511- intel core i7 11800h / rtx 3060 unboxing,https://www.youtube.com/watch?v=bCI583fTBUs
2021-07-30,dell g15 5510,46275,Not short,"dell g15 ryzen edition with rtx 3050 review! 🧨 in games fps, battery life, memory upgrade, price",https://www.youtube.com/watch?v=93vv6iv3_kY
2021-07-28,dell g15 5510,82022,Not short,dell g15 ryzen edition - review en español | ¡tremenda máquina!,https://www.youtube.com/watch?v=ZUncdR6ZHBs
2021-07-17,dell g15 5510,152483,Not short,rtx 3050 (80w) - dell g15 5510 - gameplay test in 30 games,https://www.youtube.com/watch?v=mcXiU_BtS38
