﻿counter,post date,model,kudos,source,replies,solved,title,content,link
1,6/25/2022,dell g15 5521,1,dellg15 - dell.community,1,Not solved,2022 g15 5521 se ram compatibility,"hello,as a follow up to this thread i can say that for the dell g15 5521 special edition following ram versions are compatible (personally tested):kingston kvr48s40bs8k2-32 - 2x16 gb kitkingston kvr48s40bd8-32 - 1x32 gb - tested as 1+1 with 64 gb in total without problemskingston kvr48s40db8k2-64 - 2x32 gb kit - using now without problems p.good to know and i am sure it may help others!",https://www.dell.com/community/Inspiron/2022-G15-5521-SE-RAM-Compatibility/m-p/8223901?search-action-id=631610949722&search-result-uid=8223901
2,6/24/2022,dell g15 5520,0,dellg15 - dell.community,0,Not solved,dell g15 5520 max audio quality,"hello everyone, i want to buy a new laptop. and now i am interesting about audio quality. i was watching info in internet and i found nothing about it. i know, that this pc have atmos etc. but what about quality? is hi-res supported on g15 5520 i7-12700h, rtx 3060? i found audio card realtek alc3254, but i can't find any info about it.",https://www.dell.com/community/Precision-Mobile-Workstations/Dell-G15-5520-Max-audio-quality/m-p/8223579?search-action-id=631610949722&search-result-uid=8223579
3,6/16/2022,dell g15 5520,0,dellg15 - dell.community,0,Not solved,dynamic boost on linux - g15 5520,"i have the latest bios and proper nvidia driver installed on debian. as per nvidia driver instruction says, sbios support for dynamic boostrun the following command to check if the sbios supports dynamic boost:nvidia-settings -q dynamicboostsupporthttp://us.download.nvidia.com/xfree86/linux-x86_64/515.48.07/readme/dynamicboost.html db can be enabled if it is supported in bios, and it's supported by dell. but the query result is 0.how can i enable db under linux?",https://www.dell.com/community/Inspiron/Dynamic-Boost-on-Linux-G15-5520/m-p/8218782?search-action-id=631611157411&search-result-uid=8218782
4,6/7/2022,dell g15 5521,0,dellg15 - dell.community,2,Solved!,g15 ram compatibility,will this ram: https://www.amazon.com/dp/b09x5t42xz?psc=1&ref=ppx_yo2ov_dt_b_product_detailswork in the dell g15 5521 se: https://www.dell.com/en-us/shop/gaming-laptops/g15-special-edition-gaming-laptop/spd/g-series-15-552... thank you!solved!go to solution.thanks j!it should but keep in mind that the most compatible ram for dell systems is crucial ram as found here.,https://www.dell.com/community/Inspiron/G15-RAM-Compatibility/m-p/8214075?search-action-id=631611625783&search-result-uid=8214075
5,6/5/2022,dell g15 5521,1,dellg15 - dell.community,6,Not solved,dell g15 5521 se no second ssd?!,"just bought the g15 5521 se with 3070ti and 1tb ssd. was looking into getting a second ssd for the second slot. i've read through most of the posts about the missing bracket. no problem i can get a bracket. but i have come across the manual and several posts and youtube videos which lead me to believe that the 5521 cannot have a second ssd. something about the software or motherboard does not allow it. so is there no connector? if there is and i plug in an ssd what happens? why can't this very strong gaming laptop version of the g15 hold a second ssd?never checked special edition before, am surprised too. only 1 m.2/nvme slot, no second ssd, no second 2.4 inch ssd slot. it's approx 2100 usd here in india for core i7 rtx 3070ti 1tb qhd 240 hz  my suggestion, don't wait for shipment. cancel the order and get an alienware these have been reviewed in several places, and unless ordered with two drives will come with only one m.2 connector for a single ssd.no, you cannot retroactively solder on an m.2 connector -- beyond not being able to buy one unless you have easy access to southeast china, you won't be able to solder it to the board without causing damage -- and you have no way to know whether a drive would be detected or not short of trying a very expensive experiment likely to fail. i'm also confused about this. in the service manual pdf and setup and specifications pdf it seems to contradict itself with whether it's compatible for a second ssd or not. for example, in the setup and specifications pdf at page 15, storage section it states it 'supports one m.2 2230/2280 solid-state drives.' however, immediately below is table 11 which suggests there is 3 nvme slots; a 2230 for the wifi card, a 2230 for the pre-installed ssd and finally a 2280 which until the 2022 models was confirmed to support a second ssd you could install yourself.furthermore, in the service manual under the header 'major components of dell g15 special edition 5521' it illustrates the location of item number 7 '2280 solid-state drive' and number 14 '2230 solid-state drive' in the respective pcie gen 4 nvme slots on the bottom corners of the board. i haven't opened up my dell g15 5521 se to find out for sure about the presence of a m.2 connector but my bios thinks there's only one ssd slot.could this laptop be upgraded to support a second ssd if the appropriate m.2 connector was soldered onto the board? how could i get the bios to recognise this addition?further, the chart only talks about going up to a 2td 80mm ssd. can i not put a 3 or 4 tb 80mm ssd in the slot?i have not received my g15 yet so i do not have an item tag to link to a warranty. is there a way for the g15 5521 to have a second ssd installed? if not, please tell me why. i just spent over $2000 on the computer and am considering returning it as soon as it arrives.hello, i see you are looking for technical assistance. if you need our help, you can start a private message with us and we will be happy to assist you.social media support#iwork4dellfind your service tagif still under warranty, click the ""get help now"" icon on the right to start a live chat session. currently only available in the usa.",https://www.dell.com/community/Inspiron/Dell-G15-5521-SE-no-second-SSD/m-p/8213399?search-action-id=631611625783&search-result-uid=8213399
6,5/25/2022,dell g15 5520,0,dellg15 - dell.community,5,Not solved,"inspiron g15 5520, ram overclocking not supported!","just purchased above. put kingston fury ddr5 in and it does not work. wasted 100 pounds. dell asked me to do all these hardware tests. kingston said it is not supported as no overclocking in bios. considering this is 12th gen gaming computer i am furious unless i have missed something 🤬the memory kingston recommends for your system is thishttps://www.kingston.com/en/memory/search/model/104645/dell-alienware-g15-5520 thanks, sadly beyond my budget.the ram kingston fury was 4800. no one in your support team even mentioned the above. just lots of tests.schoolittechy,the online g15 5520 sales site never mentions overclocking. it shows the oem memory specifications =the online g15 5520 setup and specifications pdf also shows the oem memory specifications =the online g15 5520 service manual system setup options also shows no overclocking functions.social media support#iwork4dellfind your service tagnot surprising. generally, only the alienware gaming systems have full overclocking capability.i have a ""gaming"" laptop and no overclocking options.if you have the option to return it, do so and buy an alienware model. dell forum member since 2002dell inspiron 15  gaming 5577 laptophome built desktop pc with gigabyte designare z390,  i9 9900k cpuwindows 11 64 bit pro  ssd drives. cakewalk by bandlab and studio one 4.6 pro recording studio software, motu ultralite mk5 recording interface unit.dell s2719dgf monitor",https://www.dell.com/community/Inspiron/Inspiron-G15-5520-Ram-overclocking-not-supported/m-p/8207505?search-action-id=631612108586&search-result-uid=8207505
7,5/21/2022,dell g15 5520,0,dellg15 - dell.community,8,Not solved,"g15 5520, mux switch via bios update please?","hi,i read that last years g15 got a bios update to enable mux switch to turn off the integrated graphics. so i order a g15 5520 on friday with the 3070 and intel 12th gen. i discovered today, that the current model doesn’t have the mux switch option in the bios? i had assumed since it was added in the 2021 version would be in all future editions. instead of cancelling my order, i was hoping if some at dell could confirm the option will come via bios update in the future, like the last version?thanks you.i'm getting a similar issue on my g15 5521. when i go on to a game like jedi fallen order, usually the geforce experience app would notify me that the current setting is switched to nvidia gpu only. but now it says that it can't change display settings. now i am stuck with an iris xe graphics bottleneck i am supposed to be able to get rid of, but i can't disable it automatically using the geforce experience app when i open a game. and when i disable it manually without restarting the entire thing, the settings i had for the display go to default. can i find a way to fix this please?edit: i've found a solution to my problem and it might fix yours. go to the nvidia control panel, select 3d settings and select manage 3d settings and select the preferred graphics processor to auto-select and then click apply. this should now automatically change graphics when you open games and say which gpu is selected for the display in notifications unless you have notifications on geforce experience disabled.thank you for messaging us. to ensure the privacy of your information, we recommend that you continue chatting with us through direct message. we apologize for the inconvenience.social media support#iwork4dellfind your service tagif still under warranty, click the ""get help now"" icon on the right to start a live chat session. currently only available in the usa.hey chris do yiu know if there will ever be this option for dell g15 5510 i7 10th gen running rtx 3060 so many other machines have it just doesn't seam to be my model alter1,your g15 5520 shipped on may 23, 2022. i see on the g15 5520 drivers page that bios 1.6.5 was released on may 30, 2022. have you installed bios 1.6.5?are you saying that you entered the bios, went to display, and did not see the, ""hybrid graphics / advanced optimus"" setting? social media support#iwork4dellfind your service taghi @alter1 thank you for sharing purchase dilemma. there are alienware laptops that enable hybrid graphics switching/advanced optimus in the bios menu. essential bios 1.3.0 update for alienware x15 and x17 owners now available to boost performance and ... not sure what has been ordered, is it the dell g15 5521 special edition | overview | dell us, as advertised dell gaming laptops: g-series | dell usadell g15 no option in bios for enable hybrid graphics/advanced optimus - dell communitydell support should be able to provide a list of laptops that can enable hybrid graphics switching/advanced optimus. please click on @dell-cares to send private message to request their assistance. hmm okay. i’ll have a think about what i’m going to do then. the alienwares are too expensive. i’ll have a look around. thanks.no one will confirm that option will be added later.  if you want a guarantee, cancel the order and buy an alienware 15 system that has the support you're looking for.some of the g15 systems (ryzen based) did get the option of firmware selectable graphics -- the intel based ones did not (at least the did not universally receive the option). hi @alter1 welcome to this free user to user alienware laptop discussion forum. this is not dell support. only corporate dell can answer your question. during the first 30 days you can reject to get full refund or new replacement system. dell refund policy, new vs refurbished - dell community ",https://www.dell.com/community/Inspiron/G15-5520-MUX-switch-via-BIOS-update-please/m-p/8205896?search-action-id=631612108586&search-result-uid=8205896
8,5/21/2022,dell g15 5521,0,dellg15 - dell.community,4,Not solved,dell g15 2022 mux switch via bios update please?,"hi,i read that last years g15 got a bios update to enable mux switch to turn off the intergrated graphics. so i order a g15 on friday with the 3070 and intel 12th gen. i discovered today, that the current model doesn’t have the mux switch option in the bios. i had assumed since it was added in the 2021 version would be in all future editions. instead of cancelling my order, i was hoping if some at dell could confirm the option will come via bios update in the future, like the last version?thanks you.hi @alter1 welcome to this free user to user alienware laptop discussion forum. this is not dell support. only corporate dell can answer your question. during the first 30 days you can reject to get full refund or new replacement system. dell refund policy, new vs refurbished - dell community no one will confirm that option will be added later.  if you want a guarantee, cancel the order and buy an alienware 15 system that has the support you're looking for.some of the g15 systems (ryzen based) did get the option of firmware selectable graphics -- the intel based ones did not (at least the did not universally receive the option). hmm okay. i’ll have a think about what i’m going to do then. the alienwares are too expensive. i’ll have a look around. thanks.hi @alter1 thank you for sharing purchase dilemma. there are alienware laptops that enable hybrid graphics switching/advanced optimus in the bios menu. essential bios 1.3.0 update for alienware x15 and x17 owners now available to boost performance and ... not sure what has been ordered, is it the dell g15 5521 special edition | overview | dell us, as advertised dell gaming laptops: g-series | dell usadell g15 no option in bios for enable hybrid graphics/advanced optimus - dell communitydell support should be able to provide a list of laptops that can enable hybrid graphics switching/advanced optimus. please click on @dell-cares to send private message to request their assistance. ",https://www.dell.com/community/Inspiron/Dell-G15-2022-MUX-switch-via-BIOS-update-please/m-p/8205896?search-action-id=620654746274&search-result-uid=8205896
9,5/7/2022,dell g15 5520,0,dellg15 - dell.community,0,Not solved,dell website not recognizing my service tag number on g15 5520,"i recently bought a g15 5520 a week ago and also registered it through my dell app. i wanted to update the drivers on it, so i went to the website where it asked for the service tag. dell website automatically detected the service tag, but the website says ""there is no match for that service tag or product id. please try again, auto-detect or choose from all products"" ""no results found.we couldn't find <private service tag removed.tos73>. please modify your search and try again"" ",https://www.dell.com/community/Customer-Care/Dell-website-not-recognizing-my-service-tag-number-on-G15-5520/m-p/8196635?search-action-id=631612393345&search-result-uid=8196635
10,5/6/2022,dell g15 5520,0,dellg15 - dell.community,6,Solved!,g series - g15 5520 dual monitor and ssd upgrade query,"i have two questions.1. does dell  g15 5520 laptop support dual monitor support.- one via hdmi port- other via usb c display support port.  i googled for it, but could not find the answer.2. suppose i wanted 1tb ssd storage space but it only comes with 512gb sdd. does this laptop have a provision for adding additional 512gb ssd storage or do we have to replace the existing one with 1tb? ps: sorry i did not find any g series forums to post this.solved!go to solution.there is a huge thread in the forum here about speeds on the 5511 that are not up to gen 4 specs. the consensus seems to be a problem on the mb but it does not seem to actually pinpoint an actual cause.do you have any information on g15-5511 gen-4 support for ssd.  i am aware that 2 ssd's can be used, but only getting gen-3 speed on both.  i7-11800h_ 16gb_ rtx3050ti_ 512gb(os) + 1tbwe are all here to help out, glad that it was helpful!thanks, @ejn63 and @jocean. both answers helped me understand it better.  the answer to 1 depends on the gpu you have -- if you have the rtx gpu, then one of the usb 3.2 ports supports displayport alt mode  and will provide video output.if you have the system with the gtx gpu or integrated video, you'll need a displaylink adapter or a docking station.the answer to 2 is system-specific.  there are at least two different system boards used in this model - one has two m.2 nvme connectors, but the other has only one.  the only sure way to know is to remove the base cover and check.  this forum post may help answer the question about dual monitors.as for the second question, there is a lot of conflicting information about the 2nd m.2 capabilities. this video may help but also have a look at this forum post (it is for the 5510 but should apply to the 5520),",https://www.dell.com/community/Inspiron/G-series-G15-5520-dual-monitor-and-SSD-upgrade-query/m-p/8195891?search-action-id=631612521544&search-result-uid=8195891
11,4/24/2022,dell g15 5520,0,dellg15 - dell.community,4,Not solved,"inspiron g15 5520 (2022, 12th-gen intel) - number of pcie nvme ports?","dear all,if anyone has the latest g15 5520 laptop, can you please confirm how many m.2 pcie nvme ports this laptop has (and if it actually works)?the dell website is quite confusing and totally omits this info, proper full reviews are seemingly absent still, some ""reviews"" on dell's shop mention that it has only a single m.2 port...at the same time the ""service manual"" clearly shows two m.2 ports (one on the left side, one on the right side), and we do know that almost all other 12th-gen laptops by default have two m.2 ports. p.s. i do not mind the port to be missing heatsink\assembly attachment\screws, i am interested in port's existence and its operational readiness. thank you thanks for replies, though the question remains... the youtube video, frankly, doesn't show anything (the guy couldn't even open up the laptop...)yes, the guy says that the support told him second drive is not allowed... not allowed by whom? dell? and what will they do if i use the second m.2 port? sue me?the question remains - is the port inside? and if it is - is it truly active or not?dell support can say everything they want, we have seen much weirder things happening in pc world  than a company claiming something doesn't work or exist, only for this something to exist and work without a hitch... anh owners?in addition to the youtube video, brace yourself as the variations and various motherboard types is confusing to say the least.edit: and @ejn63 types faster than i can google.the service manual i am looking at shows one m.2 slot for either a 2230 or 2280 ssd. and the specs here clearly state the following. i agree that the rh side looks like another m.2 slot mount but it is not labeled ssd and the specs do not identify a second slot.your dell g15 5520 supports one m.2 2230/2280 solid-state drives. that means either a 2230 or a 2280 but not both.and i found this on youtube which appears to clear up the confusion. evidently the 5520 variant of the g15 does not have the capability for a second m.2 ssd.from the manual and the specs list, one m.2 is for a storage drive, and the other is for the wireless card.if you're looking for a system that supports two nvme drives, look elsewhere. ",https://www.dell.com/community/Inspiron/Inspiron-G15-5520-2022-12th-gen-Intel-number-of-PCIe-NVME-ports/m-p/8189055?search-action-id=631612890789&search-result-uid=8189055
12,4/22/2022,dell g15 5521,0,dellg15 - dell.community,3,Not solved,g15 5521 special edition 2022 model crackling speakers,"i received my 2022 g15 2 days ago, and the entire time, the speakers crackle and the audio sounds kinda hollow. i've been looking around for solutions but i don't think there's too many people out there with this specific laptop yet, so i was wondering if anyone here could help me out? i really hope i can get this figured out, cause i love everything else about this laptop and i really don't wanna have to return it.nah, it'll happen with any kind of sound. i've noticed it only happens with my right speaker, and it'll stop crackling if i lower my volume down to around 50%. any higher and it'll start crackling again. i don't have smartbytes on this laptop, but do you think i should still try the rest of the solution you posted? i was able to clear up the hollowness by messing with my sound settings at least.is the crackling occurring right before windows sound events? if so, try the solution in this thread.most laptop speakers will produce tinny, hollow sound. it can be improved by making sure that the enhancements for your speakers are enabled in the sound control panel applet and then adjusting  the settings in the program responsible for managing the sound settings. (e.g. maxxaudiopro). however, it's best to disable all sound enhancements in the sound applet as they can alter the way the audio is processed, which will change the eq and apply dynamic range compression. overall it helps with audio clarity, but is also applied to other audio outputs as well, like headphones & bluetooth speakers.dang, zero responses?",https://www.dell.com/community/Inspiron/G15-5521-Special-Edition-2022-model-crackling-speakers/m-p/8187938?search-action-id=631613031908&search-result-uid=8187938
13,4/10/2022,dell g15 5520,0,dellg15 - dell.community,2,Not solved,dell g15 5520 battery,"hi! i recently bought a dell g15 5520 with 86 wh battery but it's able only to give me 2 hours of autonomy. is it normal? thanksbattery life depends heavily on configuration.  if your system has only intel graphics, that's low -- but if it has a discrete gpu and you're using that, two hours is perfectly reasonable.you can try reducing the screen brightness, cpu frequency and disable the nvidia gpu if you need more runtime, but gaming systems just aren't designed with long battery runtimes as a priority. i have to maximize the battery life when i'm not stressing the pc. how can i do it? i saw from some review on internet higher battery life of this pc while using it in simple tasks.",https://www.dell.com/community/Inspiron/dell-g15-5520-battery/m-p/8181023?search-action-id=631307223349&search-result-uid=8181023
14,3/14/2022,dell g15 5520,0,dellg15 - dell.community,2,Not solved,"inspiron g15 5520, s2421hn work with gpu?","i have a dell s2421hn monitor. i am planning to purchase the new dell inspiron g15 5520 laptop (with 12th gen intel core i7 processor and nvidia geforce rtx 3050 ti gpu). i wanna know whether my monitor will work with the nvidia gpu of that laptop or not? if yes please provide a thumbs up. if not can you please provide a list of laptops with which my monitor can use the dedicated gpu of that laptop?the version with the rtx 3050 gpu does not have firmware switchable graphics -- the intel gpu runs all video outputs.you need the g15 with the rtx 3060 gpu to support firmware switchable graphics.you'll also find firmware-switchable graphics on the xps 9710 with the rtx gpu and on many of the alienware 15 and 17""systems, along with many of the precision series. https://www.dell.com/en-au/shop/dell-laptops/g15-gaming-laptop/spd/g-series-15-5520-laptop/hng552026...with this device, my s2421hn monitor can use the nvidia graphics of the laptop?",https://www.dell.com/community/Inspiron/Inspiron-G15-5520-S2421HN-work-with-GPU/m-p/8164943?search-action-id=620655886025&search-result-uid=8164943
