post date,model,views,video type,title,link
2022-07-18,dell g15,310,Not short,dell g15 2022 series launched & available to buy on amazon 🎉🎉,https://www.youtube.com/watch?v=vQKa-AJZ6A4
2022-07-16,dell g15,197710,Not short,dell g15 special edition gaming laptop quick review ⚡,https://www.youtube.com/watch?v=lgetH5zTC80
2022-07-15,dell g15,3523,Not short,dell g15 gaming 2022 ⚡ intel i5 12500h + rtx 3050 gaming test 🔥 16 aaa games tested ⚡dell g15 2022 😍,https://www.youtube.com/watch?v=PFaNNKYmq4k
2022-07-05,dell g15 5520,9222,Not short,dell g15 gaming 2022 🔥 intel i5 12500h + rtx 3050  full review ⚡ best gaming laptop under 90000 😍,https://www.youtube.com/watch?v=GhIpxr6WBPo
2022-07-03,dell g15,603,Not short,gostei | notebook dell g15 - review atualizado e completo,https://www.youtube.com/watch?v=8AoAlmjbRNk
2022-06-26,dell g15 5525,53,Not short,dell g15 5525 gaming laptop ||  nvidia geforce rtx 3060 || ryzen 7 6800h || 120 hz refresh rate,https://www.youtube.com/watch?v=FULMW1MTcxw
2022-06-26,dell g15 5525,123,Not short,"dell g15 5525 gaming laptop with amd ryzen 6000h processors, up to 16gb ram launched in india",https://www.youtube.com/watch?v=4UcfSxEsX9w
2022-06-23,dell g15 5511,862,Not short,dell g15 2022 - ryzen 7 6800h rtx 3060 | worth buying ??,https://www.youtube.com/watch?v=YApSeAbG_P0
2022-06-21,dell g15 5525,93,Not short,"dell g15 5525 gaming laptop with amd ryzen soc, up to 16gb ram launched in india: all details",https://www.youtube.com/watch?v=YZAaNucZYkk
2022-06-20,dell g15,473,Not short,dell g15 ryzen edition搭載5800h與3060實測分享｜筆電｜amd｜電競｜gaming｜nvidia｜rtx3060｜溫度｜功耗 ｜review,https://www.youtube.com/watch?v=ShPzQKK-5Bk
2022-06-18,dell g15 5511,629,Not short,dell g15 5515 | a must not buy variant | ryzen cpus,https://www.youtube.com/watch?v=qcvx1jgf3tA
2022-06-18,dell g15,9101,Not short,problems in new dell g15 gaming laptop with rtx 3050,https://www.youtube.com/watch?v=PoDHccZLUko
2022-06-04,dell g15 5515,26079,Not short,dell's best gaming laptop!🔥- dell g15 5515 | ryzen 5 5600h | rtx 3050⚡️,https://www.youtube.com/watch?v=xaigLQsAKQE
2022-05-30,dell g15,17682,Not short,dell g15 se 5521 レビュー 今買うべきゲーミングノートpcはこれだ！！,https://www.youtube.com/watch?v=bw-OtB2k3g0
2022-05-30,dell g15 5520,7295,short,brand new dell g15😍,https://www.youtube.com/shorts/jCrFVAoxNJ8
2022-05-24,dell g15,135,Not short,dell g15 perfeito agora o presente momento veja o vídeo,https://www.youtube.com/watch?v=Lmxt3rHy5J0
2022-05-24,dell g15 5520,9136,Not short,dell g15 5520 has some secrets!,https://www.youtube.com/watch?v=TYcg0Ys9sp0
2022-05-14,dell g15 5521,11714,Not short,speed up your dell g15 5521 / 5520 - ssd upgrade guide,https://www.youtube.com/watch?v=o-Z9JV4f4K0
2022-05-07,dell g15,77285,Not short,dell g15 se 2022 review - finally a well priced 12th gen gaming laptop,https://www.youtube.com/watch?v=Ej_mgN25a_I
2022-05-06,dell g15 5515,9115,short,special edition dell g15 5515 ryzen 7 5800h rtx 3060 165hz gaming laptop preview,https://www.youtube.com/shorts/gq9qw38jbz4
2022-05-05,dell g15,1242,Not short,【業界最安！】こういうのが欲しかった！！dell g15 ryzen editionレビュー【格安・高性能】,https://www.youtube.com/watch?v=8aB9HkJgnAw
2022-04-29,dell g15,21851,Not short,"ซื้อตัวไหนดี dell g15 vs asus tuf dash f15 จับมา battle!! ในงบ 36,990 บาท",https://www.youtube.com/watch?v=xzxMmd-c9jE
2022-04-26,dell g15 5525,2372,Not short,"dell g15 5525 / alienware m15 r7 ปี 2022 สเปก amd ryzen 6000h + geforce rtx 30 เริ่ม 3x,xxx บาท",https://www.youtube.com/watch?v=7G3amnH-4u4
2022-04-24,dell g15 5525,957,Not short,"dell g15 5525 (2022) - with ryzen 6000, rtx 3070 ti, 120hz and windows 11 !!",https://www.youtube.com/watch?v=mSWk2CzV6M0
2022-04-23,dell g15,8083,Not short,the most affordable gaming laptop | dell g15 unboxing + setup + review | gameplay included,https://www.youtube.com/watch?v=060LfVoM67Q
2022-04-13,dell g15 5520,15787,Not short,dell g15 5520 - core i7/rtx 3070 ti - unboxing & first impressions,https://www.youtube.com/watch?v=T3zSpCDVnYU
2022-04-08,dell g15 5515,19009,Not short,dell g15 (5515) review en español 😱 laptop para gamers y productividad,https://www.youtube.com/watch?v=LxkmG5Z4CB4
2022-03-28,dell g15,1762,Not short,rtx 3070 ti | dell g15 gaming laptop (2022) | doom eternal | 1080p benchmarks,https://www.youtube.com/watch?v=5rwBiIXeeis
2022-03-25,dell g15 5520,4560,Not short,dell g15 5520 missing 2nd ssd slot inside (conclusion),https://www.youtube.com/watch?v=7Gyb5ZLtN14
2022-03-14,dell g15,5502,Not short,性能感人，12代酷睿dell游匣g15游戏笔记本 2022款开箱dell g15 gaming laptop unboxing,https://www.youtube.com/watch?v=PPdq87e5Ayg
2022-03-05,dell g15 5520,5326,Not short,【splustech】dell戴尔g15 5520新款评测：精耕细作稳中向好，性能超出预期，扩展不足,https://www.youtube.com/watch?v=qGv7JQOUvdw
2022-03-04,dell g15 5510,4975,Not short,pc portable gamer 700€: review dell g15 5510 + test sur 7 jeux !,https://www.youtube.com/watch?v=nzbBgrHqejU
2022-02-28,dell g15 5520,20168,Not short,(news) dell g15 5520 (2022) lộ diện !!! chỉ 24tr sở hữu i7 gen 12 + rtx 3060 - laptop trung quá rẻ !,https://www.youtube.com/watch?v=eIHJacYBCQ0
2022-02-24,dell g15 5520,26575,Not short,review 2022 dell g15 5520 i7 12700h rtx 3060 | is it hot ???,https://www.youtube.com/watch?v=E12G01X-aT0
2022-02-16,dell g15 5520,16157,Not short,戴尔g15 5520游戏本开箱，i7-12700h、rtx3060,https://www.youtube.com/watch?v=JiXBhPvG78A
2021-12-30,dell g15,6797,Not short,8 games test | dell g15 rtx 3060 laptop + ryzen 7 5800h | 5515,https://www.youtube.com/watch?v=Ts_kRLhl0S8
2021-11-26,dell g15,4485,Not short,unboxing du dell gaming g15-5510-585  (mon nouveau pc),https://www.youtube.com/watch?v=PezieRIluAA
2021-11-09,dell g15 5511,10392,Not short,распаковка ноутбука dell g15 5511 g515-0310,https://www.youtube.com/watch?v=xtAzCnJoI6o
2021-11-03,dell g15,4882,Not short,dell g15 ryzen vs acer predator helios 3000,https://www.youtube.com/watch?v=MT808n_mnb8
2021-10-15,dell g15 5515,106364,Not short,🛠️ dell g15 5515 - disassembly and upgrade options,https://www.youtube.com/watch?v=Du_tgLVHQaY
2021-09-28,dell g15,68181,Not short,review dell g15 ( para gamers y arquitectos),https://www.youtube.com/watch?v=auBuPqvzHi0
2021-09-25,dell g15 5515,70655,Not short,đánh giá dell gaming g15 5515: tản nhiệt cực tốt!,https://www.youtube.com/watch?v=eJU2nhd0GtA
2021-09-16,dell g15 5515,374751,Not short,dell g15 review - 3 big problems!,https://www.youtube.com/watch?v=O2k2Lgb38SU
2021-09-14,dell g15,15991,Not short,"test du dell g15 ryzen edition : comme un alienware, en beaucoup moins cher ?",https://www.youtube.com/watch?v=W7bANoWLFbI
2021-09-13,dell g15 5515,361282,Not short,lenovo legion 5 vs dell g15 - it's so close!,https://www.youtube.com/watch?v=kRjyxh9AG1w
2021-09-03,dell g15 5515,326363,Not short,dell g15 (5515) review - impressive and disappointing? 🤔,https://www.youtube.com/watch?v=xw6Xw_uKo58
2021-08-25,dell g15 5515,195038,Not short,"dell g15 - great gaming performance, but 2 big problems!",https://www.youtube.com/watch?v=kgIVFu_2SUQ
2021-08-08,dell g15 5515,50905,Not short,"trên tay dell gaming g15 5515: màn ""comeback"" cực đỉnh!",https://www.youtube.com/watch?v=HJLJh5hYh4Q
2021-07-28,dell g15 5510,82022,Not short,dell g15 ryzen edition - review en español | ¡tremenda máquina!,https://www.youtube.com/watch?v=ZUncdR6ZHBs
2021-07-17,dell g15 5510,152483,Not short,rtx 3050 (80w) - dell g15 5510 - gameplay test in 30 games,https://www.youtube.com/watch?v=mcXiU_BtS38
2021-07-06,dell g15 5515,42318,Not short,"how to open dell g15 5515 2021 clean heatsink thermal paste, dell gaming 15 upgrade ssd ram",https://www.youtube.com/watch?v=c71WVck6OnQ
2021-06-26,dell g15 5510,3286,Not short,g όπως gaming (dell g15 5510 review) | the gearheadz,https://www.youtube.com/watch?v=nTv9nTCeF5g
2021-06-12,dell g15 5515,58488,Not short,dell g15 5515 ryzen edition 2021 gaming laptop unbox and hardware review,https://www.youtube.com/watch?v=Y0YOE9V5gWw
