post date,model,views,video type,title,link
2022-08-06,dell g15 5521,6,Not short,dell g15 5521 12900h 1070 ti 8 gb,https://www.youtube.com/watch?v=JofVeDv0Z2U
2022-08-05,dell g16 7620,491,Not short,"dell g16 7620 is a 16 inch tank of a gaming laptop, but there’s two problems…",https://www.youtube.com/watch?v=OBa-wRVufwM
2022-08-02,dell g15 5520,92399,Not short,dell g15 special edition: the gaming laptop for masses?,https://www.youtube.com/watch?v=v-eFEg0D_Yc
2022-07-22,dell g15,932,short,best budget gaming laptop dell g15,https://www.youtube.com/shorts/R-elBoKS050
2022-07-16,dell g15,197710,Not short,dell g15 special edition gaming laptop quick review ⚡,https://www.youtube.com/watch?v=lgetH5zTC80
2022-07-13,dell g15,358,Not short,new dell g15　se　開封・使用感レビュー動画,https://www.youtube.com/watch?v=XO15o7s_0TI
2022-07-10,dell g15 5521,32,Not short,dell g15 5521 se laptop gameplay | halo infinite gameplay 2022  intel 12700h best gaming laptop 2022,https://www.youtube.com/watch?v=th5HCX8x5LE
2022-07-10,dell g15 5521,47,Not short,dell g15 5521 se laptop gameplay | asphalt 9 gameplay 2022 | intel 12700h laptop  best gaming laptop,https://www.youtube.com/watch?v=aEoID7sAtfM
2022-07-09,dell g15 5521,86,Not short,dell g15 5521 se laptop gameplay | forza horizon 5 gameplay 2022 | intel 12700h laptop | rtx 3060,https://www.youtube.com/watch?v=8Zqfapaxct0
2022-07-09,dell g15 5521,624,Not short,dell g15 5521 special edition laptop 2022 |  intel 12700h laptop | rtx 3060 graphics gaming laptop,https://www.youtube.com/watch?v=YZDa7AyhaR8
2022-07-06,dell g15 5520,548,short,dell g15 5520 || i7 12th gen || rtx 3050ti 95w.,https://www.youtube.com/shorts/12lMr77vRp4
2022-07-06,dell g15 5520,466,Not short,*dekho vo aa gya* dell g15 laptop | dell g15 5521 se,https://www.youtube.com/watch?v=IJUJYsjf33s
2022-07-02,dell g15 5521,306,Not short,dell g15 5521 se ssd upgrade,https://www.youtube.com/watch?v=5BnAbvHnXR0
2022-06-29,dell g15,471,short,dell g15 i5 gtx 1650. #g15,https://www.youtube.com/shorts/LXpAl5X4IN4
2022-06-26,dell g15 5520,6592,Not short,مفاجاة سارة من شركة انتل الجيل الثاني عشر ومميزات dell g15 5520 i7 12700h  rtx 3050  وعيوبه,https://www.youtube.com/watch?v=HJVaaFXpeHA
2022-06-23,dell g15,861,short,gta5 game play in new laptop | dell g15 rtx3050 16gb ram #shorts #shortsvideo #gaming,https://www.youtube.com/shorts/fmUiD_ghlXY
2022-06-20,dell g15 5520,14293,Not short,dell g15 5520 (2022) - i7 12700h/rtx 3070 ti - nuclear review,https://www.youtube.com/watch?v=sxTv0716oJs
2022-06-17,dell g15 5521,186,Not short,【高い！】m2airかゲーミングノートで悩みませんか？｜dell g15 5521｜m2 macbook air,https://www.youtube.com/watch?v=eVch0ey4oJg
2022-06-13,dell g15,3560,Not short,my new laptop is not just a laptop (dell g15),https://www.youtube.com/watch?v=_BJ9dj86yRA
2022-06-08,dell g15 5511,52,short,dell g15 5511 gaming laptop,https://www.youtube.com/shorts/t1QzsC82au4
2022-05-30,dell g15 5520,205,Not short,dell g15 (2022) 240hz ⚡refresh rate rtx 3050 ti,https://www.youtube.com/watch?v=6N4XwY1h9u8
2022-05-30,dell g15,17682,Not short,dell g15 se 5521 レビュー 今買うべきゲーミングノートpcはこれだ！！,https://www.youtube.com/watch?v=bw-OtB2k3g0
2022-05-24,dell g15 5520,9136,Not short,dell g15 5520 has some secrets!,https://www.youtube.com/watch?v=TYcg0Ys9sp0
2022-05-23,dell g15,5341,Not short,今買うゲーミングノートpcでdell g15 se(5520)はあり？5月30日までのデルのpcセール情報,https://www.youtube.com/watch?v=nj5DzwsU9Xo
2022-05-22,dell g15 5511,685,Not short,this new dell g15 has everything you want!!!,https://www.youtube.com/watch?v=hXjmhtca8B0
2022-05-20,dell g15,10425,Not short,dell g15 2022 review | best budget gaming laptop? 👀,https://www.youtube.com/watch?v=XSjqQ3FAmLM
2022-05-17,dell g15 5520,7116,Not short,dell g15 5520 5521 se 2022 india launch [hindi],https://www.youtube.com/watch?v=RCPuTpzH3YA
2022-05-17,dell g15 5520,846,short,"dell g15 5520, g15 5521 special edition (se) gaming laptops",https://www.youtube.com/shorts/GgUz4fIoBCg
2022-05-16,dell g15 5520,723,Not short,"dell g15 5520, g15 5521 special edition (se) gaming laptops, 12th gen intel core processors launched",https://www.youtube.com/watch?v=HHW8fpF0KR8
2022-05-16,dell g15 5521,40,Not short,"range rover sports launched,lenovo thinkcentre neo 50s,dell g15 se (5521) launched #ftfamily #ftqna",https://www.youtube.com/watch?v=fubDxOhjZTA
2022-05-16,dell g15,55,short,dell gaming g15 service 5515 model #shorts#laptop #dell #video #gaming #letsplay,https://www.youtube.com/shorts/a8R6vK2zZqc
2022-05-16,dell g15 5520,1949,Not short,acer nitro 5 2022 is better than dell g15! - best gaming laptop under 90k,https://www.youtube.com/watch?v=JhblSKf6AqU
2022-05-16,dell g15 5520,128,Not short,dell g series launch in india: what's makes it special?,https://www.youtube.com/watch?v=Kdior2-ygUU
2022-05-14,dell g15 5521,11714,Not short,speed up your dell g15 5521 / 5520 - ssd upgrade guide,https://www.youtube.com/watch?v=o-Z9JV4f4K0
2022-05-07,dell g15,77285,Not short,dell g15 se 2022 review - finally a well priced 12th gen gaming laptop,https://www.youtube.com/watch?v=Ej_mgN25a_I
2022-05-05,dell g15,1242,Not short,【業界最安！】こういうのが欲しかった！！dell g15 ryzen editionレビュー【格安・高性能】,https://www.youtube.com/watch?v=8aB9HkJgnAw
2022-05-02,dell g15 5511,393,Not short,5 grandes motivos  para comprar o dell g15 .,https://www.youtube.com/watch?v=uMXNq3UZRSw
2022-05-01,dell g15 5521,3621,Not short,"dell g15 5521 (2022) special edition, unboxing, impresiones y opinion",https://www.youtube.com/watch?v=r3YY4pl7he8
2022-04-27,dell g15,12482,Not short,dell g15 2022 review: 3 big problems | biba laptops,https://www.youtube.com/watch?v=SyZUCociUr4
2022-04-25,dell g15 5520,6216,Not short,worth buying? dell g15 5520 laptop launched in india rtx 3050 3050ti rtx 3060,https://www.youtube.com/watch?v=eYTjNpDFeio
2022-04-23,dell g15 5520,2365,Not short,asus tuf dash f15 2022 vs dell g15 2022,https://www.youtube.com/watch?v=Gx5wkPJf8Fo
2022-04-22,dell g15 5520,8940,Not short,new dell g15 5520 laptop launched - intel i5-12500h & rtx3050 - india price | i5-12500h vs 6800h,https://www.youtube.com/watch?v=Gxs6M2b1R-k
2022-04-17,dell g15,1377,Not short,dell g15 gaming laptop review rtx 3060,https://www.youtube.com/watch?v=AjBmZWydExo
2022-04-13,dell g15 5520,15787,Not short,dell g15 5520 - core i7/rtx 3070 ti - unboxing & first impressions,https://www.youtube.com/watch?v=T3zSpCDVnYU
2022-04-09,dell g15,942,Not short,rtx 3070 ti | dell g15 gaming laptop (2022) | gta 5 | 1440p benchmarks,https://www.youtube.com/watch?v=LVf8Togaw_8
2022-04-05,dell g15 5521,6419,Not short,인텔 12세대 게이밍 노트북 델 g15 5521 출시 사전예약 12700h / rtx3060 / rtx3070ti,https://www.youtube.com/watch?v=GQLvLqaRW1Y
2022-04-01,dell g15,1532,Not short,"new 델 dell 2022 게이밍 노트북 g15 🚀 인텔 i7-12700h/ ddr5 16g/ 1tb/ rtx 3060, 3070ti",https://www.youtube.com/watch?v=wXMsk-6D5gY
2022-03-31,dell g15,2668,Not short,dell g15 ryzen edition || unboxing and setup in shop.,https://www.youtube.com/watch?v=zqv91ES94gI
2022-03-25,dell g15 5520,4765,Not short,【コスパ最強！】intel第12世代 core i7-12700h／dell g15 5520 gaming laptop【開封】,https://www.youtube.com/watch?v=8ma-wKZb8Hs
2022-03-25,dell g15 5520,4560,Not short,dell g15 5520 missing 2nd ssd slot inside (conclusion),https://www.youtube.com/watch?v=7Gyb5ZLtN14
2022-03-25,dell g15 5520,6093,Not short,dell g15 5520 12700 - no 2nd ssd slot! (read description),https://www.youtube.com/watch?v=su1kXkN9vUc
2022-03-14,dell g15,5502,Not short,性能感人，12代酷睿dell游匣g15游戏笔记本 2022款开箱dell g15 gaming laptop unboxing,https://www.youtube.com/watch?v=PPdq87e5Ayg
2022-02-25,dell g15,10749,Not short,new dell g15 gaming 2022 - india prices & launch dates | intel 12th gen i7-12700h | upto rtx3070ti,https://www.youtube.com/watch?v=c2QXN4oz4X4
2022-02-24,dell g15 5520,26575,Not short,review 2022 dell g15 5520 i7 12700h rtx 3060 | is it hot ???,https://www.youtube.com/watch?v=E12G01X-aT0
2022-02-24,dell g15,4,short,dell g15 intel i5-10200h gaming laptop#shorts #youtubeshorts #amazon #amazonproducts,https://www.youtube.com/shorts/DNSMrU26_rI
2022-02-17,dell g15 5510,20791,Not short,how to upgrade ssd on a dell g15 5511 | increase laptop memory storage | install m.2 pcie hard drive,https://www.youtube.com/watch?v=yTJVe5tzoIc
2022-02-03,dell g15 5515,1028,Not short,dell finally improved it | dell g15 ryzen 7 | unboxing and review in telugu | dell laptop in telugu,https://www.youtube.com/watch?v=jxUeKGIZWAc
2022-01-28,dell g15,4188,short,meu novo notebook gamer chegou!! dell g15 intel core i7 rtx 3060! - games ds15 #shorts,https://www.youtube.com/shorts/6CfeANDXdZA
2022-01-26,dell g15,593,short,"dell g15 i5 11400h rtx3050, memoria fury não e compativel",https://www.youtube.com/shorts/E8JOS33DEhw
2022-01-25,dell g15 5511,818,Not short,dell g15 5511にm.2 ssd増設する方法,https://www.youtube.com/watch?v=nU9ETfMv4rc
2022-01-16,dell g15,118,short,dell g15 rygen 5 | teri jhalak sarfi | puspa song | dell g15 rygen edition | dell laptop g15,https://www.youtube.com/shorts/_UzZrs7ILtw
2022-01-11,dell g15,15880,Not short,dell g15 2022 review - affordable gaming but with problems,https://www.youtube.com/watch?v=m5to9qZwaDk
2022-01-10,dell g15,6295,Not short,#13 2 meses com o dell g15 core i7 11800h pequenos problemas encontrados,https://www.youtube.com/watch?v=VaAhU4FEt6Q
2021-12-28,dell g15 5511,7617,Not short,dell g15 5511 special edition unboxing (laptop),https://www.youtube.com/watch?v=KfoY1j78aTI
2021-12-23,dell g15,55483,Not short,this laptop is a beast! //  dell g15 laptop overview!,https://www.youtube.com/watch?v=2Jz2hbLC2eU
2021-12-22,dell g15 5515,134,short,"laptop dell gaming g15 5515: cấu hình cực khỏe, thoái mái chiến game ( video 360 )",https://www.youtube.com/shorts/7PwQfZ0xj60
2021-12-21,dell g15,31685,Not short,ゲーミングpcオススメ対決!!「alienware m15 ryzen™ edition r5」vs「dell g15 ryzen™ edition」,https://www.youtube.com/watch?v=_hRITPgTxaU
2021-12-20,dell g15,2881,Not short,upgrading a dell latitude 5521 laptop with commentary,https://www.youtube.com/watch?v=XVr1HTM7hec
2021-12-03,dell g15 5511,57005,Not short,"16+ правильный игровой ноутбук: dell g15 5511, или 107 вт на rtx 3060 — железный цех игромании",https://www.youtube.com/watch?v=UNLQCSzytn8
2021-12-03,dell g15,86940,Not short,dell g15 gaming laptop review,https://www.youtube.com/watch?v=F1ZKeFZvcEg
2021-11-03,dell g15 5511,37972,Not short,"dell g15 5511 special edition - best price, newest most powerful laptop this year?! unboxing review",https://www.youtube.com/watch?v=4ZOcZyQzM3A
2021-10-15,dell g15 5515,106364,Not short,🛠️ dell g15 5515 - disassembly and upgrade options,https://www.youtube.com/watch?v=Du_tgLVHQaY
2021-10-11,dell g15,2952,Not short,[4k] dell g15 게이밍 노트북 프리뷰 영상,https://www.youtube.com/watch?v=VpMpgtumEs0
2021-10-11,dell g15 5510,3919,short,dell g15 gaming laptop (2021) | best gaming laptop 2021 | fashion tips by aj | #shorts #dell,https://www.youtube.com/shorts/xChXbI_QVoo
2021-07-06,dell g15 5515,42318,Not short,"how to open dell g15 5515 2021 clean heatsink thermal paste, dell gaming 15 upgrade ssd ram",https://www.youtube.com/watch?v=c71WVck6OnQ
