post date,model,views,video type,title,link
2022-08-05,dell g15 5520,24,Not short,dell g15 5520 vs predator helios 300| battle of the mid gaming laptops,https://www.youtube.com/watch?v=PGkfOscfaZU
2022-08-02,dell g15 5520,92390,Not short,dell g15 special edition: the gaming laptop for masses?,https://www.youtube.com/watch?v=v-eFEg0D_Yc
2022-07-28,dell g15 5520,118,Not short,dell g15 5520 vs acer nitro 5 an515 58! full compare!,https://www.youtube.com/watch?v=swRFYAbB25Y
2022-07-26,dell g15 5510,1566,Not short,مراجعة dell g15 5510  | سعر ومميزات وعيوب dell g5 | لاب للمونتاج والجيمنج | dell g15 review |,https://www.youtube.com/watch?v=x35ZNPqSw5M
2022-07-24,dell g15 5520,4801,Not short,dell g15 5520 | intel i7 12th gen 12700h rtx 3050ti review | dell g15 2022 gaming laptop review,https://www.youtube.com/watch?v=bfGAec7hpoQ
2022-07-22,dell g15,932,short,best budget gaming laptop dell g15,https://www.youtube.com/shorts/R-elBoKS050
2022-07-22,dell g15 5520,1684,Not short,"2022 dell g15 5520 gaming laptop review! 😱 intel i7-12700h + rtx 3060 🔥 gaming test, memory upgrade",https://www.youtube.com/watch?v=nR59ZjYnKes
2022-07-22,dell g15,10,Not short,dell g15 (5520) full specification||review||gaming laptop||dell laptop||tech||tech introduce,https://www.youtube.com/watch?v=NHrOFvY9kgQ
2022-07-21,dell g15,2336,Not short,يلا نشتري لاب توب ديل لطلاب الهندسة review laptop dell 5520  i7 12700h rtx 3060,https://www.youtube.com/watch?v=lrctUO9gHqI
2022-07-20,dell g15 5520,985,Not short,dell g15 (2022) i5-12500h | rtx 3050 | 12 games tested,https://www.youtube.com/watch?v=b8_dZKxsS6E
2022-07-19,dell g15 5520,778,Not short,dell g15 rtx 3050 i5-12500h - laptop gaming por menos de 1000$,https://www.youtube.com/watch?v=OoZWv4Quj4k
2022-07-19,dell g15 5511,466,short,dell g15 5511 new,https://www.youtube.com/shorts/CSKRInbyZn8
2022-07-18,dell g15,310,Not short,dell g15 2022 series launched & available to buy on amazon 🎉🎉,https://www.youtube.com/watch?v=vQKa-AJZ6A4
2022-07-16,dell g15 5520,2145,Not short,"review of the dell g15 5520 12th gen i7 12700h, rtx 3060 laptop",https://www.youtube.com/watch?v=HqeCA6CdLlA
2022-07-16,dell g15,197709,Not short,dell g15 special edition gaming laptop quick review ⚡,https://www.youtube.com/watch?v=lgetH5zTC80
2022-07-15,dell g15,3523,Not short,dell g15 gaming 2022 ⚡ intel i5 12500h + rtx 3050 gaming test 🔥 16 aaa games tested ⚡dell g15 2022 😍,https://www.youtube.com/watch?v=PFaNNKYmq4k
2022-07-12,dell g15,3981,Not short,รีวิว dell inspiron g15 สเปกน่าใช้ ดีไซน์ดุดัน คอเกมต้องโดน | ihavecpu,https://www.youtube.com/watch?v=9gdMnP622kU
2022-07-11,dell g15 5520,189,Not short,"dell g15 5520  gaming laptop unboxing and review - i7 12 gen, 4 gb graphic, 16 gb ram",https://www.youtube.com/watch?v=3Mj6IO9dib8
2022-07-10,dell g15 5521,47,Not short,dell g15 5521 se laptop gameplay | asphalt 9 gameplay 2022 | intel 12700h laptop  best gaming laptop,https://www.youtube.com/watch?v=aEoID7sAtfM
2022-07-09,dell g15 5521,86,Not short,dell g15 5521 se laptop gameplay | forza horizon 5 gameplay 2022 | intel 12700h laptop | rtx 3060,https://www.youtube.com/watch?v=8Zqfapaxct0
2022-07-09,dell g15 5521,624,Not short,dell g15 5521 special edition laptop 2022 |  intel 12700h laptop | rtx 3060 graphics gaming laptop,https://www.youtube.com/watch?v=YZDa7AyhaR8
2022-07-09,dell g15 5520,359,Not short,dell g15 5520 | logitech g402 mouse | logitech g213  keyboard unboxing | oye nadiadi | deep rajput,https://www.youtube.com/watch?v=LC5be9Hv3i0
2022-07-08,dell g15 5520,25,Not short,โน้ตบุ๊กเกมมิ่งยานแม่ dell g15 5520 gaming,https://www.youtube.com/watch?v=OWUBNZgyGFY
2022-07-07,dell g15 5520,8479,Not short,รีวิว dell g15 5520 สเปก i7-12700h + rtx 3060 + จอ 165hz srgb 100% จบครบทุกความต้องการ ดีไซน์เฉียบ,https://www.youtube.com/watch?v=q3s6eNj5JnA
2022-07-06,dell g15,999,Not short,✅ unboxing laptop dell gaming g5 15 5520 procesador core i7 16gb ram 512gb ssd rtx 3060 fhd,https://www.youtube.com/watch?v=9QS52vIXtvs
2022-07-06,dell g15 5520,548,short,dell g15 5520 || i7 12th gen || rtx 3050ti 95w.,https://www.youtube.com/shorts/12lMr77vRp4
2022-07-06,dell g15 5520,466,Not short,*dekho vo aa gya* dell g15 laptop | dell g15 5521 se,https://www.youtube.com/watch?v=IJUJYsjf33s
2022-07-05,dell g15 5520,9222,Not short,dell g15 gaming 2022 🔥 intel i5 12500h + rtx 3050  full review ⚡ best gaming laptop under 90000 😍,https://www.youtube.com/watch?v=GhIpxr6WBPo
2022-07-02,dell g15 5520,425,Not short,【pcデスク周り】 メインpcを買い換えました！｜dell,https://www.youtube.com/watch?v=yWvPD1NpjTU
2022-06-30,dell g15 5520,105290,Not short,"best gaming laptop around 50000, 60000, 70000, 80000, 1 lakh, 1.5 lakh!",https://www.youtube.com/watch?v=CmdvqKIYns4
2022-06-30,dell g15 5520,2133,Not short,ازاي تركب هارد للاب توب ديل جي 15 upgrade hard ssd laptop dell g15 5520 i7 12700h,https://www.youtube.com/watch?v=Dgp4yqErHH8
2022-06-29,dell g15,471,short,dell g15 i5 gtx 1650. #g15,https://www.youtube.com/shorts/LXpAl5X4IN4
2022-06-28,dell g15 5520,461,Not short,dell g15 5520 i7 12thgen 3050ti,https://www.youtube.com/watch?v=snJ_5zuQNPI
2022-06-28,dell g15,20861,Not short,รีวิว dell g15 เครื่องแรงแถมไม่แพงแบบนี้สิ gg,https://www.youtube.com/watch?v=Kai6O1GaE60
2022-06-27,dell g15 5520,10457,Not short,dell g15 5520 (2022) - i5 12th gen 12500h rtx 3050 - test in 16 games,https://www.youtube.com/watch?v=3tOpdKNDcIQ
2022-06-26,dell g15 5520,2434,Not short,كل ما تريده في لابتوب إحترافي |  dell latitude 5520 (2021) review,https://www.youtube.com/watch?v=DZhAEmLClJQ
2022-06-26,dell g15 5520,6592,Not short,مفاجاة سارة من شركة انتل الجيل الثاني عشر ومميزات dell g15 5520 i7 12700h  rtx 3050  وعيوبه,https://www.youtube.com/watch?v=HJVaaFXpeHA
2022-06-26,dell g15,336,Not short,unboxing & review dell gaming laptop g15 for playing roblox!!!,https://www.youtube.com/watch?v=_4SIkoEDi_E
2022-06-26,dell g15 5520,348,Not short,*amiro ka* dell g15 laptop | dell g15 5520,https://www.youtube.com/watch?v=PMKa6tgJ0II
2022-06-24,dell g15,9,Not short,dell g15 8gb ram 512gbssd 4gb graphics,https://www.youtube.com/watch?v=tMdDO8BrByc
2022-06-23,dell g15,861,short,gta5 game play in new laptop | dell g15 rtx3050 16gb ram #shorts #shortsvideo #gaming,https://www.youtube.com/shorts/fmUiD_ghlXY
2022-06-23,dell g15 5520,12265,Not short,dell g15 5520 | intel i5 12th gen 12500h rtx 3050 review | dell g15 2022 gaming laptop unboxing,https://www.youtube.com/watch?v=USUolG765-0
2022-06-22,dell g15 5520,3520,Not short,【fun科技】外星人的身体，地球人的心。戴尔g15 5520上手体验,https://www.youtube.com/watch?v=fcgi3ofmsq0
2022-06-21,dell g15 5525,93,Not short,"dell g15 5525 gaming laptop with amd ryzen soc, up to 16gb ram launched in india: all details",https://www.youtube.com/watch?v=YZAaNucZYkk
2022-06-21,dell g15,919,Not short,✅ unboxing laptop gaming dell g5 5520 core i7 16gb ram 512gb ssd nvidia geforce rtx 3060 liverpool,https://www.youtube.com/watch?v=SIAH2FJCCjg
2022-06-20,dell g15 5520,14293,Not short,dell g15 5520 (2022) - i7 12700h/rtx 3070 ti - nuclear review,https://www.youtube.com/watch?v=sxTv0716oJs
2022-06-14,dell g15 5510,5336,Not short,dell g15 vs dell g3 - did it changed...?! 🤔⚡️,https://www.youtube.com/watch?v=Fn0RPryUbmQ
2022-06-13,dell g15 5520,7520,Not short,ชวนคุย nitro 5 / g15 5520 / legion 5i ดูราคา ดีไซน์ ฟีเจอร์ สเปก i7-12700h + rtx 3060 ซื้อรุ่นไหนดี,https://www.youtube.com/watch?v=N9Dy7BaiVxs
2022-06-13,dell g15,3560,Not short,my new laptop is not just a laptop (dell g15),https://www.youtube.com/watch?v=_BJ9dj86yRA
2022-06-12,dell g15 5515,2503,Not short,فتح صندوق افضل لابتوب العاب مونتاج دراسة dell g15 5515,https://www.youtube.com/watch?v=n9GVGlLxzXY
2022-06-11,dell g15,434,Not short,dell g15 laptop ram upgrade,https://www.youtube.com/watch?v=j9vd4XRCQSg
2022-06-11,dell g15,450,Not short,dell g15 (2022) full overview - not review | best budget gaming laptop | i7-12700h,https://www.youtube.com/watch?v=uoFOww1S2dY
2022-06-10,dell g15 5520,1556,Not short,unboxing dell g15 5520 -core i7 (12th gen) specially for gaming 🎮 #dell #dellgaming #youtube,https://www.youtube.com/watch?v=SPpzo00OQ8A
2022-06-10,dell g15 5515,1957,Not short,so sánh hiệu năng laptop dell precision 5530 và dell gaming g15 5515,https://www.youtube.com/watch?v=KPTYVXsLsKc
2022-06-10,dell g15 5511,16306,Not short,dell g15 5511 unboxing & review | i5-11260h vs i5-11400h dell g15 | rtx3050 best gaming laptop 70000,https://www.youtube.com/watch?v=bWDI_eyJitI
2022-06-09,dell g15 5510,312,Not short,*best in budget* dell g15 laptop | dell g15 5511,https://www.youtube.com/watch?v=hZd6R0iSo3o
2022-06-08,dell g15 5511,52,short,dell g15 5511 gaming laptop,https://www.youtube.com/shorts/t1QzsC82au4
2022-06-07,dell g15 5510,2676,Not short,dell g15 | 👽alienware command center explained,https://www.youtube.com/watch?v=VkPgWUbpvD0
2022-06-06,dell g15,478,short,dell g15 2022 gaming notebook🔥🔥🔥,https://www.youtube.com/shorts/h_Jfja7baL0
2022-06-04,dell g15 5511,1756,Not short,fix yellow display problem in dell g15 (important!!!),https://www.youtube.com/watch?v=I-n3Q8K1rzg
2022-05-31,dell g15 5511,4013,Not short,"playing gta 5 in dell g15 gaming laptop | fps, heating | gaming review (in hindi)",https://www.youtube.com/watch?v=qaBkSe0vhRA
2022-05-31,dell g15 5520,4945,Not short,dell g15 5520 i7 12700h gaming laptop 2022 |  dell g15 5520 unboxing and review in hindi,https://www.youtube.com/watch?v=RLV6FWfrSM0
2022-05-30,dell g15,623,Not short,"dell g15 [2022 edition] -  intel i5 12500h , rtx 3050 4gb , gaming laptop unboxing",https://www.youtube.com/watch?v=e836C5TDGQ0
2022-05-30,dell g15 5520,205,Not short,dell g15 (2022) 240hz ⚡refresh rate rtx 3050 ti,https://www.youtube.com/watch?v=6N4XwY1h9u8
2022-05-30,dell g15,17682,Not short,dell g15 se 5521 レビュー 今買うべきゲーミングノートpcはこれだ！！,https://www.youtube.com/watch?v=bw-OtB2k3g0
2022-05-30,dell g15 5520,7294,short,brand new dell g15😍,https://www.youtube.com/shorts/jCrFVAoxNJ8
2022-05-28,dell g15 5520,3923,Not short,"dell 2022 g15 5520 i5 12th gen 12500h rtx 3050, ddr5 16 gb ram, unboxing from non youtuber sorry",https://www.youtube.com/watch?v=0PWFvG9m5eA
2022-05-26,dell g15 5520,1041,Not short,amazing 2022 dell g15 gaming laptop 👏 intel i5-12500h & rtx 3050 edition | specs | upgrade options,https://www.youtube.com/watch?v=nco-3kw2C4Y
2022-05-25,dell g15 5520,88,Not short,"dell new g15 5520 gaming laptop,intel i7-12700h, 16gb, 512gb, nvidia rtx 3050 ti (4gb gddr6), 15.6""",https://www.youtube.com/watch?v=0-kW_87Cz-o
2022-05-25,dell g15 5520,1154,Not short,戴尔g15 5520上手体验：新一代真香机？rtx3060 2k 240hz配置稳扎稳打,https://www.youtube.com/watch?v=hZk04tPQZ5E
2022-05-24,dell g15 5520,9135,Not short,dell g15 5520 has some secrets!,https://www.youtube.com/watch?v=TYcg0Ys9sp0
2022-05-23,dell g15,5341,Not short,今買うゲーミングノートpcでdell g15 se(5520)はあり？5月30日までのデルのpcセール情報,https://www.youtube.com/watch?v=nj5DzwsU9Xo
2022-05-21,dell g15,1741,Not short,แกะกล่องรีวิว dell g15 i7-12700h rtx3060 80tdp iris xe ddr5 gaming laptop w566312600th specter green,https://www.youtube.com/watch?v=GvnpPHt8MQU
2022-05-20,dell g15,10425,Not short,dell g15 2022 review | best budget gaming laptop? 👀,https://www.youtube.com/watch?v=XSjqQ3FAmLM
2022-05-18,dell g15,51433,Not short,i̇deal oyuncu ve öğrenci laptopu! dell gaming g15 i̇nceleme,https://www.youtube.com/watch?v=B5makwBekuM
2022-05-18,dell g15 5511,59,Not short,dell g15 intel 12th gen. i5-12500h laptop,https://www.youtube.com/watch?v=BFCNJHbkf6k
2022-05-17,dell g15 5520,7116,Not short,dell g15 5520 5521 se 2022 india launch [hindi],https://www.youtube.com/watch?v=RCPuTpzH3YA
2022-05-17,dell g15 5520,40,Not short,sony playstation plus | vivo x80 pro price | dell g15 5520 gaming laptop | poco c40 listed on bis,https://www.youtube.com/watch?v=_hZQ0iX1Yx8
2022-05-17,dell g15 5520,846,short,"dell g15 5520, g15 5521 special edition (se) gaming laptops",https://www.youtube.com/shorts/GgUz4fIoBCg
2022-05-16,dell g15 5520,723,Not short,"dell g15 5520, g15 5521 special edition (se) gaming laptops, 12th gen intel core processors launched",https://www.youtube.com/watch?v=HHW8fpF0KR8
2022-05-16,dell g15,55,short,dell gaming g15 service 5515 model #shorts#laptop #dell #video #gaming #letsplay,https://www.youtube.com/shorts/a8R6vK2zZqc
2022-05-16,dell g15 5520,1949,Not short,acer nitro 5 2022 is better than dell g15! - best gaming laptop under 90k,https://www.youtube.com/watch?v=JhblSKf6AqU
2022-05-16,dell g15 5520,128,Not short,dell g series launch in india: what's makes it special?,https://www.youtube.com/watch?v=Kdior2-ygUU
2022-05-15,dell g15,929,Not short,acer nitro 5 vs dell g15 2022 | intel i5 12500h rtx 3050 | best under 90000 🔥,https://www.youtube.com/watch?v=OvzZpgMZi-s
2022-05-14,dell g15 5520,8608,Not short,dell g15 5520 intel i5-12500h rtx3050 vs intel i5-11400h rtx3060 asus f15 | best gaming laptop 90000,https://www.youtube.com/watch?v=W_GUutlp88s
2022-05-14,dell g15 5520,90,Not short,razer blade 15 advanced model 2021 vs dell g15 2022,https://www.youtube.com/watch?v=aG8gBy0PIJw
