post date,model,views,video type,title,link
2022-07-09,inspiron 14 5425,1044,Not short,dell inspiron 14 5425 review | amd ryzen 7 5825u - 16gb ram - 512gb ssd,https://www.youtube.com/watch?v=ybKoPORMM3M
2022-06-24,inspiron 14 5420,289,Not short,【ezstick】dell inspiron 14 5420 5425 p157g 鍵盤膜樣式 及 機身貼 螢幕貼 touchpad 保護貼 施工過程 diy 筆電包膜,https://www.youtube.com/watch?v=a8QPhKdZKJ0
2022-06-18,inspiron,774,Not short,dell inspiron14が届いた！現在もお得！楽天リーベイツ12％還元！lenovo祭が残念な結果に！還元予定ポイント公開！来た！デルのノートパソコン、コスパ抜群は16インチモデル！狙い目です。,https://www.youtube.com/watch?v=IAi_U6O8xv8
2022-06-14,inspiron 14 5425,7670,Not short,6月20日までのデルのセール情報まとめinspiron 14 5425が5.9万円で安い！！,https://www.youtube.com/watch?v=synXahJC2D8
2022-06-07,inspiron 14,1450,Not short,"dell inspiron14大幅値下げ！59,275円！楽天リーベイツの還元％も増加中！lenovo20％還元はかなりお得、これは買いましょう！ノートパソコン急遽値下げがはじまった6月がアツイ！",https://www.youtube.com/watch?v=HqRij5BFOy8
2022-06-06,inspiron 14 5425,7150,Not short,6月13日までデルのpcセール情報inspiron 14 5425 inspiron 16 5625が最安値！,https://www.youtube.com/watch?v=qQHttYJG6-s
2022-06-02,No model name,107188,Not short,here’s a look at some of the best amd ryzen™ powered laptops that students can buy,https://www.youtube.com/watch?v=aE91mv2OGWM
2022-06-01,No model name,107,Not short,"[광고] 델 인스피론 14 5425 기본 sw 및 벤치마크, 사운드, 팬소음",https://www.youtube.com/watch?v=jnHRRdFnNEk
2022-05-25,No model name,328,Not short,[광고] 델 인스피론 14 5425 wh01k 가성비 노트북 디자인,https://www.youtube.com/watch?v=6RcimUxhWs0
2022-05-25,inspiron 14 5425,1994,short,"dell inspiron 5425 laptop 14""",https://www.youtube.com/shorts/SgItcp54J1A
2022-05-25,inspiron 14 5425,1358,Not short,"dell inspiron 5425 |ryzen 5 series 5625u |14"" screen 16:10 ratio |lateet ryzen 5 series processor",https://www.youtube.com/watch?v=IMgmfSCKD1A
2022-05-17,inspiron 14,2004,Not short,"価格が値上りしたが、ノートパソコンdell new inspiron 14 メモリー大容量モデルに注目！メモリー16gb、ssd512gb、価格差8,300円いいね。即納モデルあり！",https://www.youtube.com/watch?v=x6sgzikXRPc
2022-04-30,inspiron 14,7466,Not short,inspiron 14 メモリ増設、ssd換装を解説,https://www.youtube.com/watch?v=5UY_uZeTFHA
2022-04-24,inspiron 14,30,Not short,southernintl replacement for dell inspiron 14tr 14r-5420 5425 14r-7420 1528 m421r h58tk 0h58t review,https://www.youtube.com/watch?v=XM5GxcLZEO0
2022-04-13,inspiron 16 5620,31845,Not short,dell inspiron 16 5620 review - inspiron 5000 gets intel core i5-1235u and 16:10 screen for 2022,https://www.youtube.com/watch?v=Ng2sH__uGk8
2022-04-12,inspiron 14,1180,Not short,"dell inspiron 14 5415 calidad/precio en 14""",https://www.youtube.com/watch?v=Xk7SR8bzX-Q
2022-04-09,inspiron 14,5816,Not short,【新品】dell inspiron 14 amd (5425)で遊んでみます,https://www.youtube.com/watch?v=LcllN-fP-3E
2022-03-30,inspiron 14,4282,Not short,【dell inspiron 14 amd 5425】macbookairオーナーがでdellのノートpcでビデオ編集してみた。,https://www.youtube.com/watch?v=hja57LLLTEY
2022-03-24,inspiron,12052,Not short,"【$7,000輕量剪片文書機】dell insprion 16 5625評測｜amd新cpu ryzen 5 5625u跑分表現｜用內顯都做到簡單剪片、執相",https://www.youtube.com/watch?v=RMhytxR2Qqo
2022-03-22,inspiron 14,5105,Not short,"dell vostro 5415 ryzen 5 review i dell inspiron 14 laptop amd ryzen 5 14"" fhd screen - 8gb - 512g",https://www.youtube.com/watch?v=n-3kRumeqrY
2022-03-12,inspiron,44167,Not short,【inspiron14 5425 レビュー】6万円台のコスパ最強14インチパソコン！,https://www.youtube.com/watch?v=66hcnfsCdss
2022-03-12,inspiron 14,55992,Not short,【安さは正義？】6万円台から買えるノートパソコンdellの「inspiron 14（5425）」の魅力をひもとくレビューです。おすすめの構成も紹介します,https://www.youtube.com/watch?v=ho8XyRVivYg
2022-03-09,inspiron 14,33382,Not short,人気確実のノートpc、dell inspiron 14 amd (5425)のレビュー,https://www.youtube.com/watch?v=jazzNB0IzMQ
2022-03-08,inspiron 14 5425,44108,Not short,new inspiron 14 5425レビュー コスパ最高の14型ノートpc,https://www.youtube.com/watch?v=CV08yADQ_I0
2022-03-07,inspiron 14,22710,Not short,さらに値下げ、3月14日までのデルのpcセール情報まとめ。inspiron 14買うならいましかない！,https://www.youtube.com/watch?v=BzCGr8c0LGc
2022-03-06,No model name,14021,Not short,【2022年度版】macもあり？大学生向けノートパソコンの選び方とおすすめpc5選！,https://www.youtube.com/watch?v=oH2Cflc7F0I
2022-03-02,inspiron 14,31866,Not short,コスパ最強のノートpc 「dell new inspiron 14」しばらく使ってみた感想。今買ってもコスパ抜群な１品,https://www.youtube.com/watch?v=4290Lguu12w
2022-02-17,inspiron 14 5425,6616,Not short,"dell inspiron 14 5425/5420 - ram, ssd and wifi upgrade guide (2022 amd inspiron 5000-series)",https://www.youtube.com/watch?v=XRO6rDnSktk
2022-02-14,inspiron 14 5425,14890,Not short,dell inspiron 14 5425 first impressions - inspiron 5000 gets amd barcelo and 16:10 display for 2022,https://www.youtube.com/watch?v=23pQ8x2R6oA
2022-02-01,inspiron 14,5232,Not short,【inspiron 14 (5415)】動画編集用pcを購入しました,https://www.youtube.com/watch?v=5_8SROKRB70
2022-01-14,inspiron,8624,Not short,dell inspiron14（5415・5425）分解～メモリ32gb 増設,https://www.youtube.com/watch?v=WdyrgZ4GpjI
2021-11-04,inspiron 14,3848,Not short,dell inspiron 14 ノートパソコン 持っている方必見！ メモリ増設で動画編集やゲームも出来る！,https://www.youtube.com/watch?v=4WnxQ57q3BQ
2021-10-20,inspiron 14,4956,Not short,dell new inspiron 14 amd ノートパソコン メモリ増設を解説！ 「メモリ増設後まさかの自体に・・・」,https://www.youtube.com/watch?v=OOAQImcrbDU
2021-10-18,inspiron 14,592610,Not short,the no-nonsense laptop - dell inspiron 14,https://www.youtube.com/watch?v=jKJ12lo8P1o
2021-10-12,inspiron 14,85491,Not short,dell inspiron 14 vs insprion 15 (2021) - choose wisely!,https://www.youtube.com/watch?v=JefoZyhOsu0
2021-08-29,inspiron 14,85835,Not short,inspiron 14 5415とideapad slim 550 14amdはどっちがおすすめ？比較しながら紹介,https://www.youtube.com/watch?v=IO8sDJA-vJU
2021-08-09,inspiron 14,239715,Not short,dell inspiron 14 2021 review and unboxing - the prodigy laptop!,https://www.youtube.com/watch?v=z1BydFwlGPw
2021-07-04,inspiron 14,30408,Not short,dell inspiron 14 5415 2021 review. one of the best amd laptop for work!,https://www.youtube.com/watch?v=lqSA9XgPdfE
2020-11-13,inspiron 14,49113,Not short,dell inspiron 14 5405 #3 ～ssd換装　高コスパなノートpc,https://www.youtube.com/watch?v=Y2Pzzmn6HWo
2017-03-02,inspiron 14 5425,182,Not short,how to disassemble dell inspiron 5425,https://www.youtube.com/watch?v=do1l6bzkY5c
