post date,model,views,video type,title,link
2022-08-07,inspiron 16,1,Not short,bug slow window 11 using an nvme on the dell inspiron 16 7610,https://www.youtube.com/watch?v=3gz3gQAElFU
2022-08-06,inspiron 16 5620,48,Not short,new ⚡⚡ dell inspiron 16 5620  intel core i5-1240p laptop unboxing and review 2022 #dellinspiron,https://www.youtube.com/watch?v=VVB4xfeBLD8
2022-08-06,inspiron 16,36,short,#dell #inspiron 16 #shorts,https://www.youtube.com/shorts/E3T1CYrpyMU
2022-08-05,inspiron,2652,Not short,【おすすめpc】inspiron16とinspiron14を実機で比較！どっちがおススメ？dell超人気コスパ最強pcを紹介！おススメモデルも紹介！,https://www.youtube.com/watch?v=p8v4R85H7nI
2022-08-03,inspiron 16,7660,Not short,dell inspiron 16 plus 7620 (2022) - the review,https://www.youtube.com/watch?v=LwM9wjmejpg
2022-08-03,No model name,408,Not short,dell 7610: chiếc laptop siêu đỉnh dành cho người không chơi game,https://www.youtube.com/watch?v=hxCa-Q2ghfg
2022-08-02,inspiron 16,9,Not short,[광고] dell inspiron 16 dn5620-ub05kr 소리출력테스트,https://www.youtube.com/watch?v=bdLbEIf4aGk
2022-08-02,inspiron 16 5620,1876,Not short,dell inspiron 16 5620: the most affordable 16-inch laptop from dell!,https://www.youtube.com/watch?v=C-03jSN3Hr4
2022-08-02,inspiron 15,34,Not short,dell inspiron 16 2-in-1 (2022) review,https://www.youtube.com/watch?v=HfWSzTZEsZE
2022-08-02,inspiron,4782,Not short,dell vostro 16 5620 | 12th gen intel core i5-1240p laptop unboxing and review 2022,https://www.youtube.com/watch?v=IeoSNJroeCY
2022-07-31,inspiron 16 5625,48,Not short,dell inspiron 16 5625 스피커,https://www.youtube.com/watch?v=St59l43iOfk
2022-07-31,inspiron 16 5620,6197,Not short,chiếc laptop dell cực hay cho sinh viên cntt | dell inspiron 16 5625 (2022),https://www.youtube.com/watch?v=1bqxGhJBLSU
2022-07-31,inspiron 16,173,Not short,dell inspiron 16 7620 || full review and unboxing,https://www.youtube.com/watch?v=UO8clJqCf7A
2022-07-30,inspiron 16 5620,1598,Not short,dell vostro 16 5620 with intel core i5-1240p processor - dell laptop under 70000,https://www.youtube.com/watch?v=fFldh9wIyec
2022-07-29,inspiron 16,4979,Not short,dell inspiron 16 plus (7620) (2022): live unboxing,https://www.youtube.com/watch?v=4xaJvgmanmw
2022-07-27,inspiron 16 5620,417,Not short,[4k] dell inspiron 16 5620 노트북 프리뷰 영상,https://www.youtube.com/watch?v=gbKtzcI9BHE
2022-07-26,inspiron 16,135,Not short,dell inspiron 16 plus 7610 review 2022,https://www.youtube.com/watch?v=Etz9RBg8RJY
2022-07-25,inspiron 16,3876,Not short,review | dell inspiron 16 ซีพียู amd รุ่นตีบวก เครื่องสวย งานประกอบดี มี ram 2 ช่อง,https://www.youtube.com/watch?v=z_MNS2BDC78
2022-07-25,inspiron 16 5620,124,Not short,dell inspiron 16 5620 | 12th gen intel core i5-1240p laptop review 2022,https://www.youtube.com/watch?v=WYpru64MEOk
2022-07-24,inspiron 16 5620,507,short,laptop dell inspiron 16 5620 i7 1620p gen 12 2022,https://www.youtube.com/shorts/v4V2kOlNqdI
2022-07-24,inspiron 16,45,Not short,dell inspiron 16-7610 dual-boot windows 11 con fedora linux 36 workstation con gnome shell 42.3.,https://www.youtube.com/watch?v=Jm9--bqAZzk
2022-07-22,inspiron 16,561,Not short,"dell xps 15 2022 version, very poor craftsmanship. replacement for inspiron 16 plus. dell sucks",https://www.youtube.com/watch?v=NAkTko94O3I
2022-07-22,inspiron 16 5620,353,Not short,💯dell inspiron 16 5620~12th gen intel core i5-1240p💯laptop review 2022..new launch 🤩,https://www.youtube.com/watch?v=KMAdOM6h0MQ
2022-07-20,inspiron 16 5620,89,Not short,【ezstick】dell inspiron 16 5620 p117f 鍵盤膜樣式 及 機身貼 螢幕貼 touchpad貼 施工過程 diy 筆電包膜,https://www.youtube.com/watch?v=otkSUxd9pOQ
2022-07-19,inspiron 16 5625,1177,short,"dell inspiron 16 5625 - mẫu laptop cấu hình mạnh, thiết kế đẹp dành cho sinh viên 2022",https://www.youtube.com/shorts/xwh98WdEgmM
2022-07-19,inspiron 16,63,Not short,dell new inspiron 16 2in1 7620 intel 12th core i7 1260p benchmark ベンチマーク,https://www.youtube.com/watch?v=Nss88l6EAIg
2022-07-19,inspiron 15 3525,276,Not short,dell inspiron 16 5620 🤩12th gen intel core i5-1240p | 16gb ram 512gb ssd 2gb nvidia 2022 new launch🤩,https://www.youtube.com/watch?v=VKLN8fAq8-I
2022-07-16,inspiron 16 5620,31329,Not short,dell inspiron 16 5620 | 12th gen intel core i5-1240p laptop review 2022,https://www.youtube.com/watch?v=ZMFygd-7cGI
2022-07-16,inspiron 16,71,Not short,dell inspiron 16 laptop - refresh rate,https://www.youtube.com/watch?v=v-6nQIhKiEc
2022-07-15,inspiron 14,412,Not short,dell inspiron 2 in 1 16 inch laptop and tablet  12th gen intel core i7,https://www.youtube.com/watch?v=sXDcwfzBCIs
2022-07-15,inspiron 16 5625,1349,Not short,đánh giá dell inspiron 5625: cứ ngỡ như macbook 16 inch!,https://www.youtube.com/watch?v=0vxX3UM48Wk
2022-07-14,inspiron,239,short,new arrival 🔥🔥dell inspiron 7610 16’💻*brand new 2022 model *i7-11800h/32gb/1tb ssd .,https://www.youtube.com/shorts/DCKbjqqSZ3w
2022-07-14,inspiron,408,Not short,"dell inspiron 7620 16"" 2 in 1 | 25 triệu màn hình lớn, thiết kế đẹp!!!",https://www.youtube.com/watch?v=TmSxD5UcsUA
2022-07-14,inspiron 16,9926822,Not short,unboxing the dell inspiron 16 2-in-1 | best-in-class | beebom,https://www.youtube.com/watch?v=jlTNlZSG9zc
2022-07-13,inspiron 16 5620,744,short,dell inspiron 16 12th gen | dell inspiron 16 5620 |dell i512th gen laptop #dell  #unboxing,https://www.youtube.com/shorts/QWR7HdhsniY
2022-07-13,inspiron 16,280,Not short,"dell inspiron 16 plus (2022): features, reviews, and price",https://www.youtube.com/watch?v=Puf7eUoUFBE
2022-07-12,inspiron 16 5620,3627,Not short,dell vostro 5620 vs dell inspiron 16 | which is better ? | intel i5 12th gen,https://www.youtube.com/watch?v=oygfIZlNZb4
2022-07-11,inspiron 16 5625,2010,Not short,"รีวิว dell inspiron 16 5625 จอ 16"" fhd+ สเปกลื่นไหล ryzen 5000 เบา 1.87 โล ราคา 2x,xxx - 3x,xxx บาท",https://www.youtube.com/watch?v=wBhu44aQkf4
2022-07-11,inspiron 16,6397,Not short,"พรีวิว dell inspiron 16 สเปก ryzen 5, 7 จอ 16"" fhd+ สายทำงานบางเบาครบเครื่อง",https://www.youtube.com/watch?v=gE8Wntv7gmY
2022-07-10,inspiron 14,204,Not short,dell inspiron 14 plus & inspiron 16 plus with 12th gen intel core h-series soc launched,https://www.youtube.com/watch?v=_LEB2QRd_Ds
2022-07-10,inspiron 14,271,short,dell inspiron 16 plus and inspiron 14 plus launched.,https://www.youtube.com/shorts/7ISbt80HSiI
2022-07-09,inspiron 16 5620,6969,short,dell inspiron 16 5620 i5 12th generation,https://www.youtube.com/shorts/IjUgYyE0j60
2022-07-09,inspiron 16 5620,84,Not short,"[광고] dell inspiron 16 5620 ub05kr 노트북, 게임 오디오 출력",https://www.youtube.com/watch?v=jQ7893HNoXE
2022-07-09,inspiron 16 5620,30,Not short,"[광고] dell inspiron 16 5620 ub05kr 노트북, 오버워치 플레이 영상",https://www.youtube.com/watch?v=BvYpjcC0sBc
2022-07-08,inspiron 16 5620,22239,Not short,dell inspiron 5620 12th gen intel core i3🔥 | shocking result 😔 | unboxing & first impressions⚡,https://www.youtube.com/watch?v=oTqxx4THKFM
2022-07-08,inspiron 16,300,Not short,dell inspiron 16 plus with geforce rtx 3060 gpu,https://www.youtube.com/watch?v=SAHVNNB_c3k
2022-07-08,inspiron 16,4848,Not short,inspiron 16-inch laptop with 12th gen intel processor,https://www.youtube.com/watch?v=sJQnxYdReW8
2022-07-08,inspiron 14,4951,Not short,dell inspiron 14 / 16 plus 2022 12700h + rtx 3060,https://www.youtube.com/watch?v=pksNaxKARd0
2022-07-08,inspiron 16,2971,Not short,asus vivobook s15 oled vs dell inspiron 16 | which is better ? | intel i5 12th gen,https://www.youtube.com/watch?v=m2QMeQLRSHY
2022-07-07,inspiron 16 5620,113,Not short,dell inspiron 16 5620 laptop 12th gen intel,https://www.youtube.com/watch?v=Vz-DXwY7368
2022-07-07,inspiron 16,655,Not short,dell inspiron 16 plus 7620  fan noise and decibels,https://www.youtube.com/watch?v=wfG4u7w1gTo
2022-07-07,inspiron 16,941,Not short,dell inspiron 16 plus 7620 internals,https://www.youtube.com/watch?v=7en4L4grA9I
2022-07-06,inspiron 16 5620,1430,Not short,review laptop dell inspiron 16 5620 n6i5003w1 core i5-1240p ram 16gb ssd 512gb geforce mx570 2gb,https://www.youtube.com/watch?v=g3bMdeN-K7A
2022-07-05,inspiron 16,67144,Not short,dell 12th gen laptop unboxing | dell inspiron 16 7620 2 in 1 laptop unboxing | windows 11 | lt hub,https://www.youtube.com/watch?v=hMwFhpCRgBY
2022-06-30,inspiron 16 5620,2134,Not short,review laptop dell inspiron 16 5620 n6i7000w1 core i7-1260p ram 16gb ssd 512gb geforce mx570 2gb,https://www.youtube.com/watch?v=uEuCnWYFykw
2022-06-30,inspiron,15,Not short,notebook dell inspiron i7 16 gb ram 512 ssd,https://www.youtube.com/watch?v=e1JsgnmLdIs
2022-06-27,inspiron 16 5625,1172,Not short,review laptop dell inspiron 16 5625 99vp91 ryzen r7-5825u ram 8gb ssd 512gb 16 inch full hd+ quá đẹp,https://www.youtube.com/watch?v=gaispke3iYs
2022-06-26,inspiron 16,5051,Not short,dell inspiron 2 in 1 7620 laptop review,https://www.youtube.com/watch?v=YanthRVhlmE
2022-06-26,inspiron 16,449,Not short,【科技】inspiron 16 plus (inspiron 7610) 创作型笔电值得买吗？品控翻车我决定退货，dell 品牌的 qc 估计我几年内不想考虑 | 不是测评review 、评测影片,https://www.youtube.com/watch?v=ECv_n4h6420
2022-06-26,inspiron,94,Not short,dell inspiron 5310 - chỉ 16 triệu có được chiếc laptop cao cấp tiệm cận xps,https://www.youtube.com/watch?v=I0Xs3XO9wSk
2022-06-25,inspiron 14,123335,Not short,dell inspiron 16 2-in-1 (2022): 4k oled + 12th gen core i7!,https://www.youtube.com/watch?v=624M1n3K3aY
2022-06-25,inspiron 14,369745,Not short,dell inspiron 14 2022 unboxing & first impressions⚡your go-to laptop for everything*,https://www.youtube.com/watch?v=HtOTt2N8fe0
2022-06-23,inspiron,181,Not short,dellinspiron16買った直後に即分解改造！してみた,https://www.youtube.com/watch?v=dW24OgbZEHI
2022-06-20,inspiron 16,1120,Not short,"inspiron 16 2-in-1 สเปก i7-1260p + mx550 จอ oled uhd+ พับได้ 360 ลำโพง 4 ตัว เบา 2.1 โล เริ่ม 3x,xxx",https://www.youtube.com/watch?v=CdNd5OnqA48
2022-06-18,No model name,14541,Not short,why dell laptops are best ? dell laptops at every budget 2022,https://www.youtube.com/watch?v=tySjKUTlcog
2022-06-17,inspiron 16,29699,Not short,dell inspiron 16 2-in-1 (7620) (2022) review,https://www.youtube.com/watch?v=5Hb1viHCKGo
2022-06-14,inspiron 16,175,Not short,dell inspiron 16 plus 7610 review (touchpad big issue),https://www.youtube.com/watch?v=fivaypLO3Qc
2022-06-14,inspiron 16,31,Not short,inspiron 16 plus touchpad big issue,https://www.youtube.com/watch?v=PjoGuTKrKH4
2022-06-14,inspiron 16 5620,8502,Not short,dell inspiron 16 full overview - not review | the best 16-inch 12th gen laptop,https://www.youtube.com/watch?v=98lYr_kL85g
2022-06-13,inspiron 16 5625,352,Not short,dell inspiron 16 5625 running linux,https://www.youtube.com/watch?v=ITvmzWE8OdU
2022-06-13,inspiron 16,1912,Not short,dell inspiron 16 2022 india launched price specs and availability,https://www.youtube.com/watch?v=mYsSSNb6XcU
2022-06-12,inspiron 16,264,Not short,"dell inspiron 16 plus 16-inch 3k notebook launched with rtx 3060 | all spec, features and more",https://www.youtube.com/watch?v=s9ixpCgfa8s
2022-06-10,inspiron,5631,Not short,warning! watch before buying a dell 2022!! beware of dell laptops #dell  #inspiron #laptop,https://www.youtube.com/watch?v=BjnhJp7nmp0
2022-06-09,inspiron 16,339,Not short,inspiron 16 plus laptop | laptop review |,https://www.youtube.com/watch?v=5biB0XHByBg
2022-06-07,inspiron 16,113,Not short,"dell inspiron 16 7610: đồ họa thì thiếu, văn phòng lại thừa #short",https://www.youtube.com/watch?v=WbRHRXbE6qg
2022-06-06,inspiron 14 5425,7150,Not short,6月13日までデルのpcセール情報inspiron 14 5425 inspiron 16 5625が最安値！,https://www.youtube.com/watch?v=qQHttYJG6-s
2022-06-06,inspiron,103,Not short,"unboxing dell inspiron 7610 - 16 plus,unboxing dell inspiron 7610, unboxing inspiron 7610, dell 7610",https://www.youtube.com/watch?v=Rx_qvOsz2Qo
2022-06-05,inspiron 16,606,Not short,dell inspiron 16 plus test,https://www.youtube.com/watch?v=rox6FKpUxns
2022-06-05,inspiron 16,6398,Not short,unboxing dell inspiron 16 laptop,https://www.youtube.com/watch?v=swVgwBbWMmE
2022-06-03,inspiron 16,7,Not short,inspiron 16 laptop,https://www.youtube.com/watch?v=_Ry-sbahKVI
2022-06-01,inspiron,1793,Not short,inspiroon 16 amd メモリー増設手順,https://www.youtube.com/watch?v=JoMbQ7HX0f4
2022-06-01,inspiron 16,129,Not short,dell inspiron 16 plus 7610 touchpad issue (new laptop issue),https://www.youtube.com/watch?v=tPniP9MRQPI
2022-06-01,inspiron 16,64,Not short,dell inspiron 16 plus touchpad problem,https://www.youtube.com/watch?v=nd1NeE__SFk
2022-06-01,inspiron 16,79,Not short,dell inspiron 16 plus 7610 touchpad issue,https://www.youtube.com/watch?v=HRFl_lXlxfc
