post date,model,views,video type,title,link
2022-08-07,inspiron 15,3,Not short,cara setting bios laptop dell inspiron 15 install windows 10 uefi,https://www.youtube.com/watch?v=JCH2M_U5OyQ
2022-08-07,inspiron 15,19,Not short,dell inspiron 15 3000 model 3511 - best budget friendly laptop 2022,https://www.youtube.com/watch?v=cmZeti_Ok5Q
2022-08-07,inspiron,5,Not short,how to repacle battery dell inspiron 5565 (cách thay pin dell inspiron 5565),https://www.youtube.com/watch?v=8YwvUjKea90
2022-08-06,inspiron 15,36,Not short,dell inspiron 15 3000 series/laptop battery parmanent failure to be replaced.,https://www.youtube.com/watch?v=1nzogSKPN6Y
2022-08-06,inspiron 15,15,short,turn on light in dell inspiron 15 3611,https://www.youtube.com/shorts/OvGuaY_rkjI
2022-08-06,inspiron 15,21,Not short,"dell inspiron 15 3511 intel core 11th gen 15.6"" fhd laptop review (dell new laptop 2022) full review",https://www.youtube.com/watch?v=pt8oerfvhqM
2022-08-05,inspiron 15,6,Not short,dell inspiron 15 5518 || boot time,https://www.youtube.com/watch?v=HzamYAkhnhw
2022-08-05,inspiron 15,25,Not short,dell inspiron 15 5510購入レビュー,https://www.youtube.com/watch?v=qzNvCSFcjMs
2022-08-05,inspiron 15,45,Not short,dell inspiron 15 3511 disassembly ram ssd hard drive upgrade battery hinge replacement repair,https://www.youtube.com/watch?v=YwNMM7PvWR0
2022-08-05,inspiron 15,41,Not short,dell inspiron 15 3558 disassembly ram ssd hard drive upgrade battery replacement repair,https://www.youtube.com/watch?v=iIZXwezRT0U
2022-08-05,inspiron,108,Not short,simulation comptia a+ replacing m.2 drive in dell inspiron laptop,https://www.youtube.com/watch?v=KmqzHP6qp_s
2022-08-05,inspiron 15,130,short,dell inspiron 15-3567...#shorts #youtubeshorts #tech #youtube #shortsfeed #pc #technology #laptop,https://www.youtube.com/shorts/KHG5p18AVHw
2022-08-05,inspiron 15,19,Not short,paradise 🤍 dell inspiron 15 3000,https://www.youtube.com/watch?v=rPFQRCFlQC0
2022-08-05,No model name,491,Not short,"dell g16 7620 is a 16 inch tank of a gaming laptop, but there’s two problems…",https://www.youtube.com/watch?v=OBa-wRVufwM
2022-08-04,inspiron 15,7,Not short,dell inspiron 15 3543 touchscreen laptop (core i5 5th gen/8 gb/256gb ssd/windows 10 pro/2 gb nvidia,https://www.youtube.com/watch?v=twiUhWwksag
2022-08-04,inspiron 15,26,Not short,unboxing dell inspiron 15 3000 model 3525 laptop,https://www.youtube.com/watch?v=CEfElSpCkGA
2022-08-04,inspiron 15,5,Not short,dell inspiron 15 7577 cka50 ckf50 la-e992p rev 1.0 schematic,https://www.youtube.com/watch?v=SRBwZaKyhfg
2022-08-04,inspiron,53,Not short,trocar a tela do notebook dell inspiron 3583,https://www.youtube.com/watch?v=YREFngCIPmo
2022-08-04,inspiron,23,Not short,trocando a tela dell inspiron 3583 - desconectar a bateria abrindo o notebook,https://www.youtube.com/watch?v=b8xrr_2tg9M
2022-08-04,inspiron,47,Not short,trocando a tela dell inspiron 3583 - abrindo caixa tela nova,https://www.youtube.com/watch?v=JjOZzvPdkwU
2022-08-04,inspiron 15,17,Not short,"dell inspiron 15 (7570) von innen - ram, ssd, akku, lüfter wechseln",https://www.youtube.com/watch?v=Tc-2fZy9mLU
2022-08-04,inspiron 15,8,Not short,fix dell laptop desktop wifi not working inspiron latitude xps vostro g15 g3 g7 precision connecting,https://www.youtube.com/watch?v=P_eM-HHvQX0
2022-08-04,No model name,14,Not short,0wdx0r аккумулятор для ноутбука dell.,https://www.youtube.com/watch?v=VSDuNng-Il0
2022-08-03,No model name,31,Not short,dell laptop battery wdxor | 11.4v 3500mah 42wh,https://www.youtube.com/watch?v=G9ugJEdryUc
2022-08-03,inspiron,20451,Not short,o novo alienware m15 r7 da dell: 12700h + rtx 3070ti,https://www.youtube.com/watch?v=V-XcHjdd0ik
2022-08-02,inspiron 15,129,Not short,dell inspiron 15 3511 core i7 11th gen 2gb nvidia mx330 all in one laptop gaming and business,https://www.youtube.com/watch?v=QMTe460M9Sk
2022-08-01,inspiron 15 3525,629,Not short,dell inspiron 3525 vs hp pavilion 15 | which is better ? | hp pavilion 15 | dell inspiron 3525,https://www.youtube.com/watch?v=FSSSTNOjbkA
2022-07-31,inspiron,4281,Not short,"laptop dell inspiron 3511 màn hình cảm ứng - giá hủy diệt , hoàn tiền nếu ờ đâu rẻ hơn | xaha store",https://www.youtube.com/watch?v=KKpYYdwdzNM
2022-07-31,inspiron 16 5620,6197,Not short,chiếc laptop dell cực hay cho sinh viên cntt | dell inspiron 16 5625 (2022),https://www.youtube.com/watch?v=1bqxGhJBLSU
2022-07-29,inspiron 15,104,Not short,dell inspiron 15-3581 intel core i3 7th generation laptop -মাদারবোর্ড রিভিউ #munna vlogs,https://www.youtube.com/watch?v=d9TBxhmbQxI
2022-07-28,inspiron 15,36,Not short,dell inspiron 15 3000 internal ssd solid state drive | #shortsvideo #tamil,https://www.youtube.com/watch?v=Sp5v1VCVYfc
2022-07-12,inspiron 15,141,Not short,"dell inspiron 15 3565 ssd upgrade , dell inspiron  15 3565  ram upgrade , dell 15 3565 ssd upgrade",https://www.youtube.com/watch?v=9huNHpshZXQ
2022-07-08,inspiron 16 5620,22237,Not short,dell inspiron 5620 12th gen intel core i3🔥 | shocking result 😔 | unboxing & first impressions⚡,https://www.youtube.com/watch?v=oTqxx4THKFM
2022-06-25,inspiron 14,369742,Not short,dell inspiron 14 2022 unboxing & first impressions⚡your go-to laptop for everything*,https://www.youtube.com/watch?v=HtOTt2N8fe0
2022-06-23,inspiron 15,21729,Not short,notebook dell bom e barato vale a pena? // inspiron 15 3511 (análise completa),https://www.youtube.com/watch?v=ySiuZnTTjfQ
2022-05-23,inspiron 15,67281,Not short,🚀 dell inspiron 3511 // é o novo 🥇rei do custo benefício barato? recebeu bons upgrades!!,https://www.youtube.com/watch?v=k8YwiU_4Bhw
2022-05-15,inspiron 15,2253,Not short,dell inspiron 15 3511 11-gen bios setup,https://www.youtube.com/watch?v=5OvCdylTHrE
2022-05-05,inspiron 15,648516,Not short,dell drops: notebook inspiron 15 3000 – o que tem de novo?,https://www.youtube.com/watch?v=ymdGDsBrtEo
2022-04-23,inspiron 15,1818,Not short,dell inspiron 15 3501 bios setup,https://www.youtube.com/watch?v=EPIV2f1Xe9g
2022-04-10,No model name,82074,Not short,qual melhor notebook dell custo benefício em 2022? // guia de toda a linha!,https://www.youtube.com/watch?v=qGvpTov0VQY
2022-04-07,inspiron 15,23800,short,dell inspiron 15 3000 blue unboxing + setting up (laptop) #short #shortsvideo #shorts,https://www.youtube.com/shorts/T4T3Ttg7ALM
2022-04-05,inspiron 15,15123,Not short,dell inspiron 15 3511 3515 hinges issue resolved: calibrate hinge of any slim laptop to avoid damage,https://www.youtube.com/watch?v=FsVWQoaZNls
2022-04-03,inspiron 15,1402,Not short,dell inspiron 15 5501 lcd panel replacement,https://www.youtube.com/watch?v=VghYZLP9zJo
2022-04-01,inspiron 15,1136,Not short,"dell inspiron 15 3515 15.6"" laptop - amd ryzen 7, 512 gb ssd, silver - quick look",https://www.youtube.com/watch?v=BBBI_G4hUHM
2022-03-26,inspiron 15,12930,Not short,dell inspiron 15 laptop || i7-11th gen || unboxing || quick review,https://www.youtube.com/watch?v=YvGWQjmwQXk
2022-03-21,No model name,1198845,Not short,detailed laptop buying guide 2022⚡don't miss this video,https://www.youtube.com/watch?v=XADAYYCnp4w
2022-03-18,No model name,67225,Not short,top 10 best 2 in 1 laptops 2022 | best convertible laptops,https://www.youtube.com/watch?v=P7mMvgSfokE
2022-03-16,inspiron 15,1315,Not short,"dell  inspiron 15 3576 ssd upgrade , dell inspiron 15 3576 sata  ssd upgrade",https://www.youtube.com/watch?v=9XoihKijNmE
2022-03-14,inspiron 15,46654,Not short,dell inspiron 15: notebook versátil com chips intel de 11ª geração e windows 11!,https://www.youtube.com/watch?v=qSeXSwJnJ1A
2022-03-13,inspiron 15,1500,Not short,"ram upgrade dell inspiron 15 3000, 3565 | crucial ram upgrade laptop",https://www.youtube.com/watch?v=OfZFNr9FBXE
2022-03-12,inspiron 15,1128,Not short,"dell inspiron 15 3511 ssd upgrade , dell inspiron 15 3511 m.2 nvme ssd upgrade",https://www.youtube.com/watch?v=ykXKm0Y4cVs
2022-03-09,inspiron 15,10420,Not short,análise completa dell inspiron 15 5510,https://www.youtube.com/watch?v=Dhl1KWNs8oQ
2022-03-04,inspiron 15,5070,Not short,dell inspiron 15 i1101 m60s,https://www.youtube.com/watch?v=alCHl9EaN94
2022-03-04,inspiron 15,3257,Not short,dell inspiron 15 3511 review tamil|dell 2021 inspiron 3511 tablet review|dell inspiron laptop tamil🔥,https://www.youtube.com/watch?v=71_Iij_a694
2022-03-04,inspiron 15,1063,Not short,dell inspiron 15 5547 5548 5545 upper palmrest case & bottom base cover replacement,https://www.youtube.com/watch?v=bGyPT3re4a8
2022-03-04,inspiron 15,641,Not short,"dell inspiron 15 3584 ssd upgrade , dell inspiron 15 3584 m.2 ssd upgrade",https://www.youtube.com/watch?v=8yWPWvvO5Uo
2022-03-02,inspiron 15,115617,Not short,restoring destroyed dell inspiron 15 - ( repairs for a cheap + mod ),https://www.youtube.com/watch?v=o5RfId9Bkos
2022-02-28,inspiron 15,70,Not short,dell inspiron 15 7570 turns on then off. initial inspection. repair. part 2,https://www.youtube.com/watch?v=EbdlD2Ev_WM
2022-02-21,inspiron 15,4382,Not short,"dell inspiron 15 3511 - disassembly and upgrade  | ssd, 2.5"" hdd/ssd & memory upgrade | benchmark",https://www.youtube.com/watch?v=X0z_aviHXH0
2022-02-21,inspiron 15,814,Not short,"dell inspiron 15 5518 15.6"" laptop - intel® core™ i7, 512 gb ssd, silver - product overview",https://www.youtube.com/watch?v=XeTwC7B-AWg
2022-02-18,inspiron,620,Not short,【購入レビュー】dell inspiron15(5515)　買いました！,https://www.youtube.com/watch?v=rzN1WNN9rx0
2022-02-17,inspiron 15,1726,Not short,dell inspiron 15 3000 unboxing,https://www.youtube.com/watch?v=WaLSwjPq0-U
2022-02-14,inspiron 15,7942,Not short,dell inspiron 15 3515 r585sg-w11 notebook laptop disassemble upgrade ddr4 ram,https://www.youtube.com/watch?v=bHnnRiBRKwM
2022-02-14,inspiron 15,10942,Not short,"dell inspiron 15 5510- i7 11390h, mx450,16 gigas de ram (em português)",https://www.youtube.com/watch?v=kAE9cjvvxvM
2022-02-12,inspiron 15,2180,Not short,dell inspiron 15 new 3511 3515 2022 model: review disassembly ram m.2 nvme ssd,https://www.youtube.com/watch?v=tysnCCH6N1Y
2022-02-09,inspiron 15,2021,Not short,"dell inspiron 15 3511 15.6"" laptop - intel® core™ i5, 256 gb ssd, silver - product overview",https://www.youtube.com/watch?v=_z6h1ULZraE
2022-02-06,inspiron 15,1742,Not short,[review] dell inspiron 15 3505 – is it worth spending money on a new laptop with older tech?,https://www.youtube.com/watch?v=6oaoz_Wwj_E
2022-02-06,inspiron 15,6021,Not short,novo dell - notebook inspiron 15 5510,https://www.youtube.com/watch?v=1Jiv5uzYMtI
2022-02-06,inspiron 15,864,Not short,dell inspiron 15 5518 || i7 11th gen 1tb ssd,https://www.youtube.com/watch?v=I-ZG9iE6qJU
2022-02-04,inspiron 15,940,Not short,"dell inspiron 15 3585 ssd upgrade , dell inspiron 15 3585 m.2 ssd upgrade , complete comparison",https://www.youtube.com/watch?v=bgMvIDmgQ3I
2022-01-30,inspiron 15,6423,Not short,dell inspiron 15 3000 series only light blinking (laptop not working) dead solution,https://www.youtube.com/watch?v=uI-bgJgGXIU
2022-01-30,inspiron,8608,Not short,dell inspiron athlon dual core 3050u review | dell 15 athlon silver 3050u | dell 15 2021 | 3050u,https://www.youtube.com/watch?v=apw8639VsSY
2022-01-28,inspiron 15,472,Not short,dell inspiron 15 bad hard drive and replace with ssd,https://www.youtube.com/watch?v=z4Yh9FLNbqQ
2022-01-28,inspiron 15,2560,Not short,"dell inspiron 15 3511 core i5 11th gen 15.6"" fhd laptop || mid-budget laptop price in bangladesh",https://www.youtube.com/watch?v=bA93L310x5Q
2022-01-28,inspiron 15,8140,Not short,"dell inspiron 15 (5515) - ram, ssd and wifi upgrade",https://www.youtube.com/watch?v=DMDgDXfEtmA
2022-01-27,inspiron 15,1003,Not short,restore reset a dell inspiron 15 to factory settings,https://www.youtube.com/watch?v=pIKUeDGGZwc
2022-01-26,inspiron 15,401,Not short,"dell inspiron 15 5518 15.6"" laptop - intel® core™ i5, 256 gb ssd, silver - product overview",https://www.youtube.com/watch?v=nyHMcRonQhw
2022-01-26,inspiron 15,12928,Not short,dell inspiron 15 3511 laptop review and internal upgrade options check,https://www.youtube.com/watch?v=Gy94jDti5GY
2022-01-25,inspiron 15,2145,Not short,"dell inspiron 15-5590 - ssd, ram and wifi upgrade guide",https://www.youtube.com/watch?v=bqsgKKb6BiE
2022-01-24,inspiron 15,3390,Not short,dell inspiron 15 laptop damage hinge repair #dell #inspiron #laptop #repair,https://www.youtube.com/watch?v=oqpyHPB1YDc
2022-01-20,inspiron,46254,Not short,【開封・検証】dellのinspironを購入検討中の方、どうか購入前に見てください,https://www.youtube.com/watch?v=LB_9Qu7tEl0
2022-01-20,inspiron 15,615777,Not short,unboxing notebook dell inspiron 13 e notebook inspiron 15 3000: qual comprar?,https://www.youtube.com/watch?v=0Vzkmoc1yvs
2022-01-19,inspiron 15,13723,Not short,dell inspiron 15 3511 ! 8gb ram✨512gb ssd🔥intel core i3 11th generation⚡️backlit keyboard💡,https://www.youtube.com/watch?v=5dJqblnFRfU
2022-01-17,inspiron 15,1946,Not short,dell inspiron 15 7000 2-in-1 black edition 7506 reviews,https://www.youtube.com/watch?v=HibK4CREmMA
