post date,model,views,video type,title,link
2022-08-02,inspiron 16 5620,1876,Not short,dell inspiron 16 5620: the most affordable 16-inch laptop from dell!,https://www.youtube.com/watch?v=C-03jSN3Hr4
2022-08-02,No model name,282,Not short,dell vostro 16 5625 vs hp pavilion 14-ec1019au comparison | which is best laptop under 60000 inr ?,https://www.youtube.com/watch?v=Ey4gmczkZWQ
2022-07-31,inspiron 16 5625,48,Not short,dell inspiron 16 5625 스피커,https://www.youtube.com/watch?v=St59l43iOfk
2022-07-31,inspiron 16 5620,6205,Not short,chiếc laptop dell cực hay cho sinh viên cntt | dell inspiron 16 5625 (2022),https://www.youtube.com/watch?v=1bqxGhJBLSU
2022-07-26,inspiron 16 5625,777,short,#shorts hời hơn ông mặt trời với dell inspiron 5625,https://www.youtube.com/shorts/wJdLVHaWaoo
2022-07-25,inspiron 16,3878,Not short,review | dell inspiron 16 ซีพียู amd รุ่นตีบวก เครื่องสวย งานประกอบดี มี ram 2 ช่อง,https://www.youtube.com/watch?v=z_MNS2BDC78
2022-07-19,inspiron 16 5625,1177,short,"dell inspiron 16 5625 - mẫu laptop cấu hình mạnh, thiết kế đẹp dành cho sinh viên 2022",https://www.youtube.com/shorts/xwh98WdEgmM
2022-07-15,inspiron 16 5625,1350,Not short,đánh giá dell inspiron 5625: cứ ngỡ như macbook 16 inch!,https://www.youtube.com/watch?v=0vxX3UM48Wk
2022-07-11,inspiron 16 5625,2010,Not short,"รีวิว dell inspiron 16 5625 จอ 16"" fhd+ สเปกลื่นไหล ryzen 5000 เบา 1.87 โล ราคา 2x,xxx - 3x,xxx บาท",https://www.youtube.com/watch?v=wBhu44aQkf4
2022-07-11,inspiron 16,6397,Not short,"พรีวิว dell inspiron 16 สเปก ryzen 5, 7 จอ 16"" fhd+ สายทำงานบางเบาครบเครื่อง",https://www.youtube.com/watch?v=gE8Wntv7gmY
2022-07-06,inspiron 16 5620,1430,Not short,review laptop dell inspiron 16 5620 n6i5003w1 core i5-1240p ram 16gb ssd 512gb geforce mx570 2gb,https://www.youtube.com/watch?v=g3bMdeN-K7A
2022-06-30,inspiron 16 5620,2134,Not short,review laptop dell inspiron 16 5620 n6i7000w1 core i7-1260p ram 16gb ssd 512gb geforce mx570 2gb,https://www.youtube.com/watch?v=uEuCnWYFykw
2022-06-27,inspiron 16 5625,1172,Not short,review laptop dell inspiron 16 5625 99vp91 ryzen r7-5825u ram 8gb ssd 512gb 16 inch full hd+ quá đẹp,https://www.youtube.com/watch?v=gaispke3iYs
2022-06-23,inspiron,181,Not short,dellinspiron16買った直後に即分解改造！してみた,https://www.youtube.com/watch?v=dW24OgbZEHI
2022-06-14,inspiron 16 5620,8502,Not short,dell inspiron 16 full overview - not review | the best 16-inch 12th gen laptop,https://www.youtube.com/watch?v=98lYr_kL85g
2022-06-14,inspiron 14 5425,7670,Not short,6月20日までのデルのセール情報まとめinspiron 14 5425が5.9万円で安い！！,https://www.youtube.com/watch?v=synXahJC2D8
2022-06-13,inspiron 16 5625,352,Not short,dell inspiron 16 5625 running linux,https://www.youtube.com/watch?v=ITvmzWE8OdU
2022-06-13,inspiron 16,1912,Not short,dell inspiron 16 2022 india launched price specs and availability,https://www.youtube.com/watch?v=mYsSSNb6XcU
2022-06-06,inspiron 14 5425,7150,Not short,6月13日までデルのpcセール情報inspiron 14 5425 inspiron 16 5625が最安値！,https://www.youtube.com/watch?v=qQHttYJG6-s
2022-06-05,inspiron 16,6398,Not short,unboxing dell inspiron 16 laptop,https://www.youtube.com/watch?v=swVgwBbWMmE
2022-06-01,inspiron,6739,Not short,dellのノートパソコン、inspiron16 amdを買ったのでレビューします。,https://www.youtube.com/watch?v=NM9VCVWXXBw
2022-05-27,inspiron 16,3712,Not short,dell inspiron 16 new unboxing,https://www.youtube.com/watch?v=JN86I06r1tM
2022-05-25,inspiron 14 5425,1358,Not short,"dell inspiron 5425 |ryzen 5 series 5625u |14"" screen 16:10 ratio |lateet ryzen 5 series processor",https://www.youtube.com/watch?v=IMgmfSCKD1A
2022-05-21,inspiron 16,282,Not short,dell laptop || inspiron 16 laptop | best laptop | student &home based laptop ||,https://www.youtube.com/watch?v=LOkxW1g3U2s
2022-05-20,No model name,4631,Not short,intel core i5-1235u vs amd ryzen 5 5625u - cyberpunk 2077 benchmark,https://www.youtube.com/watch?v=ClpH0tTTL5s
2022-05-18,inspiron 16,17779,Not short,inspiron 16-inch laptop with 12th gen intel processor,https://www.youtube.com/watch?v=zxTOunDsc3c
2022-05-17,inspiron 14,2004,Not short,"価格が値上りしたが、ノートパソコンdell new inspiron 14 メモリー大容量モデルに注目！メモリー16gb、ssd512gb、価格差8,300円いいね。即納モデルあり！",https://www.youtube.com/watch?v=x6sgzikXRPc
2022-05-11,No model name,2102,Not short,🛠️ dell vostro 16 5625 - disassembly and upgrade options,https://www.youtube.com/watch?v=XAtQQ7_-Fkg
2022-05-10,No model name,2264,Not short,dell vostro 5625 amd ryzen 5 edition unboxing and full review,https://www.youtube.com/watch?v=khD9RFhCqt8
2022-05-09,No model name,6860,Not short,いまノートpcを買うならどれ？5月16日までのデルのpcセール情報,https://www.youtube.com/watch?v=Rfve-x-VQdo
2022-05-05,No model name,9426,Not short,dell vostro 5625 vs dell vostro 5620 | performance and battery tested,https://www.youtube.com/watch?v=MD0po3UJyGM
2022-04-30,inspiron 14,4029,Not short,ノートパソコン値上り傾向！dell new inspiron 14、lenovo ideapad slim 560 pro(16)、new inspiron 16、デル、レノボ、甲乙つけ難い。,https://www.youtube.com/watch?v=770QJImOLXE
2022-04-29,inspiron 14,71812,Not short,【初心者必見】6万円台で買えるdellおすすめノートパソコン！new inspiron 14 amd プレミアム ryzen5 5625u搭載！パソコン選びの４つの重要ポイントも紹介！2022年最新版,https://www.youtube.com/watch?v=z2UdwhLVjpA
2022-04-27,inspiron,1077,Not short,dell vostro 5625u. ryzen 5 laptop  👏❤️❤️,https://www.youtube.com/watch?v=a5ABP0QqCoM
2022-04-26,inspiron,69666,Not short,dell vostro 5620 new launched 12th gen intel core i5 exclusive unboxing & first impressions⚡,https://www.youtube.com/watch?v=32jx2_LJRgU
2022-04-21,inspiron 16 5625,3984,Not short,review laptop dell inspiron 16 5625 70281537 r5-5625u ram 8gb ssd 512gb 16 inch full hd+ windows 11,https://www.youtube.com/watch?v=RKNxZyxgq4s
2022-04-17,inspiron 16 5620,2339,Not short,"dell inspiron 16 5620/5625 repair guide - battery, dc jack and fan replacement, heatsink cleaning",https://www.youtube.com/watch?v=vrcbDeza7Bc
2022-04-15,inspiron 16 5620,8431,Not short,"dell inspiron 16 5620/5625 - ram, ssd and wifi upgrade guide",https://www.youtube.com/watch?v=iGxaPn9qedI
2022-04-15,inspiron 16 5620,6721,Not short,new dell vostro 16 5625 unboxing & review 2022 | dell vostro amd ryzen 5 5625 laptop unboxing 2022,https://www.youtube.com/watch?v=fy-Oz7jfiDE
2022-04-13,inspiron 16 5620,31847,Not short,dell inspiron 16 5620 review - inspiron 5000 gets intel core i5-1235u and 16:10 screen for 2022,https://www.youtube.com/watch?v=Ng2sH__uGk8
2022-04-07,inspiron 16,1549,Not short,"inspiron 16 จอ fhd+ เบา 1.87 โล สเปก i5, i7 gen 12 / ryzen 5000 เริ่ม 2x,xxx #notebookทุกวัน ep36",https://www.youtube.com/watch?v=4MPDkrDNPA4
2022-03-30,No model name,12419,Not short,dell vostro 5625 16 inch laptop unboxing & first look | windows 11 laptop | amd ryzen 5 | lt hub,https://www.youtube.com/watch?v=wnyATdeCraI
2022-03-25,inspiron,499,Not short,"16"" fhd+ screen dell vostro 5625 laptop  വേറെ ലെവൽ സ്ക്രീൻ",https://www.youtube.com/watch?v=p1iTugc1oBs
2022-03-24,inspiron,12052,Not short,"【$7,000輕量剪片文書機】dell insprion 16 5625評測｜amd新cpu ryzen 5 5625u跑分表現｜用內顯都做到簡單剪片、執相",https://www.youtube.com/watch?v=RMhytxR2Qqo
2022-03-20,inspiron,11395,Not short,dell vostro 16 5625 - dell ryzen 5 5625u | 16 inch,https://www.youtube.com/watch?v=uM1S2DOWORY
2022-03-17,No model name,3919,Not short,amd ryzen 5 5625u - grand theft auto v - can you play gta v on amds new barcelo chip?,https://www.youtube.com/watch?v=YWYBeYDGPF4
2022-03-07,inspiron 14,22710,Not short,さらに値下げ、3月14日までのデルのpcセール情報まとめ。inspiron 14買うならいましかない！,https://www.youtube.com/watch?v=BzCGr8c0LGc
2022-03-06,inspiron 16,11410,Not short,magnificent laptop but with some quirks! dell inspiron 16 plus 7610 review!,https://www.youtube.com/watch?v=WbD44KgEZNg
2022-03-06,inspiron 16 5625,46313,Not short,new inspiron 16 5625レビュー コスパ最高のスタンダードノートpc,https://www.youtube.com/watch?v=pVxzFXHuxeM
2022-03-03,No model name,4856,Not short,unboxing dell's new 16 inch 16:10 aspect laptop: vostro 5625,https://www.youtube.com/watch?v=-n1FflMvR5s
2022-02-28,inspiron 16,29823,Not short,画面比16:10でも低価格！dell inspiron 16 amd (5625) の実機レビュー,https://www.youtube.com/watch?v=g7M6AkU3cMY
2022-02-14,inspiron 14 5425,14890,Not short,dell inspiron 14 5425 first impressions - inspiron 5000 gets amd barcelo and 16:10 display for 2022,https://www.youtube.com/watch?v=23pQ8x2R6oA
2021-12-17,inspiron 16,16019,Not short,đánh giá chi tiết dell inspiron 16 plus 7610 - món ngon cho dân thiết kế đồ họa đầu năm 2022 !!!,https://www.youtube.com/watch?v=qVtzbiMpuZQ
2021-12-11,inspiron 16,16741,Not short,dell inspiron 16plus 7610レビューこれからyoutubeの動画編集を始める初心者にお勧めしたいクリエイターノートpc,https://www.youtube.com/watch?v=VmhVLxGiV7w
2021-12-04,inspiron 16,14301,Not short,dell inspiron 7610: trải nghiệm như xps 16 vậy!,https://www.youtube.com/watch?v=8-b8EvhGSiY
2021-10-30,inspiron 16,9079,Not short,好用的筆電選擇 dell inspiron 16-7610 評測｜藍諾,https://www.youtube.com/watch?v=IxTR12QAPIk
2021-10-22,inspiron 16,274395,Not short,the best value right now - dell inspiron 16 plus review,https://www.youtube.com/watch?v=yI6xi0qSVD0
