post date,model,views,video type,title,link
2022-08-04,inspiron 15,26,Not short,unboxing dell inspiron 15 3000 model 3525 laptop,https://www.youtube.com/watch?v=CEfElSpCkGA
2022-08-01,inspiron 15 3525,629,Not short,dell inspiron 3525 vs hp pavilion 15 | which is better ? | hp pavilion 15 | dell inspiron 3525,https://www.youtube.com/watch?v=FSSSTNOjbkA
2022-07-30,inspiron 15 3525,3,short,smart xreview | dell inspiron 15 3525 | all specs | unboxing & review |11| #smartxreview #shorts,https://www.youtube.com/shorts/cQ8KwYvZEec
2022-07-30,inspiron 15 3525,0,short,smart xreview | dell inspiron 15 3525 | all specs | unboxing & review |12| #smartxreview #shorts,https://www.youtube.com/shorts/jQPrP3bBg9Y
2022-07-30,inspiron 15 3525,6,short,smart xreview | dell inspiron 15 3525 | all specs | unboxing & review |14| #smartxreview #shorts,https://www.youtube.com/shorts/QmvakbIRkJE
2022-07-30,inspiron 15 3525,2,short,smart xreview | dell inspiron 15 3525 | all specs | unboxing & review |13| #smartxreview #shorts,https://www.youtube.com/shorts/Jk7kyRvmhnY
2022-07-30,inspiron 15 3525,3,short,smart xreview | dell inspiron 15 3525 | all specs | unboxing & review |7| #smartxreview #shorts,https://www.youtube.com/shorts/1s60uzEHu1M
2022-07-30,inspiron 15 3525,1,short,smart xreview | dell inspiron 15 3525 | all specs | unboxing & review |5| #smartxreview #shorts,https://www.youtube.com/shorts/NQzy25sD_9o
2022-07-30,inspiron 15 3525,1,short,smart xreview | dell inspiron 15 3525 | all specs | unboxing & review |10| #smartxreview #shorts,https://www.youtube.com/shorts/n6a4bO5QFJM
2022-07-30,inspiron 15 3525,0,short,smart xreview | dell inspiron 15 3525 | all specs | unboxing & review |9| #smartxreview #shorts,https://www.youtube.com/shorts/VUwcB0t7HHE
2022-07-30,inspiron 15 3525,4,short,smart xreview | dell inspiron 15 3525 | all specs | unboxing & review |3| #smartxreview #shorts,https://www.youtube.com/shorts/uZpKsLfVYbg
2022-07-30,inspiron 15 3525,0,short,smart xreview | dell inspiron 15 3525 | all specs | unboxing & review |8| #smartxreview #shorts,https://www.youtube.com/shorts/dw551jysvTI
2022-07-30,inspiron 15 3525,7,short,smart xreview | dell inspiron 15 3525 | all specs | unboxing & review |4| #smartxreview #shorts,https://www.youtube.com/shorts/n8acSqplzGM
2022-07-30,inspiron 15 3525,0,short,smart xreview | dell inspiron 15 3525 | all specs | unboxing & review |2| #smartxreview #shorts,https://www.youtube.com/shorts/HQbssq7X7c4
2022-07-30,inspiron 15 3525,4,short,smart xreview | dell inspiron 15 3525 | all specs | unboxing & review |6| #smartxreview #shorts,https://www.youtube.com/shorts/m9AQQCBoTww
2022-07-30,inspiron 15 3525,0,short,smart xreview | dell inspiron 15 3525 | all specs | unboxing & review |1| #smartxreview #shorts,https://www.youtube.com/shorts/qqfuPBzUE6c
2022-07-25,inspiron 15 3525,89,Not short,dell inspiron 15 3525 - running faster after ram upgrade???,https://www.youtube.com/watch?v=Bleq0Hse4PQ
2022-07-23,inspiron 15 3525,482,Not short,laptop dell inspiron 15 3525 |all specs|dell laptop| laptop unboxing & review 2022 | smart xreview,https://www.youtube.com/watch?v=3DPks9-pwrg
2022-07-17,inspiron 15 3525,96,short,dell 3525| dell new inspiron 3525 |#shorts #laptop #laptops,https://www.youtube.com/shorts/4KRt5AHOOMo
2022-07-15,No model name,733,Not short,🛠️ dell vostro 15 3525 - disassembly and upgrade options,https://www.youtube.com/watch?v=DWtF-U9lEuU
2022-07-11,inspiron 15 3525,324,Not short,dell inspiron 15 3525 - upgrade ram *** i can do this??? ***,https://www.youtube.com/watch?v=Ex9kvY2OPhA
2022-07-05,inspiron 15 3525,390,Not short,dell inspiron 15 3525 - how to upgrade ram,https://www.youtube.com/watch?v=PobjTbCY41I
2022-07-04,inspiron 15 3525,155,Not short,"[핫딜 64만원] 델 2022 inspiron 15 3525 🚀 최저가 799,000원+카드할인20%off 639,200원",https://www.youtube.com/watch?v=MVr08On9f2k
2022-07-02,No model name,1200,Not short,i migliori notebook di luglio 2022 per ogni fascia di prezzo - consigli per gli acquisti,https://www.youtube.com/watch?v=dQMJL0bGYkc
2022-06-30,inspiron 15 3525,4115,Not short,dell inspiron 15⚡️ 3525 ryzen 3050u 8gb 256gb 15.6 w11 best in 30k unboxing & review {hindi}🔥🔥,https://www.youtube.com/watch?v=ksiHe3TegAg
2022-06-28,inspiron 15 3525,922,Not short,dell inspiron 3525 new launched laptop⚡⚡amd athlon 3050u |  budget laptop in 35k ? unboxing & review,https://www.youtube.com/watch?v=df-_L-RhBQQ
2022-06-23,inspiron 15 3525,5284,Not short,dell new inspiron 3525 laptop amd athlon silver 3050u | dell inspiron athlon dual core 3050u,https://www.youtube.com/watch?v=dHsp0e53zK8
2022-06-06,inspiron 15 3525,5270,Not short,(review) dell inspiron 3525 (2022) laptop ngon nhất tầm giá 15 triệu của nhà dell !!!,https://www.youtube.com/watch?v=4511G2D3Tx8
2022-06-06,inspiron 15 3521,1167,Not short,dell new inspiron 3525 vs new inspiron 3521| amd vs intel,https://www.youtube.com/watch?v=9LiKeTY-HUQ
2022-06-02,inspiron 15 3525,6759,Not short,15 triệu laptop dell nào chạy mượt nhất?? dell inspiron 3525 (2022),https://www.youtube.com/watch?v=Wk5D-awXZI8
2022-05-27,inspiron 15 3525,2225,Not short,dell inspiron 3525 vs dell inspiron 3510 amd athlon vs intel pentium quad core processor #youtube,https://www.youtube.com/watch?v=7ZqhjJZUksY
2022-05-24,inspiron 15,301,Not short,naprawa laptop dell inspiron 15,https://www.youtube.com/watch?v=k20spbn2fPs
2022-05-21,inspiron 15 3525,6165,Not short,new dell inspiron 3525 ryzen7 laptop  #dell_inspiron #dell #shorts #youtube,https://www.youtube.com/watch?v=rz-gdlSaNGs
2022-05-14,inspiron 15 3525,1145,Not short,unboxing dell inspiron 15 3525 laptop|#youtubeshorts #shorts #unboxing #ytshorts #laptop #short,https://www.youtube.com/watch?v=yDlhLIM_jak
2022-05-02,inspiron 15 3525,1896,Not short,"dell inspiron 15 3525 ปี 2022 สเปก amd ใหม่ จอ 15.6"" เริ่ม 15,490 คุ้มค่าน่าซื้อ มี office แท้",https://www.youtube.com/watch?v=j-8ua5o0FP4
2022-05-01,inspiron 15 3525,857,Not short,dell inspiron 15 3525 ram upgrade,https://www.youtube.com/watch?v=jcEH53DTV9o
2022-03-22,inspiron 15 3525,2508,Not short,inspiron 15 3525 wh02kr 언박싱,https://www.youtube.com/watch?v=Z0YOyAnns-M
2022-03-21,No model name,3863,Not short,"가볍고 빠른 올인원 노트북, dell 인스피론 15 3525-wh02kr",https://www.youtube.com/watch?v=G_Bgpv09xCg
2022-01-30,inspiron,8609,Not short,dell inspiron athlon dual core 3050u review | dell 15 athlon silver 3050u | dell 15 2021 | 3050u,https://www.youtube.com/watch?v=apw8639VsSY
2022-01-05,inspiron 15,8923,Not short,dell inspiron 15 3000 unboxing and first impressions in tamil | best budget laptop💻🔥 | views of vj,https://www.youtube.com/watch?v=BjuhJTCdAYA
2021-09-28,inspiron 15,43956,Not short,dell inspiron 15 3515 [2021] ryzen 5 3450u/8gbram/256gbssd/1tbhdd 15.6fhd/ amd vega 8 /win10+office,https://www.youtube.com/watch?v=ThraZQpJVXU
2021-09-21,inspiron 15,5005,Not short,[live] unboxing version terbaru laptop dell inspiron 15 3515,https://www.youtube.com/watch?v=noo6c_iRrHE
2021-09-10,inspiron 15,15187,Not short,"dell inspiron 15-3510 (late 2021) upgrade guide - ddr4 ram, ssd and wifi upgrade guide",https://www.youtube.com/watch?v=g7XpMOvUMaQ
2021-08-27,inspiron 15,118824,Not short,dell inspiron 15 5515(amd)レビュー 10万円以下でコスパ最高の15.6型ノートpc,https://www.youtube.com/watch?v=S8tWN4Bt4vk
2021-08-26,inspiron 15,33532,Not short,dell inspiron 3505 laptop | amd ahtlon 3050u | good one under ₹30000,https://www.youtube.com/watch?v=9CEt_oiOmj4
2021-07-27,inspiron 15,55375,Not short,dell inspiron 15 3000 laptop unboxing and setup for the first time.,https://www.youtube.com/watch?v=93WbWCxNEAY
2021-07-21,inspiron 15,7026,Not short,【開封動画】dell inspiron 15（2021年6月モデル）,https://www.youtube.com/watch?v=87I3hjb4ctk
2021-07-16,inspiron 15,35039,Not short,best budget laptop?!?! dell inspiron 15 3505 (2021) review,https://www.youtube.com/watch?v=TepLHRToqGc
2021-05-13,inspiron 15,110165,Not short,デル inspiron 15 (5515) のレビュー | ryzen 5000シリーズ搭載の高コスパノートpc。分解方法も。,https://www.youtube.com/watch?v=dX3jAoNnFFE
2021-03-13,inspiron 15,23893,Not short,dell inspiron 15 メモリ・ssd増設編,https://www.youtube.com/watch?v=pl4TJqs_e9U
2021-02-22,inspiron 15 3525,2399,Not short,#unboxing dell laptop inspiron 3525#nice laptop,https://www.youtube.com/watch?v=I-X-3kXsRoY
