post date,model,views,video type,title,link
2022-07-29,inspiron,56,Not short,"dell inspiron14 plus7420 laptop 14"", 2.2k, intel i7 16gb ram, 1tb ssd,windows 11 pro  @e-shopping",https://www.youtube.com/watch?v=cqOcoF6ra-s
2022-07-25,inspiron,2919,Not short,dell inspiron 7420 (2022) - chiếc laptop này dành cho ai??? | laptopworld,https://www.youtube.com/watch?v=WzU_HVUV5ZE
2022-07-18,inspiron 14,1455,Not short,dell inspiron 14 plus (2022) -unboxing & hands on review -gaming review,https://www.youtube.com/watch?v=w82RGSw4NI8
2022-07-14,inspiron 14,633,Not short,unboxing dell inspiron 14 laptop || #dell #unboxing #studentlife #vlog7,https://www.youtube.com/watch?v=bzqjdmcZhbU
2022-07-12,inspiron 7420 2in1,482,Not short,dell inspiron 14 7420 2in1 - mẫu laptop đa dụng mới nhất của dell trong năm 2022,https://www.youtube.com/watch?v=WwiqA1EVvF0
2022-07-11,inspiron 14,1168,Not short,review dell inspiron 14 7420 (2 in 1) i5 thế hệ 12 (2022),https://www.youtube.com/watch?v=SdOvTPpu1gk
2022-07-08,inspiron 14,1100,Not short,dell inspiron 14 7420 im test | cyberport,https://www.youtube.com/watch?v=yXikqUX6KG8
2022-07-07,inspiron 7420 2in1,4697,Not short,"dell inspiron 7420 2 in 1 (2022) - chỉ 17tr đầm chắc, cảm ứng siêu mượt | laptopworld",https://www.youtube.com/watch?v=c7cpWdjc7FY
2022-07-04,inspiron 14,1836,Not short,unboxing dell inspiron 14 plus 2022 and first look,https://www.youtube.com/watch?v=9ABEG-FCdnE
2022-07-04,inspiron 14,672,Not short,dell inspiron 14 7420 unboxing | cyberport,https://www.youtube.com/watch?v=rX1CYUHhOX4
2022-06-30,No model name,780,Not short,戴尔灵越14 plus体验：一款高性能轻薄本 5999元值得买吗？,https://www.youtube.com/watch?v=z7Xb4exgakQ
2022-06-27,inspiron 14,18076,Not short,dell inspiron 14 2-in-1 (7420) (2022) review,https://www.youtube.com/watch?v=0Bc-Hw6rb_8
2022-06-26,inspiron,189,Not short,#dell inspiron 7420 12th gen i7 14 core cpu  16gb. 512ssd. windows 11. mso21.  #look,https://www.youtube.com/watch?v=EPMm8_kgTHs
2022-06-25,inspiron 14,369746,Not short,dell inspiron 14 2022 unboxing & first impressions⚡your go-to laptop for everything*,https://www.youtube.com/watch?v=HtOTt2N8fe0
2022-06-17,inspiron 7420 2in1,11297,Not short,dell inspiron 2-in-1 7420 unboxing & review 2022 | new dell inspiron 7420 unboxing & review 🔥🔥🔥,https://www.youtube.com/watch?v=QOG3tjNmuiI
2022-06-16,inspiron 7420 2in1,1880,Not short,dell laptop  inspiron 7420 2 in 1 | best laptop 2022 | laptop review | dell inspiron series laptop,https://www.youtube.com/watch?v=LPPZhNLRQb0
2022-06-14,inspiron,6479,Not short,new dell inspiron 2in1 7420 laptop unboxing and full review,https://www.youtube.com/watch?v=VcX7svMJabc
2022-06-09,inspiron 14,1583,Not short,review laptop dell inspiron 14 7420 p161g001asl core i5-1235u ram 8gb ssd 512gb geforce mx550 2gb,https://www.youtube.com/watch?v=8VZ9u1NVpoc
2022-06-02,inspiron,7864,Not short,dell inspiron 7420  2in1 laptop 12th gen processor unboxing #dellindia #dell_inspiron #youtube,https://www.youtube.com/watch?v=pUkx9oFGwBk
2022-06-01,inspiron 14,35709,Not short,dell inspiron 14 2-in-1 (2022) review and unboxing - sheer performance!,https://www.youtube.com/watch?v=kKsEO_zjnVo
2021-10-18,inspiron 14,592610,Not short,the no-nonsense laptop - dell inspiron 14,https://www.youtube.com/watch?v=jKJ12lo8P1o
2019-03-01,inspiron 14,453,Not short,dell inspiron 14r se 7420 -  hard drive replacement  - laptop repair,https://www.youtube.com/watch?v=difY3JyPzMY
2019-03-01,inspiron 14,483,Not short,dell inspiron 14r se 7420 -  keyboard replacement  -  laptop repair,https://www.youtube.com/watch?v=vebf-7PqAao
2019-02-27,inspiron 14,927,Not short,how to disassemble dell inspiron 14r se 7420,https://www.youtube.com/watch?v=K3CcLeF5oy8
