post date,model,views,video type,title,link
2022-08-03,inspiron 15 3521,102,Not short,dell inspiron 15 3521 screen replacement // dell laptop display change,https://www.youtube.com/watch?v=kVwjxWUxVMI
2022-07-31,inspiron 15,46,Not short,dell inspiron 15-3521 wifi driver installation// how to install wifi driver,https://www.youtube.com/watch?v=WNH3YLtSqHQ
2022-06-29,inspiron 15 3521,51,Not short,dell inspiron 15 3521 original battery unboxing.,https://www.youtube.com/watch?v=fP5xJ2vDK6U
2022-06-28,inspiron 15 3521,522,Not short,اصلاح مشكل الباور فى لابتوب dell inspiron 15 3521 compal la-9104p,https://www.youtube.com/watch?v=R6gbi_HRkqo
2022-05-30,inspiron 15 3521,1770,Not short,"dell inspiron 3521 laptop [2022] pentium n5030/8gb ram/256gb ssd/15.6 led ""dell cheapest laptop""",https://www.youtube.com/watch?v=E0KVyZ1f86M
2022-05-29,inspiron 15 3521,34,Not short,laptop black screen💻| lines & crash | solution | dell inspiron 15 3521 |touchpad| check description|,https://www.youtube.com/watch?v=LmOXfYutPm0
2022-05-18,inspiron 15 3521,14,Not short,dell inspiron 15 3521 keyboard replacement,https://www.youtube.com/watch?v=2-9GmfvTdNQ
2022-05-12,inspiron 15 3521,117,Not short,how to repair dell inspiron 15 3521 la 9104p 1 beep's no display,https://www.youtube.com/watch?v=etCmdfY3YOE
2022-05-10,inspiron 15 3521,17042,Not short,dell inspiron 3521 new launched laptop⚡⚡ budget laptop in 35k ? | unboxing & review 🔥🔥,https://www.youtube.com/watch?v=Po2yDnM_vbk
2022-05-02,No model name,83,Not short,dell laptop 3521 no power 3v 5v missing,https://www.youtube.com/watch?v=Um-hFjjrvl4
2022-04-24,inspiron 15 3521,13,Not short,dell inspiron 15 3521,https://www.youtube.com/watch?v=vkjEux9zuV4
2022-04-16,inspiron 15,2,Not short,padarsey replacement keyboard compatible with dell inspiron 15-3521 15-3537 15r-5521 15r-5528 review,https://www.youtube.com/watch?v=53-cEiWAPGA
2022-04-16,inspiron 15 3521,0,Not short,todiys power button switch board for dell inspiron 15 3521 3531 3537 p28f 15r 5521 5537 i15rm review,https://www.youtube.com/watch?v=1Q5AjaKpR5o
2022-04-16,inspiron 15,5,Not short,"original dell 65w ac adapter for inspiron 15 (3520), inspiron 15 (3521), inspiron 15 (3537),  review",https://www.youtube.com/watch?v=OjUXe8snbz4
2022-04-16,inspiron 15,5,Not short,16gb 2x8gb ram memory sodimm for dell inspiron 15 (3521) laptop notebook amazon review,https://www.youtube.com/watch?v=w7rB0m3bG_k
2022-04-16,inspiron 15,0,Not short,todiys cpu cooling fan for dell inspiron 15-3521 15-3537 15r-5521 15r-5537 17-3721 17-3737 17 review,https://www.youtube.com/watch?v=BSI2-JHvzNg
2022-04-16,inspiron 15,18,Not short,dell inspiron 15-3521 disassembly and cleaning,https://www.youtube.com/watch?v=PK9lkEb696w
2022-04-15,inspiron 15,69,Not short,dell inspiron 15-3521 disassembly and thermal paste changing,https://www.youtube.com/watch?v=1oX8hjBzB1A
2022-04-15,inspiron 15 3521,265,Not short,dell inspiron 15 3521 no power,https://www.youtube.com/watch?v=dA5_Wetl-Sw
2022-04-01,inspiron 15 3521,126,Not short,dell inspiron 3521 model laptop no display picture black screen 8 sound beep/no display fix dell lap,https://www.youtube.com/watch?v=vUn_sH3REyw
2022-03-31,inspiron 15 3521,91,Not short,dell laptop inspiron 3521 on but no display,https://www.youtube.com/watch?v=cFTiUp1bGkU
2022-03-23,inspiron 15 3521,382,Not short,como desarmar laptop trucos y tips revelados dar mantenimiento pc dell 3531 3521 p28f hp #pc,https://www.youtube.com/watch?v=eCZHR_HErb8
2022-03-20,inspiron 15,491,Not short,"how to fix, no display & beep sound from laptop | dell inspiron 15-3521 no display beep sound repair",https://www.youtube.com/watch?v=6sHyKFST_00
2022-03-11,inspiron 15 3521,372,Not short,how to fix dell inspiron 3521 power button/ power circuit/ power button board problem step by step?,https://www.youtube.com/watch?v=CsNKmE6neXs
2022-03-07,inspiron 15,9,Not short,removing keyboard on a  dell inspiron 15-3521 laptop,https://www.youtube.com/watch?v=0Zw2tPKg5kU
2022-03-06,inspiron 15,16,Not short,review dell inspiron 15-3521-0620 notebook,https://www.youtube.com/watch?v=BEQsb2b7qwg
2022-03-03,inspiron 15 3521,13,Not short,"dell inspiron 15 3521 la 9104p - disassembly, mainboard repair, power jack replace, full cleaning",https://www.youtube.com/watch?v=FxT1P1TQWkw
2022-02-28,inspiron 15 3521,1566,Not short,dell inspiron 3521 la-9104p power on but no display case study,https://www.youtube.com/watch?v=-DAsnTOoSF0
2022-02-26,inspiron 15 3521,62,Not short,dell inspiron 15 3521 cpu fan replace,https://www.youtube.com/watch?v=OYQT8JopBqw
2022-02-25,inspiron 15 3521,93,Not short,dell inspiron 15 3521  laptop speaker replace { 2022 } | स्पीकर रिप्लेस करें |  सिर्फ 5 मिनट मे,https://www.youtube.com/watch?v=ZHG15Hjya6A
2022-02-18,inspiron 15,90,short,carcasas para teclado dell inspiron 15-3521,https://www.youtube.com/shorts/5LbR8dOFWU4
2022-02-11,inspiron 15,146,Not short,dell inspiron 15-3521 schematic طريقه فك لاب توب ديل,https://www.youtube.com/watch?v=jWTWR6pdroM
2022-01-23,inspiron 15,41,Not short,hanoilab: giới thiệu dell inspiron 15r 3521 usa nguyên bản,https://www.youtube.com/watch?v=1uhHf9RrmvE
2022-01-20,inspiron,6,Not short,brand new tanch mr90y laptop batteries for dell inspiron p26e series,https://www.youtube.com/watch?v=sDTWJX-vZEA
2022-01-14,inspiron 15 3521,47,Not short,dell inspiron 15 3521 - my old laptop - user benchmark test #devsn,https://www.youtube.com/watch?v=_2ZdBwY9uEE
2022-01-09,inspiron 15 3521,11,Not short,لابتوب ديل dell inspiron 15 3521 مشكلة في العرض وصوت غريب,https://www.youtube.com/watch?v=cwXvpeNh2EU
2022-01-05,inspiron 15 3521,1578,Not short,"vaw00 la-9104p rev 1.0 boardview, schematic and bios dell inspiron 3521",https://www.youtube.com/watch?v=-nv2tV7F-sI
2022-01-03,No model name,672,Not short,dell 3521 no display problem fix vaw00 la-9104p #dell,https://www.youtube.com/watch?v=fmj00CAiV1I
2022-01-01,inspiron 15 3521,15,Not short,dell inspiron 15 3521/laptop no power solution,https://www.youtube.com/watch?v=-ZMznw3olGA
2021-12-29,inspiron 15 3521,96,Not short,assassin_creed 4 black_flag on inspiron 15 3521(low end pc) |1.90ghz| intel hd graphics 4000,https://www.youtube.com/watch?v=rc_rGelNXo4
2021-12-22,inspiron 15 3521,108,Not short,"dell inspiron 15 3521 - kích nguồn không lên hình, máy báo 5 tiếng bíp.",https://www.youtube.com/watch?v=4r4OskJJtNk
2021-12-06,inspiron 15,91,Not short,dell inspiron 15 not turning on  3521 repair initial inspection,https://www.youtube.com/watch?v=lTjV9-fIxx4
2021-11-26,inspiron 15,5786,Not short,"my new laptop dell inspiron 15 3000 pentium silver 4gb ram, 256gb ssd | budget laptop under 35000",https://www.youtube.com/watch?v=wS-34HqBuy4
2021-11-20,No model name,418,Not short,dell laptop 3521 (la-9104p) no power board dim display no backlight 100% solve,https://www.youtube.com/watch?v=h2T-8WHSMag
2021-11-20,inspiron 15 3521,2540,short,dell inspiron 3521 laptop #shorts#viral #trending,https://www.youtube.com/shorts/BDK3tiwCLiU
2021-11-10,inspiron 15 3521,162,Not short,cách tháo lắp nâng cấp dell inspiron 3521 | dragon pc,https://www.youtube.com/watch?v=vvelramonFo
2021-11-06,inspiron 15 3521,2631,Not short,"dell inspiron 15 3537, 3521, 3421, 5537 - upgrading ram to 8 gb and replacing hdd with ssd - part i",https://www.youtube.com/watch?v=8KRo-tV_u18
2021-11-05,inspiron 15 3521,181,Not short,dell inspiron 15 3521 i5 3rd generation || performance check after ram & ssd upgradation part 2,https://www.youtube.com/watch?v=skitjz3LqIg
2021-11-05,inspiron 15 3521,214,Not short,dell inspiron 15 3521 i5 3rd generation || performance check after ram & ssd upgradation part 1,https://www.youtube.com/watch?v=t1osjrCKB68
2021-11-02,inspiron 15 3521,624,Not short,review 'nd tes performa dell inspiron 15 3521 di akhir tahun 2021,https://www.youtube.com/watch?v=mxCCUntI3us
2021-11-01,inspiron 15 3521,486,Not short,【パソコン修理】【dell inspiron 15 3521】dvdドライブ交換,https://www.youtube.com/watch?v=px4spGEEK5U
2021-10-31,No model name,1834,Not short,dell 3521 laptop 7 beeps problem fixing | laptop chip level repairing training,https://www.youtube.com/watch?v=8iGA_uBZvOg
2021-10-24,inspiron 15 3521,574,Not short,تعريفات لاب توب ديل انسبيرون dell 3521,https://www.youtube.com/watch?v=5SegFDM-L2s
2021-10-20,inspiron 15 3521,1424,Not short,"разборка, чистка ноутбука dell inspiron 3521, небольшой апгрейд, есть ли смысл замены hdd на ssd?",https://www.youtube.com/watch?v=_n8T_JBjah0
2021-10-10,inspiron 15,5633,Not short,chip level repair | dell inspiron 15-3521 common problem solution | dinesh yadav | 2021 |,https://www.youtube.com/watch?v=hIniHV-zaJQ
2021-09-26,No model name,2382,Not short,"ноутбук dell 3521 пропадает изображение, замена шлейфа матрицы, как разобрать ноутбук dell, 3521.",https://www.youtube.com/watch?v=L4kzpBuUnCM
2021-09-25,inspiron 15 3521,177,Not short,hdd vs ssd speed test in dell inspiron 15 3521 | ssd vs hdd performance test in 9 yr old laptop |,https://www.youtube.com/watch?v=oS8s0KDlVFA
2021-09-24,inspiron 15,9655,Not short,dell inspiron 15-3521 laptop repair no display 4 beep only | laptop repair in hindi,https://www.youtube.com/watch?v=xK6pPPu92No
2021-09-15,inspiron 15,31,Not short,dell inspiron 15-3521 (p28f001) speakers how-to video tutorial,https://www.youtube.com/watch?v=Hpcmr1_J5TM
2021-09-15,inspiron 15,20,Not short,dell inspiron 15-3521 (p28f001) bottom base how-to video tutorial,https://www.youtube.com/watch?v=owN-CGKcqDY
2021-09-15,inspiron 15,49,Not short,dell inspiron 15-3521 (p28f001) lcd touchscreen display assembly how-to video tutorial,https://www.youtube.com/watch?v=DGvgRm4yDYU
2021-09-15,inspiron 15,57,Not short,dell inspiron 15-3521 (p28f001) dvd drive how-to video tutorial,https://www.youtube.com/watch?v=mZuPBuV4pO4
2021-09-15,inspiron 15,22,Not short,dell inspiron 15-3521 (p28f001) dc jack how-to video tutorial,https://www.youtube.com/watch?v=KOgPtxAieZ8
2021-09-15,inspiron 15,18,Not short,dell inspiron 15-3521 (p28f001) heatsink how-to video tutorial,https://www.youtube.com/watch?v=JIwoIi1iyQw
2021-09-15,inspiron 15,122,Not short,dell inspiron 15-3521 (p28f001) motherboard how-to video tutorial,https://www.youtube.com/watch?v=3qkSSb4L378
2021-09-15,inspiron 15,16,Not short,dell inspiron 15-3521 (p28f001) lcd hinge rails how-to video tutorial,https://www.youtube.com/watch?v=TpUuGEcpU-0
2021-09-15,inspiron 15,38,Not short,dell inspiron 15-3521 (p28f001) lcd cable how-to video tutorial,https://www.youtube.com/watch?v=n5S4WUr8vcQ
2021-09-15,inspiron 15,48,Not short,dell inspiron 15-3521 (p28f001) web camera how-to video tutorial,https://www.youtube.com/watch?v=y5lEX42Y9gI
2021-09-15,inspiron 15,16,Not short,dell inspiron 15-3521 (p28f001) lcd bezel how-to video tutorial,https://www.youtube.com/watch?v=Lgxj8gWeuuw
2021-09-15,inspiron 15,36,Not short,dell inspiron 15-3521 (p28f001) lcd screen how-to video tutorial,https://www.youtube.com/watch?v=mRq9pJINbQ8
2021-09-15,inspiron 15,70,Not short,dell inspiron 15-3521 (p28f001) hinge covers how-to video tutorial,https://www.youtube.com/watch?v=GFj78wTCkAo
2021-09-15,inspiron 15,12,Not short,dell inspiron 15-3521 (p28f001) usb circuit board how-to video tutorial,https://www.youtube.com/watch?v=Ip_U5dfaymE
2021-09-15,inspiron 15,71,Not short,dell inspiron 15-3521 (p28f001) display assembly how-to video tutorial,https://www.youtube.com/watch?v=sY8elAYn6r8
2021-09-15,inspiron 15,14,Not short,dell inspiron 15-3521 (p28f001) mouse buttons how-to video tutorial,https://www.youtube.com/watch?v=7ZUr0A1T1Oc
2021-09-15,inspiron 15,13,Not short,dell inspiron 15-3521 (p28f001) keyboard how-to video tutorial,https://www.youtube.com/watch?v=6SK-Lh3m2uU
2021-09-15,inspiron 15,18,Not short,dell inspiron 15-3521 (p28f001) wlan card how-to video tutorial,https://www.youtube.com/watch?v=XubuNo7Frsw
2021-09-15,inspiron 15,55,Not short,dell inspiron 15-3521 (p28f001) hard drive caddy how-to video tutorial,https://www.youtube.com/watch?v=zBAllY4wrJQ
2021-09-15,inspiron 15,9,Not short,dell inspiron 15-3521 (p28f001) hard drive how-to video tutorial,https://www.youtube.com/watch?v=x88Da_w8ogE
2021-09-15,inspiron 15,22,Not short,dell inspiron 15-3521 (p28f001) palmrest touchpad how-to video tutorial,https://www.youtube.com/watch?v=kVnSajEH-RY
2021-09-15,inspiron 15,21,Not short,dell inspiron 15-3521 (p28f001) memory how-to video tutorial,https://www.youtube.com/watch?v=BgVWzvU1hZI
2021-09-15,inspiron 15,12,Not short,dell inspiron 15-3521 (p28f001) access door how-to video tutorial,https://www.youtube.com/watch?v=L1iFinTNKcM
