post date,model,views,video type,title,link
2022-08-03,inspiron 16,7666,Not short,dell inspiron 16 plus 7620 (2022) - the review,https://www.youtube.com/watch?v=LwM9wjmejpg
2022-07-31,inspiron 16,173,Not short,dell inspiron 16 7620 || full review and unboxing,https://www.youtube.com/watch?v=UO8clJqCf7A
2022-07-29,inspiron 16,4979,Not short,dell inspiron 16 plus (7620) (2022): live unboxing,https://www.youtube.com/watch?v=4xaJvgmanmw
2022-07-24,inspiron 16 5620,507,short,laptop dell inspiron 16 5620 i7 1620p gen 12 2022,https://www.youtube.com/shorts/v4V2kOlNqdI
2022-07-22,inspiron 16,562,Not short,"dell xps 15 2022 version, very poor craftsmanship. replacement for inspiron 16 plus. dell sucks",https://www.youtube.com/watch?v=NAkTko94O3I
2022-07-19,inspiron 16,63,Not short,dell new inspiron 16 2in1 7620 intel 12th core i7 1260p benchmark ベンチマーク,https://www.youtube.com/watch?v=Nss88l6EAIg
2022-07-16,inspiron 16 5620,31329,Not short,dell inspiron 16 5620 | 12th gen intel core i5-1240p laptop review 2022,https://www.youtube.com/watch?v=ZMFygd-7cGI
2022-07-15,inspiron 14,412,Not short,dell inspiron 2 in 1 16 inch laptop and tablet  12th gen intel core i7,https://www.youtube.com/watch?v=sXDcwfzBCIs
2022-07-14,inspiron,408,Not short,"dell inspiron 7620 16"" 2 in 1 | 25 triệu màn hình lớn, thiết kế đẹp!!!",https://www.youtube.com/watch?v=TmSxD5UcsUA
2022-07-13,inspiron 16 5620,744,short,dell inspiron 16 12th gen | dell inspiron 16 5620 |dell i512th gen laptop #dell  #unboxing,https://www.youtube.com/shorts/QWR7HdhsniY
2022-07-13,inspiron 16,280,Not short,"dell inspiron 16 plus (2022): features, reviews, and price",https://www.youtube.com/watch?v=Puf7eUoUFBE
2022-07-12,No model name,1394,Not short,vostro 7620 in depth review,https://www.youtube.com/watch?v=Wzy2thT_rJw
2022-07-08,inspiron 16,300,Not short,dell inspiron 16 plus with geforce rtx 3060 gpu,https://www.youtube.com/watch?v=SAHVNNB_c3k
2022-07-08,inspiron 14,4952,Not short,dell inspiron 14 / 16 plus 2022 12700h + rtx 3060,https://www.youtube.com/watch?v=pksNaxKARd0
2022-07-07,inspiron 16,655,Not short,dell inspiron 16 plus 7620  fan noise and decibels,https://www.youtube.com/watch?v=wfG4u7w1gTo
2022-07-07,inspiron 16,941,Not short,dell inspiron 16 plus 7620 internals,https://www.youtube.com/watch?v=7en4L4grA9I
2022-07-05,inspiron 16,67147,Not short,dell 12th gen laptop unboxing | dell inspiron 16 7620 2 in 1 laptop unboxing | windows 11 | lt hub,https://www.youtube.com/watch?v=hMwFhpCRgBY
2022-06-28,inspiron,5275,Not short,dell inspiron plus 7620 unboxed,https://www.youtube.com/watch?v=gXNIJ2baZGI
2022-06-27,inspiron 14,18079,Not short,dell inspiron 14 2-in-1 (7420) (2022) review,https://www.youtube.com/watch?v=0Bc-Hw6rb_8
2022-06-26,inspiron 16,5052,Not short,dell inspiron 2 in 1 7620 laptop review,https://www.youtube.com/watch?v=YanthRVhlmE
2022-06-20,inspiron 16,1120,Not short,"inspiron 16 2-in-1 สเปก i7-1260p + mx550 จอ oled uhd+ พับได้ 360 ลำโพง 4 ตัว เบา 2.1 โล เริ่ม 3x,xxx",https://www.youtube.com/watch?v=CdNd5OnqA48
2022-06-17,inspiron 16,29702,Not short,dell inspiron 16 2-in-1 (7620) (2022) review,https://www.youtube.com/watch?v=5Hb1viHCKGo
2022-06-14,inspiron 16 5620,8502,Not short,dell inspiron 16 full overview - not review | the best 16-inch 12th gen laptop,https://www.youtube.com/watch?v=98lYr_kL85g
2022-06-10,inspiron,5632,Not short,warning! watch before buying a dell 2022!! beware of dell laptops #dell  #inspiron #laptop,https://www.youtube.com/watch?v=BjnhJp7nmp0
2022-06-05,inspiron 16,6398,Not short,unboxing dell inspiron 16 laptop,https://www.youtube.com/watch?v=swVgwBbWMmE
2022-05-30,inspiron 16,2607,Not short,dell inspiron 7620 unboxing // dell inspiron 7620 16 inch 2 in 1 laptop unboxing // #artechreviewpk,https://www.youtube.com/watch?v=N9VTVTC8avs
2022-05-27,inspiron 16,3712,Not short,dell inspiron 16 new unboxing,https://www.youtube.com/watch?v=JN86I06r1tM
2022-05-24,inspiron 16,6046,Not short,unboxing dell inspiron 16 2-in-1 (7620) 2022,https://www.youtube.com/watch?v=5u4qVBxJ-Gc
2022-05-16,inspiron 16,8459,Not short,dell inspiron 16 review time! a beast of a computer!,https://www.youtube.com/watch?v=97Wrwh0-lDc
2022-05-12,inspiron 16,1692,Not short,dell inspiron 16 7620 2-in-1 (intel),https://www.youtube.com/watch?v=1TBRNPI1-8o
2022-05-09,inspiron 16,752,Not short,inspiron 16 plus : touchpad / trackpad repair - replacement,https://www.youtube.com/watch?v=VBjYrZ1VCbw
2022-05-02,No model name,1933,Not short,"크리에이터를 위한 고성능 투인원 노트북, dell 인스피론 16 dn7620a-wh03kr",https://www.youtube.com/watch?v=EMoZ3AHWRGE
2022-04-24,inspiron 16,4650,Not short,dell inspiron 16 plus internals & upgrading - can it run 64gb ram?,https://www.youtube.com/watch?v=fyodHNpGhrg
2022-03-17,inspiron 16,14366,Not short,dell inspiron 16 plus laptop unboxing & setup,https://www.youtube.com/watch?v=mW4J38nuPjs
2022-03-06,inspiron 16,11410,Not short,magnificent laptop but with some quirks! dell inspiron 16 plus 7610 review!,https://www.youtube.com/watch?v=WbD44KgEZNg
2022-02-26,inspiron 16,2825,Not short,fix trackpad fix (dell design issue) - xps & inspiron 16 plus 7610 - why you shouldn't buy!,https://www.youtube.com/watch?v=kU21Pt1LiSE
2022-02-24,inspiron 16,7158,Not short,best laptop in 2022 for business & general use - buy dell inspiron 16 plus,https://www.youtube.com/watch?v=TL35hJgdKe4
2022-01-31,inspiron 16,4537,Not short,dell inspiron 16 plus rtx ( 3060 6gb model ) trackpad update - fixed,https://www.youtube.com/watch?v=InY5X2yfCXo
2022-01-26,inspiron 16,894,Not short,how to replace the m 2 2230 ssd with m 2 2280 ssd on inspiron 16 7610   dell australia,https://www.youtube.com/watch?v=GmQMTDqhwes
2022-01-14,inspiron 16,3278,short,dell inspiron 16 plus unboxing #ytshorts#dell #guntur,https://www.youtube.com/shorts/gJMJ-Ax0bVc
2021-12-29,inspiron 16,16481,Not short,dell inspiron 16 plus 7610 - full review & benchmarks,https://www.youtube.com/watch?v=m63ZQ33yHHc
2021-12-13,inspiron 16,5820,Not short,inspiron 16 plus rtx (3060 6gb model) vs macbook air m1 chip (8gb ram),https://www.youtube.com/watch?v=BfbLgXVi1ps
2021-12-11,inspiron 16,16741,Not short,dell inspiron 16plus 7610レビューこれからyoutubeの動画編集を始める初心者にお勧めしたいクリエイターノートpc,https://www.youtube.com/watch?v=VmhVLxGiV7w
2021-12-04,inspiron 16,2776,Not short,dell inspiron 16 plus (7610) unboxing & review,https://www.youtube.com/watch?v=G_SGRcLiBN8
2021-11-11,inspiron 16,45066,Not short,dell inspiron 16 plus (7610) review and unboxing,https://www.youtube.com/watch?v=WJqNHIou5qY
2021-10-30,inspiron 16,9079,Not short,好用的筆電選擇 dell inspiron 16-7610 評測｜藍諾,https://www.youtube.com/watch?v=IxTR12QAPIk
2021-10-22,inspiron 16,274395,Not short,the best value right now - dell inspiron 16 plus review,https://www.youtube.com/watch?v=yI6xi0qSVD0
2021-10-12,inspiron 16,36356,Not short,dell inspiron 16 plus (rtx 3060 model) - in depth review,https://www.youtube.com/watch?v=ntMXuPdhWQ0
2021-09-04,inspiron 16,113839,Not short,dell inspiron 16 plus review:  the almost xps 16,https://www.youtube.com/watch?v=bL817Zey6FM
2021-07-04,No model name,19294,Not short,戴尔 灵越16 plus，商务本还是游戏本？i7-11800h、rtx3050,https://www.youtube.com/watch?v=5jdpQowHdW0
2021-07-02,inspiron 16,8241,Not short,"apple macbook pro 16 (2019) vs dell inspiron 16 plus 7610 (2021) | again 16"" display laptops.",https://www.youtube.com/watch?v=A6kk5u1bp-0
