post date,model,views,video type,title,link
2022-07-25,No model name,100,short,dell laptop 5420 #laptop #newmodel #shorts,https://www.youtube.com/shorts/2lssGlJBBGM
2022-07-24,inspiron 14,23536,Not short,【new inspiron 14】高コスパなdellのノートpcを購入したら最高過ぎた！！【メモリ増設ssd交換もやるぞ！】,https://www.youtube.com/watch?v=R436Bp1PYbk
2022-07-19,inspiron 14 5420,1824,Not short,laptop dell inspiron 14 n5420: cũng là dell nhưng nó đẹp lắm!!!!,https://www.youtube.com/watch?v=EfbtTZq9srw
2022-07-18,inspiron 14 5420,1330,Not short,asus vivobook s14 oled vs acer swift 3 vs dell inspiron 14 5420 | which is better ?,https://www.youtube.com/watch?v=q1RIP99sZkQ
2022-07-17,inspiron 14,544,Not short,dell inspiron 14 - 12 gen intel i5 - 5420 - unboxing - july 2022,https://www.youtube.com/watch?v=wsSL03hJRwQ
2022-07-17,inspiron 14 5420,673,Not short,asus vivobook 14 vs dell inspiron 14 | which is better ? | intel i3 12th gen | 1220p vs 1215u,https://www.youtube.com/watch?v=rmu-c3qOL-Y
2022-07-14,inspiron 14,633,Not short,unboxing dell inspiron 14 laptop || #dell #unboxing #studentlife #vlog7,https://www.youtube.com/watch?v=bzqjdmcZhbU
2022-07-11,inspiron 14 5420,546,Not short,lenovo ideapad slim 3 vs dell inspiron 14 | which is better ? | intel i3 12th gen | dell inspiron 14,https://www.youtube.com/watch?v=dCgW7iVyX-Y
2022-07-08,inspiron 14,1100,Not short,dell inspiron 14 7420 im test | cyberport,https://www.youtube.com/watch?v=yXikqUX6KG8
2022-07-05,inspiron 14 5420,249,Not short,dell inspiron 14 review | the ultimate guide to dell inspiron 14,https://www.youtube.com/watch?v=awmCGIN1ofc
2022-07-02,No model name,217,Not short,list of all i3 12th gen laptops available in july 2022 in india | dell | acer | asus | best top 5 10,https://www.youtube.com/watch?v=nzXhi2F5nX4
2022-07-02,No model name,1200,Not short,i migliori notebook di luglio 2022 per ogni fascia di prezzo - consigli per gli acquisti,https://www.youtube.com/watch?v=dQMJL0bGYkc
2022-06-28,No model name,119,Not short,"dell latitude 5420 2022,dell latitude 5420 unboxing,dell latitude 5420 business laptopdell latitude",https://www.youtube.com/watch?v=yembq4ELf80
2022-06-27,inspiron 14,18076,Not short,dell inspiron 14 2-in-1 (7420) (2022) review,https://www.youtube.com/watch?v=0Bc-Hw6rb_8
2022-06-27,inspiron 14,3590,Not short,dell inspiron 14-inch laptop with 12th generation intel® core™ i7-1255u,https://www.youtube.com/watch?v=xS1rX40q5_I
2022-06-25,inspiron 14,369745,Not short,dell inspiron 14 2022 unboxing & first impressions⚡your go-to laptop for everything*,https://www.youtube.com/watch?v=HtOTt2N8fe0
2022-06-24,inspiron 14 5420,289,Not short,【ezstick】dell inspiron 14 5420 5425 p157g 鍵盤膜樣式 及 機身貼 螢幕貼 touchpad 保護貼 施工過程 diy 筆電包膜,https://www.youtube.com/watch?v=a8QPhKdZKJ0
2022-06-20,inspiron 14 5420,170,Not short,inspiron 14 inch laptop with 12th gen intel® core™- dell inspiron 5420 i5-1235u,https://www.youtube.com/watch?v=UI-g4KyrxBA
2022-06-20,inspiron 14 5420,6500,Not short,dell inspiron 14 (2022) full overview - not review | the best 14-inch 12th gen laptop,https://www.youtube.com/watch?v=lbjP1tdzVlQ
2022-06-19,inspiron 14,1171,Not short,dell inspiron 14 2022 unboxing | i5 11th gen processor  💥💥,https://www.youtube.com/watch?v=GqCdFor9B0E
2022-06-09,inspiron 14 5420,2568,Not short,review laptop dell inspiron 14 5420 p157g001asl core i5-1235u ram 8gb ssd 256gb 14 inch full hd+ w11,https://www.youtube.com/watch?v=hPNbNKUGXiY
2022-06-01,inspiron 14,35709,Not short,dell inspiron 14 2-in-1 (2022) review and unboxing - sheer performance!,https://www.youtube.com/watch?v=kKsEO_zjnVo
2022-05-26,No model name,8610,Not short,dell latitude 5420 | unboxing & review in sri lanka,https://www.youtube.com/watch?v=sSEqb61GKVE
2022-05-24,inspiron 14,701,Not short,dell inspiron 14 pro 2022 12500h details,https://www.youtube.com/watch?v=yWo5iDaVFcI
2022-05-17,inspiron 14,2004,Not short,"価格が値上りしたが、ノートパソコンdell new inspiron 14 メモリー大容量モデルに注目！メモリー16gb、ssd512gb、価格差8,300円いいね。即納モデルあり！",https://www.youtube.com/watch?v=x6sgzikXRPc
2022-05-16,inspiron 14 5420,272,Not short,inspiron 5420,https://www.youtube.com/watch?v=ThNFraeRocQ
2022-05-12,No model name,456,Not short,review dell latitude 5420 | مراجعة حاسوب,https://www.youtube.com/watch?v=pBtW_Pfq0Fo
2022-04-25,inspiron 14,131,short,dell inspiron 14 5410 convertible laptop 11 gen intel core i5 14 inch touchscreen 256gb ssd 8 gb ram,https://www.youtube.com/shorts/yNYq_JfQE9U
2022-04-24,inspiron 14,30,Not short,southernintl replacement for dell inspiron 14tr 14r-5420 5425 14r-7420 1528 m421r h58tk 0h58t review,https://www.youtube.com/watch?v=XM5GxcLZEO0
2022-04-16,inspiron,0,Not short,new keyboard replacement for dell inspiron n4050 n4110 14 3420 14r 5420 15 3520 15r 5520 vost review,https://www.youtube.com/watch?v=PDco6M28Ztw
2022-04-12,inspiron 14,1180,Not short,"dell inspiron 14 5415 calidad/precio en 14""",https://www.youtube.com/watch?v=Xk7SR8bzX-Q
2022-04-08,No model name,3770,Not short,đánh giá laptop dell latitude 5420 cỗ máy siêu bền,https://www.youtube.com/watch?v=-yPuUDqoCrE
2022-03-30,inspiron 14,4282,Not short,【dell inspiron 14 amd 5425】macbookairオーナーがでdellのノートpcでビデオ編集してみた。,https://www.youtube.com/watch?v=hja57LLLTEY
2022-03-21,inspiron 14,1797,Not short,unboxing: dell inspiron 14 model 5410 platinum silver setup #dellinspiron14. #inteli7 #windows11,https://www.youtube.com/watch?v=NmCtXcPUJpw
2022-03-20,No model name,4362,Not short,dell latitude 5420 unboxing and early review,https://www.youtube.com/watch?v=hJdkiCZli3E
2022-03-11,No model name,245,Not short,vendido!! vendido!!vendido!!vendido!! notebook dell latitude 5420 pela metade do preço!!,https://www.youtube.com/watch?v=mQaWgXlpIyo
2022-03-08,inspiron 14 5425,44108,Not short,new inspiron 14 5425レビュー コスパ最高の14型ノートpc,https://www.youtube.com/watch?v=CV08yADQ_I0
2022-03-07,No model name,3514,Not short,dell latitude 5420 (in 2022) - unboxing and first look | 16gb #ram | 512gb #ssd| i5| usb type c port,https://www.youtube.com/watch?v=nplntx3l35Q
2022-03-02,inspiron 14,4,Not short,pin laptop dell inspiron 14r 5420 15r 5520 7520 17r 5720 7720 4420 4520 4720 7420 vostro 3460 3560,https://www.youtube.com/watch?v=nM4sYlIdRhU
2022-03-02,inspiron 14,31865,Not short,コスパ最強のノートpc 「dell new inspiron 14」しばらく使ってみた感想。今買ってもコスパ抜群な１品,https://www.youtube.com/watch?v=4290Lguu12w
2022-02-25,inspiron 14,16,short,carcasa para pantalla dell inspiron 14r 5420,https://www.youtube.com/shorts/7dKBbsTvYRc
2022-02-22,inspiron 14,255,Not short,dell inspiron 14r 5420 unboxing bateria,https://www.youtube.com/watch?v=2DJexuKKStA
2022-02-17,inspiron 14 5425,6616,Not short,"dell inspiron 14 5425/5420 - ram, ssd and wifi upgrade guide (2022 amd inspiron 5000-series)",https://www.youtube.com/watch?v=XRO6rDnSktk
2022-02-15,No model name,1751,Not short,dell latitude 14 5420 i7 11th gen laptop unboxing | bd 2022,https://www.youtube.com/watch?v=cP3vbpHIKpg
2022-02-14,inspiron 14 5425,14889,Not short,dell inspiron 14 5425 first impressions - inspiron 5000 gets amd barcelo and 16:10 display for 2022,https://www.youtube.com/watch?v=23pQ8x2R6oA
2022-02-01,inspiron 14,28,Not short,inspiron 14r 5420  keyboard removal   dell australia,https://www.youtube.com/watch?v=w_59LfdWhl0
2022-02-01,inspiron 14,7,Not short,inspiron 14r 5420  palmrest removal   dell australia,https://www.youtube.com/watch?v=x9fr7AbAok4
2022-02-01,inspiron 14,23,Not short,inspiron 14r 5420  lcd panel removal   dell australia,https://www.youtube.com/watch?v=WR3EOGqhHvU
2022-01-27,No model name,23391,Not short,dell latitude 14 5420 review [en],https://www.youtube.com/watch?v=L0QO-MFDTfs
2022-01-24,inspiron 14,14,Not short,dell inspiron 14r 5420 battery stop charging part2,https://www.youtube.com/watch?v=gmGuS5OmXcQ
2022-01-13,No model name,2210,Not short,trên tay dell latitude l5420  - laptop dưới 25 triệu không dành cho số đông?,https://www.youtube.com/watch?v=RCin-GM89-Q
2022-01-07,No model name,1624,Not short,best laptop under | dell laptop review 2022 |dell latitude 5420 | 2022 best laptop,https://www.youtube.com/watch?v=LqxRINtDKTw
2022-01-05,No model name,8573,Not short,"tập làm ""doanh nhân"" với dell latitude 5420 giá cực kì tốt !!!",https://www.youtube.com/watch?v=PsfLWyDIVko
2021-12-14,No model name,191,Not short,🛠️ dell latitude 14 5420 - desmontagem!,https://www.youtube.com/watch?v=gPn8zyZC8wk
2021-12-05,No model name,1121,Not short,dell latitude 5420 #unboxing#laptop #dell#laptoplifestyle#delllatitude#amzon#windows11#windows10#uae,https://www.youtube.com/watch?v=HDgGGGU8U4g
2021-11-18,inspiron 14,287,Not short,notebook usado dell inspiron 14r 5420  i5-3210m hd 500 gb memoria 6gb,https://www.youtube.com/watch?v=mA3SK2Sazi4
2021-11-17,No model name,29,Not short,dell latitude 5420 14 inch laptop dell usa,https://www.youtube.com/watch?v=T5qTAe0GKgU
2021-11-17,inspiron 14,5998,Not short,mon avis sur le dell inspiron 14 5415 (fr),https://www.youtube.com/watch?v=8QB626V04dc
2021-11-04,inspiron 14,3848,Not short,dell inspiron 14 ノートパソコン 持っている方必見！ メモリ増設で動画編集やゲームも出来る！,https://www.youtube.com/watch?v=4WnxQ57q3BQ
2021-11-02,No model name,46,Not short,brand new rj40g laptop battery for dell latitude 15 5520 latitude 14 5420 precision 15 3560 series,https://www.youtube.com/watch?v=yyzBJwqTipY
2021-10-18,inspiron 14,592610,Not short,the no-nonsense laptop - dell inspiron 14,https://www.youtube.com/watch?v=jKJ12lo8P1o
2021-10-18,inspiron 14,7,short,inspiron 14 2-in-1 laptop 5410 - this video i'm unboxing our new dell touchpad laptop and tablet.,https://www.youtube.com/shorts/_eFNtRxpVGk
2021-10-10,inspiron 14,8030,Not short,unboxing dell inspiron 14 5000 laptop with intel core i5-11300h⚡ dell inspiron 14 laptop review⚡⚡,https://www.youtube.com/watch?v=ycTzYWXt4Mw
2021-10-08,No model name,228,Not short,✅ dell latitude 14 5420 - топ 5 причини за покупката му,https://www.youtube.com/watch?v=A-ZXhyFZnyQ
2021-10-04,No model name,3305,Not short,dell latitude 5420 || how to replace hd screen,https://www.youtube.com/watch?v=Jgewfqf9v_A
2021-09-15,inspiron 14,149,short,dell inspiron 14 5410 2 in 1 laptop | inspiron 14 2-in-1 laptop | leheri.com #shorts,https://www.youtube.com/shorts/1zGc8nhKJXc
2021-09-02,inspiron 14,34250,Not short,"unboxing & review - dell inspiron 14 5410 core i5 11300h, 8gb ram, 512gb ssd, intel xe, backlit keys",https://www.youtube.com/watch?v=68pvE7bkzF4
2021-09-01,No model name,1475,Not short,dell latitude 5420 laptop unboxing,https://www.youtube.com/watch?v=kY9LA5IBdRY
2021-08-28,inspiron 14,88700,Not short,trên tay dell inspiron 14 7400: lâu rồi mới có chiếc máy dell giá rẻ mà ngon đến thế!,https://www.youtube.com/watch?v=a7fh9Yniv5c
2021-08-15,inspiron 14,70,Not short,dell inspiron 14r 5420,https://www.youtube.com/watch?v=wkfAHi9FAWU
2021-08-09,inspiron 14,239715,Not short,dell inspiron 14 2021 review and unboxing - the prodigy laptop!,https://www.youtube.com/watch?v=z1BydFwlGPw
2021-07-27,No model name,20171,Not short,"robustez y velocidad, dell latitude 5420: unboxing & review !",https://www.youtube.com/watch?v=DR9EX_v0gtg
2021-07-22,No model name,29480,Not short,✅ ❌ dell latitude 14 5420 - top 5 reasons to buy or not to buy it,https://www.youtube.com/watch?v=OfGqH9kHxqY
2021-07-17,No model name,7183,Not short,dell latitude 5420 (2021) unboxing,https://www.youtube.com/watch?v=-u5SRKa25fs
2021-06-30,No model name,43375,Not short,popular 14 inch business laptop - dell latitude 5420 in-depth review,https://www.youtube.com/watch?v=vO0X0OzMT04
2021-06-23,inspiron 14,19902,Not short,맥북에 아쉬운거 여기 다 있네! (dell inspiron 14 2in1),https://www.youtube.com/watch?v=4PL2PPBhGYc
2021-06-21,No model name,18486,Not short,đánh giá dell latitude 5420: chuẩn doanh nghiệp 2021!,https://www.youtube.com/watch?v=gH-3inQBDOQ
2021-06-01,No model name,44430,Not short,🛠️ dell latitude 14 5420 - disassembly and upgrade options,https://www.youtube.com/watch?v=iH8M_BjCCoU
2021-04-30,No model name,29138,Not short,dell latitude 5420 - presentation/unboxing,https://www.youtube.com/watch?v=hrG6o760ul8
2021-04-13,No model name,12767,Not short,dell latitude 5420 intel core i5 11th review | intel vpro | intel iris xe | dell new launched 2021,https://www.youtube.com/watch?v=6H1vcYJgYmE
2021-03-24,inspiron 14,4170,Not short,upgrade laptop dell inspiron 14z - abrir e instalar ssd para ganho de performance,https://www.youtube.com/watch?v=WxkYoFBbq3o
2021-03-23,inspiron 14,6875,Not short,battery charging repair | dell inspiron 14r 5420,https://www.youtube.com/watch?v=IlO-HFO_0OA
2021-03-19,No model name,130980,Not short,dell latitude 5420 (2021) - unboxing and first impression,https://www.youtube.com/watch?v=ts1krNDgm7I
2021-03-04,No model name,27346,Not short,new latitude 5420 laptop,https://www.youtube.com/watch?v=TrWYsL-o7-k
2021-02-12,inspiron 14,2097,Not short,notebook dell inspiron 14r core i7 com vídeo dedicado máquina top top preço bom,https://www.youtube.com/watch?v=hBh_qSo3tzU
2020-12-17,inspiron 14,16909,Not short,dell inspiron 14 5402 fingerprint scanner issue and availability explained.,https://www.youtube.com/watch?v=SjdgL-_BArE
2020-11-01,inspiron 14,77683,Not short,dell inspiron 14 5405 #2 メモリ増設～高コスパなノートpc,https://www.youtube.com/watch?v=1VXFdyL9LiQ
2020-10-12,inspiron 14,17,Not short,dell inspiron 14r 5420 intermittently fails to boot (2 solutions!!),https://www.youtube.com/watch?v=EMl-m_14wOw
2020-08-31,inspiron 14,1989,Not short,dell inspiron 14r-5420 (disassembly & power button repair),https://www.youtube.com/watch?v=OqieaeDwflc
2020-05-27,inspiron 14 5420,8743,Not short,dell inspiron 5420 liga e desliga em 1 segundo resolvido rapido.,https://www.youtube.com/watch?v=4JCkh9ix6a8
2020-03-07,inspiron 14,12946,Not short,cảm giác bỏ macos sang xài windows với dell inspiron 14 như thế nào ?,https://www.youtube.com/watch?v=2oFLYV0CE-o
