post date,model,views,video type,title,link
2022-07-16,No model name,1144,Not short,review laptop dell vostro 13 5320 v3i7007w core i7-1260p ram 16gb ssd 512gb 13.3 inch qhd+ cực sốc,https://www.youtube.com/watch?v=JzOQXuzUkIU
2022-06-17,No model name,7504,Not short,"trải nghiệm dell vostro 5320 (2022) - những nâng cấp cực ""xịn"" | laptopworld",https://www.youtube.com/watch?v=x6Iz-hRxpNA
2022-06-09,No model name,1489,Not short,review laptop dell vostro 13 5320 p156g001agr core i5-1240p ram 8gb ssd 256gb 13.3 inch fhd+ win11,https://www.youtube.com/watch?v=VVkt2rg3mjk
2022-05-28,No model name,29994,Not short,再开箱一台高性价比高颜值的轻薄本电脑，lpddr5能让核显性能更强吗？【开箱翼闻录 第39期】,https://www.youtube.com/watch?v=MJRcagad9aI
2022-05-16,inspiron 13 5320,377,Not short,inspiron 5320,https://www.youtube.com/watch?v=QqMEJBKbHQY
2022-05-11,inspiron 13 5320,554,Not short,【ezstick】dell inspiron 13 5320 p156g 鍵盤膜樣式 及 機身貼 螢幕貼 touchpad貼 施工過程 diy 筆電包膜,https://www.youtube.com/watch?v=XoAUFPcDq58
2022-03-14,No model name,12493,Not short,dell latitude 5320 i complete review i business laptop,https://www.youtube.com/watch?v=zbjN80DrFLU
2022-01-31,inspiron,13078,Not short,dell inspiron 13 model 5310 box opening and disassembly. hinge durability review ssd is upgradeable.,https://www.youtube.com/watch?v=x3atITzBG78
2022-01-21,inspiron,8313,Not short,macbook air killer?! dell inspiron 13 5000 review (2022),https://www.youtube.com/watch?v=XcZXUJtUVAQ
2022-01-09,inspiron,16470,Not short,dell inspiron 13 5310レビュー高コスパな13.3型モバイルノートpc,https://www.youtube.com/watch?v=C_nNqaQvKnU
2022-01-09,inspiron,38896,Not short,dell inspiron 13 5310 - dell i5 11 generation  | 13 inch |,https://www.youtube.com/watch?v=hy3i9CqYEY0
2021-12-31,No model name,31,Not short,🛠️ dell latitude 13 5320  - desmontagem!,https://www.youtube.com/watch?v=7svp0TYo_Ig
2021-12-16,inspiron,29974,Not short,"dell inspiron 13"" laptops review",https://www.youtube.com/watch?v=2jLUZQWnUIM
2021-10-17,inspiron,32634,Not short,"unboxing and review of dell inspiron 5310 13 inch laptop i7 , 16gb",https://www.youtube.com/watch?v=xJC5ssPp2Mg
2021-10-06,No model name,4591,Not short,dell latitude 5320 unboxing | business laptop,https://www.youtube.com/watch?v=EBD4u92FdcM
2021-06-02,inspiron,66076,Not short,10万円ちょっとで、11世代hのcore i7は反則でしょ。デル inspiron 13 5310をレビューします,https://www.youtube.com/watch?v=8LuuqAfQDGg
2021-04-05,No model name,16417,Not short,🛠️ dell latitude 13 5320 - disassembly and upgrade options,https://www.youtube.com/watch?v=Jr4ORQLKm0Q
2017-04-26,inspiron 15,185264,Not short,😜 notebook dell inspiron 13 5000 2 em 1 | análise completa! [ review ],https://www.youtube.com/watch?v=h5b5BoNdiuY
