post date,model,views,video type,title,link
2022-08-07,inspiron 14,13,Not short,como aumentar memória  notebook dell inspiron  14 r 5423  fácil demais,https://www.youtube.com/watch?v=p6JisKBHhgY
2022-08-06,inspiron,4,Not short,how to repacle battery dell inspiron 7460 (cách thay pin dell inspiron 7460),https://www.youtube.com/watch?v=Y_apwx83T2A
2022-08-06,inspiron 14,195,Not short,buying my 1st laptop | dell inspiron 14 |,https://www.youtube.com/watch?v=_NAjGWH4acg
2022-08-06,inspiron 14,11,Not short,dell inspiron 14 3000 series not turning on solution | bangla tutorial video | towfique robi | lab-i,https://www.youtube.com/watch?v=G61uohuGU-U
2022-08-05,inspiron,2649,Not short,【おすすめpc】inspiron16とinspiron14を実機で比較！どっちがおススメ？dell超人気コスパ最強pcを紹介！おススメモデルも紹介！,https://www.youtube.com/watch?v=p8v4R85H7nI
2022-08-05,inspiron 7420 2in1,18,Not short,"dell inspiron 7420 2 in 1 (2022) - chỉ 17.xxx - đầm chắc, cảm ứng siêu mượt  | thái long computer",https://www.youtube.com/watch?v=-s2HV9DP_kM
2022-08-05,inspiron 14,17,Not short,new laptop!! ┃dell inspiron 14  unboxing and non review  vlog#1,https://www.youtube.com/watch?v=OiWHqmFnrPU
2022-08-03,inspiron 16,7656,Not short,dell inspiron 16 plus 7620 (2022) - the review,https://www.youtube.com/watch?v=LwM9wjmejpg
2022-08-03,inspiron 14,18,Not short,dell inspiron 14 7425 2 in-1 (2022 summer update part 3 august 3rd 2022),https://www.youtube.com/watch?v=v0B5jMUGvYQ
2022-07-30,No model name,1293,Not short,finally new laptop le liya || dell laptop|| vlogs,https://www.youtube.com/watch?v=A__ek-d0d68
2022-07-30,inspiron 14,74,short,memperbaiki dell inspiron 14 matot | preparation | download all dell flashing light error codes,https://www.youtube.com/shorts/WX-OnRoevTg
2022-07-27,inspiron 14,265,short,unboxing dell 14 inspiron 2 in 1 🔥🔥🔥|#unboxing #pc #subscribe #dell #trending #2022 #latest,https://www.youtube.com/shorts/TSaJsSj5Hpg
2022-07-24,inspiron 14,23532,Not short,【new inspiron 14】高コスパなdellのノートpcを購入したら最高過ぎた！！【メモリ増設ssd交換もやるぞ！】,https://www.youtube.com/watch?v=R436Bp1PYbk
2022-07-24,No model name,3122,Not short,best intel laptops in 2022 under $1200 - intense competition!,https://www.youtube.com/watch?v=j1QZZbo0sr0
2022-07-22,inspiron 14,21,Not short,dell inspiron 14 3000 series_storage upgrade_hdd to ssd,https://www.youtube.com/watch?v=YifDQN62kd4
2022-07-20,inspiron 14,79,Not short,glow up on the go with dell's inspiron 14 2-in-1 laptop | the good guys,https://www.youtube.com/watch?v=-8KJavRIpF8
2022-07-18,inspiron 14 5420,1330,Not short,asus vivobook s14 oled vs acer swift 3 vs dell inspiron 14 5420 | which is better ?,https://www.youtube.com/watch?v=q1RIP99sZkQ
2022-07-18,inspiron 14,1455,Not short,dell inspiron 14 plus (2022) -unboxing & hands on review -gaming review,https://www.youtube.com/watch?v=w82RGSw4NI8
2022-07-17,inspiron 14,544,Not short,dell inspiron 14 - 12 gen intel i5 - 5420 - unboxing - july 2022,https://www.youtube.com/watch?v=wsSL03hJRwQ
2022-07-16,inspiron 16 5620,31328,Not short,dell inspiron 16 5620 | 12th gen intel core i5-1240p laptop review 2022,https://www.youtube.com/watch?v=ZMFygd-7cGI
2022-07-15,inspiron 14,6957257,Not short,unboxing the dell inspiron 14 2-in-1 | built to last | trakin tech,https://www.youtube.com/watch?v=w82rHVxPJhc
2022-07-14,inspiron 14,633,Not short,unboxing dell inspiron 14 laptop || #dell #unboxing #studentlife #vlog7,https://www.youtube.com/watch?v=bzqjdmcZhbU
2022-07-11,inspiron 14 5420,546,Not short,lenovo ideapad slim 3 vs dell inspiron 14 | which is better ? | intel i3 12th gen | dell inspiron 14,https://www.youtube.com/watch?v=dCgW7iVyX-Y
2022-07-09,inspiron 14 5425,1043,Not short,dell inspiron 14 5425 review | amd ryzen 7 5825u - 16gb ram - 512gb ssd,https://www.youtube.com/watch?v=ybKoPORMM3M
2022-07-08,inspiron 16 5620,22237,Not short,dell inspiron 5620 12th gen intel core i3🔥 | shocking result 😔 | unboxing & first impressions⚡,https://www.youtube.com/watch?v=oTqxx4THKFM
2022-07-08,inspiron 14,4950,Not short,dell inspiron 14 / 16 plus 2022 12700h + rtx 3060,https://www.youtube.com/watch?v=pksNaxKARd0
2022-07-08,inspiron 14,1100,Not short,dell inspiron 14 7420 im test | cyberport,https://www.youtube.com/watch?v=yXikqUX6KG8
2022-07-04,inspiron 14,1835,Not short,unboxing dell inspiron 14 plus 2022 and first look,https://www.youtube.com/watch?v=9ABEG-FCdnE
2022-07-04,inspiron 14,672,Not short,dell inspiron 14 7420 unboxing | cyberport,https://www.youtube.com/watch?v=rX1CYUHhOX4
2022-07-01,inspiron 14,1108,short,unboxing dell inspiron 14 7415 2-in-1 laptop #dellinspiron14 #inspiron #dell #legion5 #laptop,https://www.youtube.com/shorts/nA7UCVZARms
2022-06-27,inspiron 14,18075,Not short,dell inspiron 14 2-in-1 (7420) (2022) review,https://www.youtube.com/watch?v=0Bc-Hw6rb_8
2022-06-27,inspiron 14,3590,Not short,dell inspiron 14-inch laptop with 12th generation intel® core™ i7-1255u,https://www.youtube.com/watch?v=xS1rX40q5_I
2022-06-25,inspiron 14,369742,Not short,dell inspiron 14 2022 unboxing & first impressions⚡your go-to laptop for everything*,https://www.youtube.com/watch?v=HtOTt2N8fe0
2022-06-24,inspiron 14 5420,289,Not short,【ezstick】dell inspiron 14 5420 5425 p157g 鍵盤膜樣式 及 機身貼 螢幕貼 touchpad 保護貼 施工過程 diy 筆電包膜,https://www.youtube.com/watch?v=a8QPhKdZKJ0
2022-06-20,inspiron 14 5420,6499,Not short,dell inspiron 14 (2022) full overview - not review | the best 14-inch 12th gen laptop,https://www.youtube.com/watch?v=lbjP1tdzVlQ
2022-06-19,inspiron 14,1171,Not short,dell inspiron 14 2022 unboxing | i5 11th gen processor  💥💥,https://www.youtube.com/watch?v=GqCdFor9B0E
2022-06-19,inspiron 14,1875,Not short,dell inspiron 14 5410 laptop review,https://www.youtube.com/watch?v=4R1Id8N27FE
2022-06-18,inspiron 14,650,Not short,dell inspiron 14 5000 battery replacement,https://www.youtube.com/watch?v=N6O7EdxOXgY
2022-06-13,inspiron 14 5420,181,Not short,dell inspiron 14 5420,https://www.youtube.com/watch?v=hBuZVXQzEoY
2022-06-06,inspiron 14 5425,7150,Not short,6月13日までデルのpcセール情報inspiron 14 5425 inspiron 16 5625が最安値！,https://www.youtube.com/watch?v=qQHttYJG6-s
2022-06-04,inspiron 14,27854,Not short,best 2-in-1 touchscreen laptops with active pen (august 2022),https://www.youtube.com/watch?v=jsCS6_leNBY
2022-06-01,inspiron 14,15133,Not short,fix - update dram for laptop dell inspiron 14,https://www.youtube.com/watch?v=kGsibc1SB4s
2022-06-01,inspiron 14,35708,Not short,dell inspiron 14 2-in-1 (2022) review and unboxing - sheer performance!,https://www.youtube.com/watch?v=kKsEO_zjnVo
2022-05-26,inspiron 14,516,Not short,dell inspiron 14 3421 ssd hdd upgrade 💻,https://www.youtube.com/watch?v=1yOTHhQVtA0
2022-05-26,inspiron 14,656,Not short,dell inspiron 14 3421 ram upgrade 💻,https://www.youtube.com/watch?v=U98L_bgA53s
2022-05-23,inspiron 14,534,Not short,upgrade ram dell inspiron 14 5415 / disassembly and assembly,https://www.youtube.com/watch?v=vpx6vXCxYIo
2022-05-18,inspiron 14,10245,Not short,inspiron 14-inch laptop with 12th gen intel processor,https://www.youtube.com/watch?v=zTraRViPilc
2022-05-17,inspiron 14,2004,Not short,"価格が値上りしたが、ノートパソコンdell new inspiron 14 メモリー大容量モデルに注目！メモリー16gb、ssd512gb、価格差8,300円いいね。即納モデルあり！",https://www.youtube.com/watch?v=x6sgzikXRPc
2022-05-16,inspiron 14,307,Not short,cara ganti keyboard dell inspiron 14 5000 series,https://www.youtube.com/watch?v=dv0X1O_tyOE
2022-05-08,inspiron 14,9050,Not short,dell inspiron 14 5410 2-in-1 - balanced touch screen laptop,https://www.youtube.com/watch?v=Xmv7CG12iQE
2022-05-08,inspiron 14,6335,Not short,dell inspiron 14 5410 non touch - awesome build quality laptop,https://www.youtube.com/watch?v=KreZWc9w3nc
2022-05-07,inspiron 14,138,Not short,"dell inspiron 14 2 in 1 laptop more powerful, more responsive 2022",https://www.youtube.com/watch?v=OZAz4-Kpatc
2022-05-02,inspiron 14,1356,Not short,unboxing dell inspiron 14 2-in-1 convertible laptop | avani’s life,https://www.youtube.com/watch?v=2NGtE1S53Y8
2022-04-30,inspiron 14,7466,Not short,inspiron 14 メモリ増設、ssd換装を解説,https://www.youtube.com/watch?v=5UY_uZeTFHA
2022-04-29,inspiron 14,7412,Not short,dell inspiron 14-7425 2-in-1 touch laptop unboxing & first look | windows 11 laptop unboxing| lt hub,https://www.youtube.com/watch?v=27BhyfifPbg
2022-04-29,inspiron 14,71808,Not short,【初心者必見】6万円台で買えるdellおすすめノートパソコン！new inspiron 14 amd プレミアム ryzen5 5625u搭載！パソコン選びの４つの重要ポイントも紹介！2022年最新版,https://www.youtube.com/watch?v=z2UdwhLVjpA
2022-04-15,inspiron 14,15699,short,dell inspiron14 laptop 5415 - ryzen 5 unboxing #shorts,https://www.youtube.com/shorts/juoIbqG4VEk
2022-04-12,inspiron,972,Not short,"is it worth it? dell inspiron laptop peach dust - 14"" 5415 quick review #laptop #dell #delllaptop",https://www.youtube.com/watch?v=Fbl_W9PYrjk
2022-04-03,inspiron 14,13872,Not short,new inspiron 14 7425レビュー 16:10になり使いやすくなった2-in-1ノートpc,https://www.youtube.com/watch?v=5kWZC7ew1So
2022-03-30,inspiron 14,4282,Not short,【dell inspiron 14 amd 5425】macbookairオーナーがでdellのノートpcでビデオ編集してみた。,https://www.youtube.com/watch?v=hja57LLLTEY
2022-03-29,inspiron 14,438,Not short,dell inspiron 14 5410i 2-in-1 laptop as a tablet in 2022 | tamil laptop review | qatar tamil vlog,https://www.youtube.com/watch?v=uYQqE4Tz17c
2022-03-28,inspiron 14,893,Not short,dell inspiron 14 5000 2 in 1 windows install,https://www.youtube.com/watch?v=ln_09QOIEN0
2022-03-22,inspiron 14,5105,Not short,"dell vostro 5415 ryzen 5 review i dell inspiron 14 laptop amd ryzen 5 14"" fhd screen - 8gb - 512g",https://www.youtube.com/watch?v=n-3kRumeqrY
2022-03-21,inspiron 14,1797,Not short,unboxing: dell inspiron 14 model 5410 platinum silver setup #dellinspiron14. #inteli7 #windows11,https://www.youtube.com/watch?v=NmCtXcPUJpw
2022-03-20,inspiron 14,31258,short,how to light up keyboard on laptop . dell inspiron 14,https://www.youtube.com/shorts/twIdYOT_LMo
2022-03-20,inspiron 14,349,Not short,dell inspiron 14 5410 2-in-1 core i5 11th gen mx350 2gb graphics laptop review bangla 🔥,https://www.youtube.com/watch?v=q9Deu9rrKnY
2022-03-18,inspiron 14,624,Not short,dell inspiron 14-7415 ssd upgrade - how to replace the m.2 2230 ssd with m.2 2280 ssd - jody bruchon,https://www.youtube.com/watch?v=GwAtLRE19uc
2022-03-12,inspiron,44166,Not short,【inspiron14 5425 レビュー】6万円台のコスパ最強14インチパソコン！,https://www.youtube.com/watch?v=66hcnfsCdss
2022-03-12,inspiron 14,55992,Not short,【安さは正義？】6万円台から買えるノートパソコンdellの「inspiron 14（5425）」の魅力をひもとくレビューです。おすすめの構成も紹介します,https://www.youtube.com/watch?v=ho8XyRVivYg
2022-03-09,inspiron 14,33381,Not short,人気確実のノートpc、dell inspiron 14 amd (5425)のレビュー,https://www.youtube.com/watch?v=jazzNB0IzMQ
2022-03-08,inspiron 14 5425,44107,Not short,new inspiron 14 5425レビュー コスパ最高の14型ノートpc,https://www.youtube.com/watch?v=CV08yADQ_I0
2022-03-07,inspiron 14,22710,Not short,さらに値下げ、3月14日までのデルのpcセール情報まとめ。inspiron 14買うならいましかない！,https://www.youtube.com/watch?v=BzCGr8c0LGc
2022-03-02,inspiron 14,31865,Not short,コスパ最強のノートpc 「dell new inspiron 14」しばらく使ってみた感想。今買ってもコスパ抜群な１品,https://www.youtube.com/watch?v=4290Lguu12w
2022-02-28,inspiron 14,338,Not short,วิธีแกะ laptop dell inspiron 14-7472 how to disassemble,https://www.youtube.com/watch?v=vAA-y2aDq_8
2022-02-27,inspiron 14,5982,Not short,dell inspiron 14 5410 unboxing (and comparison with inspiron 14 5493),https://www.youtube.com/watch?v=7JSnftdXl1U
2022-02-24,inspiron 14,125,Not short,dell inspiron 14. así es como debe ser tu portátil,https://www.youtube.com/watch?v=phRH3PqwbN4
2022-02-23,inspiron 14,5656,Not short,dell inspiron 14 5000 2 in 1 review!,https://www.youtube.com/watch?v=c5VQsBNqs3Q
2022-02-17,inspiron 14 5425,6615,Not short,"dell inspiron 14 5425/5420 - ram, ssd and wifi upgrade guide (2022 amd inspiron 5000-series)",https://www.youtube.com/watch?v=XRO6rDnSktk
2022-02-15,inspiron 14,3480,short,how to add boot option in boot menu of dell inspiron 14 laptop,https://www.youtube.com/shorts/qk-8Fo4M-Ag
2022-02-14,inspiron 14 5425,14889,Not short,dell inspiron 14 5425 first impressions - inspiron 5000 gets amd barcelo and 16:10 display for 2022,https://www.youtube.com/watch?v=23pQ8x2R6oA
2022-02-14,inspiron 14,28224,Not short,dell inspiron 14 2-in-1 (5410) review: solid productivity-focused laptop,https://www.youtube.com/watch?v=nwi3byCwHXc
2022-02-06,inspiron 14,3112,Not short,dell new 14 i5-11320h | dell inspiron core i5 11th gen | dell inspiron 14 intel core i5 | dell 14 i5,https://www.youtube.com/watch?v=7Na1L61J0lE
