post date,model,views,video type,title,link
2022-08-03,inspiron 16,7668,Not short,dell inspiron 16 plus 7620 (2022) - the review,https://www.youtube.com/watch?v=LwM9wjmejpg
2022-08-02,inspiron 15,34,Not short,dell inspiron 16 2-in-1 (2022) review,https://www.youtube.com/watch?v=HfWSzTZEsZE
2022-07-31,inspiron 16,173,Not short,dell inspiron 16 7620 || full review and unboxing,https://www.youtube.com/watch?v=UO8clJqCf7A
2022-07-29,inspiron 16,4979,Not short,dell inspiron 16 plus (7620) (2022): live unboxing,https://www.youtube.com/watch?v=4xaJvgmanmw
2022-07-19,inspiron 16,63,Not short,dell new inspiron 16 2in1 7620 intel 12th core i7 1260p benchmark ベンチマーク,https://www.youtube.com/watch?v=Nss88l6EAIg
2022-07-15,inspiron 14,412,Not short,dell inspiron 2 in 1 16 inch laptop and tablet  12th gen intel core i7,https://www.youtube.com/watch?v=sXDcwfzBCIs
2022-07-14,inspiron,408,Not short,"dell inspiron 7620 16"" 2 in 1 | 25 triệu màn hình lớn, thiết kế đẹp!!!",https://www.youtube.com/watch?v=TmSxD5UcsUA
2022-07-14,inspiron 16,9926822,Not short,unboxing the dell inspiron 16 2-in-1 | best-in-class | beebom,https://www.youtube.com/watch?v=jlTNlZSG9zc
2022-07-10,inspiron 7420 2in1,19710,Not short,dell inspiron 7420 2 in 1 new launched ⚡ dell premium intel cori5 12th gen unboxing and  review 🔥,https://www.youtube.com/watch?v=kd9WBMEsQqs
2022-07-05,inspiron 16,67148,Not short,dell 12th gen laptop unboxing | dell inspiron 16 7620 2 in 1 laptop unboxing | windows 11 | lt hub,https://www.youtube.com/watch?v=hMwFhpCRgBY
2022-06-27,inspiron 14,18080,Not short,dell inspiron 14 2-in-1 (7420) (2022) review,https://www.youtube.com/watch?v=0Bc-Hw6rb_8
2022-06-26,inspiron 16,5053,Not short,dell inspiron 2 in 1 7620 laptop review,https://www.youtube.com/watch?v=YanthRVhlmE
2022-06-25,inspiron 14,123337,Not short,dell inspiron 16 2-in-1 (2022): 4k oled + 12th gen core i7!,https://www.youtube.com/watch?v=624M1n3K3aY
2022-06-20,inspiron 16,1120,Not short,"inspiron 16 2-in-1 สเปก i7-1260p + mx550 จอ oled uhd+ พับได้ 360 ลำโพง 4 ตัว เบา 2.1 โล เริ่ม 3x,xxx",https://www.youtube.com/watch?v=CdNd5OnqA48
2022-06-17,inspiron 16,29702,Not short,dell inspiron 16 2-in-1 (7620) (2022) review,https://www.youtube.com/watch?v=5Hb1viHCKGo
2022-06-14,inspiron,6479,Not short,new dell inspiron 2in1 7420 laptop unboxing and full review,https://www.youtube.com/watch?v=VcX7svMJabc
2022-06-02,inspiron,7864,Not short,dell inspiron 7420  2in1 laptop 12th gen processor unboxing #dellindia #dell_inspiron #youtube,https://www.youtube.com/watch?v=pUkx9oFGwBk
2022-06-01,inspiron 14,35715,Not short,dell inspiron 14 2-in-1 (2022) review and unboxing - sheer performance!,https://www.youtube.com/watch?v=kKsEO_zjnVo
2022-05-30,inspiron 16,2607,Not short,dell inspiron 7620 unboxing // dell inspiron 7620 16 inch 2 in 1 laptop unboxing // #artechreviewpk,https://www.youtube.com/watch?v=N9VTVTC8avs
2022-05-24,inspiron 16,6046,Not short,unboxing dell inspiron 16 2-in-1 (7620) 2022,https://www.youtube.com/watch?v=5u4qVBxJ-Gc
2022-05-12,inspiron 16,1692,Not short,dell inspiron 16 7620 2-in-1 (intel),https://www.youtube.com/watch?v=1TBRNPI1-8o
2022-05-02,inspiron 14,1359,Not short,unboxing dell inspiron 14 2-in-1 convertible laptop | avani’s life,https://www.youtube.com/watch?v=2NGtE1S53Y8
2022-04-03,inspiron 14,13872,Not short,new inspiron 14 7425レビュー 16:10になり使いやすくなった2-in-1ノートpc,https://www.youtube.com/watch?v=5kWZC7ew1So
2021-09-15,inspiron 14,149,short,dell inspiron 14 5410 2 in 1 laptop | inspiron 14 2-in-1 laptop | leheri.com #shorts,https://www.youtube.com/shorts/1zGc8nhKJXc
2021-07-06,inspiron,35442,Not short,dell inspiron 5410 2-in-1 laptop 2021 ( 11th gen / i7 / 16 gb / 512 ssd ),https://www.youtube.com/watch?v=jrFs7hsJ4gU
2021-06-15,inspiron,62999,Not short,"best 17"" laptop?!?! dell inspiron 17 7000 2-in-1 review!",https://www.youtube.com/watch?v=OZPt-8tyQ9c
2021-03-27,inspiron 15,39317,Not short,dell inspiron 15 7506 2-in-1; i7-1165g7; 16 gb ram; 512 gb nvme; teil 1 von 2,https://www.youtube.com/watch?v=60YeeU5gCQQ
