post date,model,views,video type,title,link
2022-07-13,No model name,52,Not short,"dell latitude 15 (3520) von innen - tauschen, wechseln, erweitern",https://www.youtube.com/watch?v=gihUXkfC-1I
2022-04-16,inspiron 15,5,Not short,"original dell 65w ac adapter for inspiron 15 (3520), inspiron 15 (3521), inspiron 15 (3537),  review",https://www.youtube.com/watch?v=OjUXe8snbz4
2022-04-16,inspiron 15 3520,5,Not short,gintai power switch on/off button board replacement for dell inspiron 15 3520 n5040 n5050 m50 review,https://www.youtube.com/watch?v=XlGJlHMtO1Y
2022-04-16,inspiron 15,2,Not short,suyitai replacement for dell inspiron 15r-3520 15r-n5040 15r-n5050 15r-m5040 vostro 1540 2520 review,https://www.youtube.com/watch?v=eNV1_kAi_g0
2022-03-20,No model name,579,Not short,dell latitude 3520 core i7 11th generation laptop unboxing.,https://www.youtube.com/watch?v=qIQ2mojZsLk
2022-03-08,No model name,771,Not short,review dell latitude 15 3520 #delllatitude #reviewlaptop #laptopgaming,https://www.youtube.com/watch?v=F0muGjRs_1E
2022-03-08,No model name,5005,Not short,"[review] dell latitude 15 3520 – life in plastic, it’s budgetastic",https://www.youtube.com/watch?v=tMTly3Et9pU
2022-03-02,No model name,153,Not short,🔬 [ревю] dell latitude 15 3520 - добра машина с приятна цена,https://www.youtube.com/watch?v=SHaFZNKUWwo
2022-02-09,No model name,41,Not short,dell latitude 15 3520 11geraçao,https://www.youtube.com/watch?v=xhP-RWN1yb8
2022-01-26,No model name,957,Not short,how to install m.2 nvme ssd and ram on dell latitude 15 3520 laptop,https://www.youtube.com/watch?v=NxO3KEeuK-k
2022-01-21,No model name,260,Not short,dell latitude 15 3520 black laptop unboxing...,https://www.youtube.com/watch?v=y2wBJh-kpcs
2022-01-03,inspiron 15,3275,Not short,dell latitude 3520 laptop m.2 nvme ssd upgrade | bala computer services,https://www.youtube.com/watch?v=DB28w7IFYx8
2021-12-30,No model name,163,Not short,dell latitude 15 3520 core i3 11th gen laptop unboxing ! best laptop under rs. 40000?,https://www.youtube.com/watch?v=EpnElv9xSdo
2021-12-23,No model name,3930,Not short,dell latitude 3520 - i5 11th gen backlite keyboard & finger print,https://www.youtube.com/watch?v=QdCkcQzq1-c
2021-12-17,No model name,272,Not short,dell latitude 3520 | unboxing & review | sinhala,https://www.youtube.com/watch?v=JDY-sk4fjHg
2021-12-12,No model name,1666,Not short,dell latitude 15 3520 upgrade options ||  dell latitude 3520 internal ports,https://www.youtube.com/watch?v=Di_vwCyaBDk
2021-11-21,No model name,17826,Not short,dell latitude 3520 laptop unboxing & first look | intel core i3-i5-11th gen black with ssd | lt hub,https://www.youtube.com/watch?v=ta1F5fwGi8c
2021-11-13,No model name,116,Not short,🛠️ dell latitude 15 3520 - desmontagem,https://www.youtube.com/watch?v=TC0Cp61k70Y
2021-10-28,No model name,22601,Not short,🛠️ dell latitude 15 3520 - disassembly and upgrade options,https://www.youtube.com/watch?v=yQMty8A_C-E
2021-10-19,No model name,25529,Not short,dell latitude 3520 - unboxing/presentation eng 4k,https://www.youtube.com/watch?v=FB4cWOUHAkU
2021-10-14,No model name,11784,Not short,dell latitude 3520 review,https://www.youtube.com/watch?v=HV6dMRyKDr8
2021-10-09,inspiron 15 3520,1806,Not short,dell inspiron 3520 take apart complete disassemble,https://www.youtube.com/watch?v=eVdIBIKF_ks
2021-10-01,inspiron 15 3520,38,Not short,dell inspiron 15 3520 (p18f003) palmrest how-to video tutorial,https://www.youtube.com/watch?v=4LvkOFrrCSU
2021-10-01,inspiron 15 3520,98,Not short,dell inspiron 15 3520 (p18f003) memory how-to video tutorial,https://www.youtube.com/watch?v=qCzGJaeAOdQ
2021-10-01,inspiron 15 3520,60,Not short,dell inspiron 15 3520 (p18f003) motherboard how-to video tutorial,https://www.youtube.com/watch?v=knWjMmOQttY
2021-10-01,inspiron 15 3520,71,Not short,dell inspiron 15 3520 (p18f003) lcd screen how-to video tutorial,https://www.youtube.com/watch?v=WiTOt10gbn0
2021-10-01,inspiron 15 3520,19,Not short,dell inspiron 15 3520 (p18f003) hinge rails how-to video tutorial,https://www.youtube.com/watch?v=UDxTo_IrJVU
2021-10-01,inspiron 15 3520,51,Not short,dell inspiron 15 3520 (p18f003) display assembly how-to video tutorial,https://www.youtube.com/watch?v=FyxlxkGxU-8
2021-10-01,inspiron 15 3520,39,Not short,dell inspiron 15 3520 (p18f003) lcd cable how-to video tutorial,https://www.youtube.com/watch?v=aUDXH194Klc
2021-10-01,inspiron 15 3520,20,Not short,dell inspiron 15 3520 (p18f003) lcd bezel how-to video tutorial,https://www.youtube.com/watch?v=1dfN3eFweGc
2021-10-01,inspiron 15 3520,126,Not short,dell inspiron 15 3520 (p18f003) keyboard how-to video tutorial,https://www.youtube.com/watch?v=WW05O0A2Glg
2021-10-01,inspiron 15 3520,37,Not short,dell inspiron 15 3520 (p18f003) hinge cover how-to video tutorial,https://www.youtube.com/watch?v=vn4Xo_bTVYU
2021-10-01,inspiron 15 3520,81,Not short,dell inspiron 15 3520 (p18f003) heatsink fan how-to video tutorial,https://www.youtube.com/watch?v=3sgDGyMs9Lo
2021-10-01,inspiron 15 3520,473,Not short,dell inspiron 15 3520 (p18f003) hard drive how-to video tutorial,https://www.youtube.com/watch?v=2r5Zn2j1t_s
2021-10-01,inspiron 15 3520,38,Not short,dell inspiron 15 3520 (p18f003) wlan card how-to video tutorial,https://www.youtube.com/watch?v=FvtVghDzhEA
2021-10-01,inspiron 15 3520,20,Not short,dell inspiron 15 3520 (p18f003) usb circuit board how-to video tutorial,https://www.youtube.com/watch?v=s05yvjF4W0g
2021-10-01,inspiron 15 3520,93,Not short,dell inspiron 15 3520 (p18f003) dvd drive how-to video tutorial,https://www.youtube.com/watch?v=TeLV2_gyht0
2021-10-01,inspiron 15 3520,158,Not short,dell inspiron 15 3520 (p18f003) battery how-to video tutorial,https://www.youtube.com/watch?v=Etr0MHF3HrY
2021-10-01,inspiron 15 3520,84,Not short,dell inspiron 15 3520 (p18f003) cpu how-to video tutorial,https://www.youtube.com/watch?v=1GdtiL-c5b4
2021-09-25,No model name,9546,Not short,"review laptop dell latitude 3520 core i7-1165g7 ram 8gb, ssd 256gb 15.6 inch full hd quá sốc",https://www.youtube.com/watch?v=ZEyqPD43-gs
2021-09-20,No model name,1126,Not short,"dell latitude 3520 laptop (intel core i3/ 11th gen/ 4gb ram/ 1tb hdd/ ubuntu/ 15.6""",https://www.youtube.com/watch?v=pwhjAMm52Zk
2021-09-15,No model name,4509,Not short,dell precision 3520 اقوي وورك ستيشن واعلي تبريد بيدعم ويندوز 11,https://www.youtube.com/watch?v=sw1hviBze8I
2021-09-09,inspiron 15 3520,1234,short,dell inspiron 3520 laptop keyboard replacement,https://www.youtube.com/shorts/ykqp60KMlew
2021-08-31,inspiron 15 3520,8530,short,dell inspiron 3520 laptop camera replacement | dell laptop camera repair | camera repair cost,https://www.youtube.com/shorts/YnwIIN1dkTE
2021-07-22,No model name,6471,Not short,[review] dell latitude 3520 | đơn giản nhưng hiệu quả,https://www.youtube.com/watch?v=4l8IrrdFHo8
2021-05-12,inspiron 15,3861,Not short,como fazer upgrade no notebook dell inspiron 15 3583 as80p / adicionando memória e hd notebook dell,https://www.youtube.com/watch?v=3WH8W3k5BVs
2021-04-05,inspiron 15 3520,4511,Not short,dell inspiron 3520 | upgrade/change ram and harddisk | how to replace ram in dell 3520 |step by step,https://www.youtube.com/watch?v=N0wu1sgAZno
2021-03-18,inspiron 15 3520,32,Not short,dell inspiron 3520 240gb ssd hdd upgrade in hyderabad,https://www.youtube.com/watch?v=QIv1Xz3GbqE
2020-12-14,inspiron 15 3520,83,Not short,dell inspiron 3520 || how to replace keyboard | 3520 me keyboard kaise badle,https://www.youtube.com/watch?v=i9P1OHSV7dQ
2020-09-15,No model name,63092,Not short,🛠️ dell latitude 15 3510 - disassembly and upgrade options,https://www.youtube.com/watch?v=012NOpnS1fQ
2020-08-12,inspiron 15 3520,3369,Not short,dell inspiron 3520 hard drive replacement keyboard ram guide ssd laptop,https://www.youtube.com/watch?v=3VRWVoUxigE
2020-06-28,inspiron 15 3520,359,Not short,"dell inspiron 3520 8gb ram memory upgrade available for sale in hyderabad, india. phone: 9010288758",https://www.youtube.com/watch?v=XzeNjdZgxwo
2020-01-08,inspiron 15,44572,Not short,how to install windows 10 on dell inspiron 15 3573 series,https://www.youtube.com/watch?v=8kXkdn38oYM
2019-10-22,inspiron 15,183951,Not short,dell inspiron 15 3593 uefi bios setting walkthrough,https://www.youtube.com/watch?v=Kv82a1-TyqU
2019-06-24,inspiron,50,Not short,tanch j1knd 04yrjh laptop battery for dell inspiron 13r 14r 15r  vostro 3550 series,https://www.youtube.com/watch?v=PW8-aSyMzbc
2019-06-24,inspiron 15 3520,124,Not short,tanch j1knd 04yrjh laptop battery for dell inspiron 15 3520 n5030 n5110 series,https://www.youtube.com/watch?v=QQUf_o62X7Q
2019-04-18,inspiron 15,14677,Not short,how to install windows 10 on dell inspiron 15-3521 | how to boot dell  3521 | technical web support,https://www.youtube.com/watch?v=KVINlwMjcTI
2019-04-05,No model name,52207,Not short,dell laptop battery replacement  unboxing and review of dell laptop battery j1knd,https://www.youtube.com/watch?v=9Ke8tc3sTrM
2019-03-23,No model name,70607,Not short,how to download dell driver from dell official site 2019|(wifi/bluetooth/bios/graphic/drivers),https://www.youtube.com/watch?v=SUzFkkQcdTc
2018-10-19,inspiron 15 3520,24,Not short,dell inspiron 15 3520 diagnostics test  part 6,https://www.youtube.com/watch?v=DYqtJVF0uro
2018-10-19,inspiron 15 3520,0,Not short,dell inspiron 15 3520 assembling  part 5,https://www.youtube.com/watch?v=M6qdL0g9jjc
2018-10-19,inspiron 15 3520,2,Not short,dell inspiron 15 3520 assembling  part 4,https://www.youtube.com/watch?v=f0Wf3Ed1zUo
2018-10-19,inspiron 15 3520,1,Not short,dell inspiron 15 3520 assembling  part 3,https://www.youtube.com/watch?v=vm0bcViPPZg
2018-10-18,inspiron 15 3520,5,Not short,dell inspiron 15 3520 assembling  part 2,https://www.youtube.com/watch?v=v6kD0Sl-zVg
2018-10-18,inspiron 15 3520,9,Not short,dell inspiron 15 3520 assembling  part 1,https://www.youtube.com/watch?v=bL4oG6PQIrM
2018-10-18,inspiron 15 3520,8,Not short,dell inspiron 15 3520 disassembling  part 7,https://www.youtube.com/watch?v=0WtX5xz5r14
2018-10-18,inspiron 15 3520,3,Not short,dell inspiron 15 3520 disassembling  part 6,https://www.youtube.com/watch?v=woTYztcnSl8
2018-10-17,inspiron 15 3520,1,Not short,dell inspiron 15 3520 disassembling  part 5,https://www.youtube.com/watch?v=VLNaSo2KHvI
2018-10-17,inspiron 15 3520,2,Not short,dell inspiron 15 3520 disassembling  part 4,https://www.youtube.com/watch?v=k7oQ8ihGeis
2018-10-14,inspiron 15 3520,2,Not short,dell inspiron 15 3520 disassembling  part 3,https://www.youtube.com/watch?v=OmAFr1X8Ey0
2018-10-14,inspiron 15 3520,2,Not short,dell inspiron 15 3520 disassembling  part 2,https://www.youtube.com/watch?v=h3bt27opXsM
2018-10-13,inspiron 15 3520,5,Not short,dell inspiron 15 3520 disassembling  part 1,https://www.youtube.com/watch?v=avst4qxvfbo
2018-09-25,inspiron 15 3520,2774,Not short,dell inspiron 3520 laptop review (my first review video)| thisisxtation,https://www.youtube.com/watch?v=M6jopR7mfUo
2018-08-19,inspiron 15 3520,1911,Not short,how to install ram in laptop dell inspiron 3520 tamil,https://www.youtube.com/watch?v=8IOWQlwSjEo
2018-03-29,inspiron 15 3520,2963,Not short,dell inspiron 3520 keyboard replacement,https://www.youtube.com/watch?v=yNRrwIii9r8
2018-02-19,inspiron 15,62305,Not short,how to ║ restore reset a dell inspiron 15 p40f to factory settings ║ windows 8,https://www.youtube.com/watch?v=-B3YNyH_w2g
2017-07-17,No model name,258,Not short,dell precision 15  3520 mobil i̇ş i̇stasyonu,https://www.youtube.com/watch?v=6saOSSLyGe0
2017-06-26,inspiron 15,155,Not short,dell inspiron 15-3520 (cũ) core i3-3110,https://www.youtube.com/watch?v=z5NWOpv34no
2017-01-10,inspiron 15 3520,45932,Not short,how to open dell inspiron 3520  || how to disassemble dell inspiron 3520 ||  how to open laptop,https://www.youtube.com/watch?v=KZr668tJOxA
2016-10-14,inspiron 15 3520,74449,Not short,dell inspiron 3520 short circuit. advanced mainboard repair,https://www.youtube.com/watch?v=G-ktyQ9oNHk
2016-05-22,inspiron 15 3520,1206,Not short,dell inspiron 15 3520 slight review/tech issues,https://www.youtube.com/watch?v=0QB92FWms5o
2016-05-15,inspiron 15 3520,12066,Not short,how to disassemble dell inspiron 3520,https://www.youtube.com/watch?v=egXwwgXE19g
2015-11-02,inspiron 15 3520,12256,Not short,"how to upgrade ram memory in dell inspiron 15 - 3520, n5050 laptop",https://www.youtube.com/watch?v=GyqPymsc_Hk
2015-10-31,inspiron 15 3520,33712,Not short,"how to install ssd in dell inspiron 15 3520, n5050 | hard drive replacement",https://www.youtube.com/watch?v=fVyyrR5Qizc
2015-10-31,inspiron 15 3520,2450,Not short,"how to replace keyboard on dell inspiron 15 - 3520, n5050 laptop",https://www.youtube.com/watch?v=SIMPjh4J_xk
2015-10-31,inspiron 15,1626,Not short,"how to reassemble laptop dell inspiron 15 - 3520, n5050",https://www.youtube.com/watch?v=ErPVH64iRaA
2015-10-31,inspiron 15 3520,42427,Not short,"how to disassemble and clean laptop dell inspiron 15 - 3520, n5050",https://www.youtube.com/watch?v=xCPlGLHhsIE
2014-10-22,inspiron 15,6163,Not short,dell inspiron 15r (3520) remplazar pantalla - gizmotij,https://www.youtube.com/watch?v=N4DaG03dPww
2014-10-15,inspiron 15,45669,Not short,dell inspiron 15 (3520) remplazar el teclado - gizmotij,https://www.youtube.com/watch?v=ESlxd-wrO9U
2014-06-22,inspiron 15 3520,7247,Not short,dell　inspiron 3520 ssd換装　 m3040-15 n3040 n3050-15,https://www.youtube.com/watch?v=M86fkYqqDS4
2014-02-12,inspiron 15,29,Not short,"sửa chữa, bảo trì laptop, 0949513333, dell inspiron 15-3520",https://www.youtube.com/watch?v=8r6yjX0uOtc
2014-01-14,inspiron 15,11,Not short,"màn hình laptop dell inspiron 15-3520, 0975393333, sửa chữa, thay, giá rẻ",https://www.youtube.com/watch?v=ge6xk2l7A4o
