post date,model,views,video type,title,link
2022-08-05,inspiron 7420 2in1,18,Not short,"dell inspiron 7420 2 in 1 (2022) - chỉ 17.xxx - đầm chắc, cảm ứng siêu mượt  | thái long computer",https://www.youtube.com/watch?v=-s2HV9DP_kM
2022-08-01,inspiron 7420 2in1,247,short,new dell inspiron 7420 2 in 1,https://www.youtube.com/shorts/bVn5lPPONOs
2022-07-28,inspiron 7420 2in1,720,Not short,so sánh dell inspiron 7420 với dell 7415- chênh lệch 2tr có xứng đáng ?,https://www.youtube.com/watch?v=E9_47nzAB6A
2022-07-28,inspiron 7420 2in1,1423,Not short,đánh giá laptop dell inspiron 7420 2in1 màn cảm ứng tiện dụng,https://www.youtube.com/watch?v=pRAkUJNjhV8
2022-07-25,inspiron,2920,Not short,dell inspiron 7420 (2022) - chiếc laptop này dành cho ai??? | laptopworld,https://www.youtube.com/watch?v=WzU_HVUV5ZE
2022-07-23,inspiron 7420 2in1,14,Not short,laptop dell inspiron 7420 2in1 i5-1235u 8gb 512gb 14 inch fhd touch on win11 led_kb nhôm bạcmới 100%,https://www.youtube.com/watch?v=qSiqeWQFpEo
2022-07-23,inspiron,3535,Not short,"dưới 20 triệu mà có 12th, màn 100%srgb  thêm 2in1 á? review dell inspiron 7420",https://www.youtube.com/watch?v=GkbUbhTfQBY
2022-07-18,inspiron 7420 2in1,781,Not short,trên tay dell inspiron 7420 - intel thế hệ 12  sẽ có sức mạnh như thế nào ?,https://www.youtube.com/watch?v=2IutHpKSwL0
2022-07-16,inspiron 14,699,Not short,inspiron 14 7420 2-in-1 สเปก core i gen 12u + mx550 จอ fhd+ พับ 360 ทัชได้มีปากกา ใช้งานลื่นไหล,https://www.youtube.com/watch?v=qLWPOzBzAxU
2022-07-15,inspiron 7420 2in1,2538,Not short,trên tay dell inspiron 7420 2in1 (2022) laptop 2 trong 1 thế hệ mới nhưng chỉ 17 triệu !!!,https://www.youtube.com/watch?v=EEfdk9C-rqw
2022-07-13,inspiron 7420 2in1,823,Not short,dell inspiron 7420 2 in 1 những cải tiến rất đáng giá và ngon nhất tầm giá 17trieu ?!!,https://www.youtube.com/watch?v=JYM7G5gLkr8
2022-07-12,inspiron 7420 2in1,482,Not short,dell inspiron 14 7420 2in1 - mẫu laptop đa dụng mới nhất của dell trong năm 2022,https://www.youtube.com/watch?v=WwiqA1EVvF0
2022-07-12,inspiron 14,620,Not short,"dell inspiron 14 7425 2-in-1 | 18 triệu thiết kế đẹp, cảm ứng mượt, cấu hình ngon!!",https://www.youtube.com/watch?v=YeP037sUxDg
2022-07-11,inspiron,1671,short,laptop có cảm ứng mượt nhất dưới 18 triệu - dell inspiron 7420 (2022) | laptopworld,https://www.youtube.com/shorts/x-xhC_UDzGE
2022-07-11,inspiron 7420 2in1,240,Not short,dell inspiron 7420 2 in 1 new launched ⚡ dell premium intel cori5 12th gen unboxing and review,https://www.youtube.com/watch?v=aSvIunmbSHg
2022-07-11,inspiron 14,1168,Not short,review dell inspiron 14 7420 (2 in 1) i5 thế hệ 12 (2022),https://www.youtube.com/watch?v=SdOvTPpu1gk
2022-07-10,inspiron,68,Not short,dell inspiron 7420 12thgen,https://www.youtube.com/watch?v=Bfbdn-OxF1U
2022-07-10,inspiron 7420 2in1,19710,Not short,dell inspiron 7420 2 in 1 new launched ⚡ dell premium intel cori5 12th gen unboxing and  review 🔥,https://www.youtube.com/watch?v=kd9WBMEsQqs
2022-07-08,inspiron,768,Not short,dell inspiron 7420  2 in 1 (2022) | laptop văn phòng tầm trung cho trải nghiệm cực tốt!!,https://www.youtube.com/watch?v=sXtzLGPNSM0
2022-07-08,inspiron 14,1100,Not short,dell inspiron 14 7420 im test | cyberport,https://www.youtube.com/watch?v=yXikqUX6KG8
2022-07-07,inspiron 7420 2in1,4698,Not short,"dell inspiron 7420 2 in 1 (2022) - chỉ 17tr đầm chắc, cảm ứng siêu mượt | laptopworld",https://www.youtube.com/watch?v=c7cpWdjc7FY
2022-07-04,inspiron 14,672,Not short,dell inspiron 14 7420 unboxing | cyberport,https://www.youtube.com/watch?v=rX1CYUHhOX4
2022-06-27,inspiron 14,18079,Not short,dell inspiron 14 2-in-1 (7420) (2022) review,https://www.youtube.com/watch?v=0Bc-Hw6rb_8
2022-06-26,inspiron 16,5052,Not short,dell inspiron 2 in 1 7620 laptop review,https://www.youtube.com/watch?v=YanthRVhlmE
2022-06-25,inspiron 14,123337,Not short,dell inspiron 16 2-in-1 (2022): 4k oled + 12th gen core i7!,https://www.youtube.com/watch?v=624M1n3K3aY
2022-06-20,inspiron,1420,short,dell inspiron 7420#new arrival,https://www.youtube.com/shorts/JJNM-ibKp1c
2022-06-18,inspiron 7420 2in1,844,Not short,new dell inspiron 14 7420 2in1 laptop unboxing.....,https://www.youtube.com/watch?v=hbMm7fjgh50
2022-06-17,inspiron 7420 2in1,11298,Not short,dell inspiron 2-in-1 7420 unboxing & review 2022 | new dell inspiron 7420 unboxing & review 🔥🔥🔥,https://www.youtube.com/watch?v=QOG3tjNmuiI
2022-06-16,inspiron 7420 2in1,1880,Not short,dell laptop  inspiron 7420 2 in 1 | best laptop 2022 | laptop review | dell inspiron series laptop,https://www.youtube.com/watch?v=LPPZhNLRQb0
2022-06-14,inspiron,6479,Not short,new dell inspiron 2in1 7420 laptop unboxing and full review,https://www.youtube.com/watch?v=VcX7svMJabc
2022-06-02,inspiron,7864,Not short,dell inspiron 7420  2in1 laptop 12th gen processor unboxing #dellindia #dell_inspiron #youtube,https://www.youtube.com/watch?v=pUkx9oFGwBk
2022-06-01,inspiron 14,35715,Not short,dell inspiron 14 2-in-1 (2022) review and unboxing - sheer performance!,https://www.youtube.com/watch?v=kKsEO_zjnVo
2022-05-30,inspiron 16,2607,Not short,dell inspiron 7620 unboxing // dell inspiron 7620 16 inch 2 in 1 laptop unboxing // #artechreviewpk,https://www.youtube.com/watch?v=N9VTVTC8avs
2022-05-11,inspiron 14,897,Not short,dell inspiron 14 7420 2-in-1 (intel),https://www.youtube.com/watch?v=lvavysiaOtw
2022-05-08,inspiron 14,9051,Not short,dell inspiron 14 5410 2-in-1 - balanced touch screen laptop,https://www.youtube.com/watch?v=Xmv7CG12iQE
2022-05-02,inspiron 14,1359,Not short,unboxing dell inspiron 14 2-in-1 convertible laptop | avani’s life,https://www.youtube.com/watch?v=2NGtE1S53Y8
2022-04-29,inspiron 14,7412,Not short,dell inspiron 14-7425 2-in-1 touch laptop unboxing & first look | windows 11 laptop unboxing| lt hub,https://www.youtube.com/watch?v=27BhyfifPbg
2022-03-05,No model name,1430,Not short,dell latitude 7420 2in1 | dell latitude 7420 | dell latitude 11th generation | dell 7420 upgrade,https://www.youtube.com/watch?v=Vr257qL_EWE
2022-02-14,inspiron 14,28225,Not short,dell inspiron 14 2-in-1 (5410) review: solid productivity-focused laptop,https://www.youtube.com/watch?v=nwi3byCwHXc
2021-11-13,No model name,1225,Not short,#delllatitude 7420 2in1 busines laptop a look inside!,https://www.youtube.com/watch?v=brE1d4ThmNc
2021-11-12,No model name,18699,Not short,#delllatitude 7420 2in1 busines laptop with multi-touch screen,https://www.youtube.com/watch?v=gORmPu6X8fY
2021-10-11,inspiron 14,21845,Not short,lenovo yoga 7i vs dell inspiron 14: battle of 2-in-1 touchscreen laptop with active stylus pen 2021,https://www.youtube.com/watch?v=JTvBsQHL6Os
2021-09-26,inspiron 14,47572,Not short,lenovo flex 5i vs dell inspiron 14 5410 2 in 1 | best touchsceen 2 in 1 laptop under 50k,https://www.youtube.com/watch?v=rlJgou1bXdE
2021-06-23,inspiron 14,19902,Not short,맥북에 아쉬운거 여기 다 있네! (dell inspiron 14 2in1),https://www.youtube.com/watch?v=4PL2PPBhGYc
