post date,model,views,video type,title,link
2022-08-03,inspiron 14,18,Not short,dell inspiron 14 7425 2 in-1 (2022 summer update part 3 august 3rd 2022),https://www.youtube.com/watch?v=v0B5jMUGvYQ
2022-07-22,inspiron,144,Not short,"dell inspiron 7425 | ultrabook 2022 xoay gập cảm ứng cực mạnh, màn tỉ lệ 16:10 cao ráo",https://www.youtube.com/watch?v=wNQOSsf926g
2022-07-15,inspiron 7420 2in1,2538,Not short,trên tay dell inspiron 7420 2in1 (2022) laptop 2 trong 1 thế hệ mới nhưng chỉ 17 triệu !!!,https://www.youtube.com/watch?v=EEfdk9C-rqw
2022-07-12,inspiron 14,620,Not short,"dell inspiron 14 7425 2-in-1 | 18 triệu thiết kế đẹp, cảm ứng mượt, cấu hình ngon!!",https://www.youtube.com/watch?v=YeP037sUxDg
2022-07-08,inspiron,768,Not short,dell inspiron 7420  2 in 1 (2022) | laptop văn phòng tầm trung cho trải nghiệm cực tốt!!,https://www.youtube.com/watch?v=sXtzLGPNSM0
2022-07-07,inspiron 7420 2in1,4698,Not short,"dell inspiron 7420 2 in 1 (2022) - chỉ 17tr đầm chắc, cảm ứng siêu mượt | laptopworld",https://www.youtube.com/watch?v=c7cpWdjc7FY
2022-07-02,inspiron,487,Not short,dell inspiron 7425 - chiếc laptop xoay gập 2022 với hiệu năng mạnh mẽ dành cho ai?,https://www.youtube.com/watch?v=54nhyWeDw38
2022-06-30,inspiron 14,2739,Not short,"dell inspiron 14 7425 (2022) máy này chỉ hợp với giám đốc!! webcam full hd, pin trâu, màn cảm ứng...",https://www.youtube.com/watch?v=Gxvbs4EKeqw
2022-06-15,inspiron 14,6477,Not short,amd의 최신 성능과 펜 필기감이 좋은 2in1 노트북을 찾으신다면 dell inspiron 14 7425 | amd 바르셀로 r7 5825u 하이엔드 저전력 cpu,https://www.youtube.com/watch?v=5hEb-lbDGcI
2022-06-02,inspiron,7864,Not short,dell inspiron 7420  2in1 laptop 12th gen processor unboxing #dellindia #dell_inspiron #youtube,https://www.youtube.com/watch?v=pUkx9oFGwBk
2022-06-01,inspiron 14,35715,Not short,dell inspiron 14 2-in-1 (2022) review and unboxing - sheer performance!,https://www.youtube.com/watch?v=kKsEO_zjnVo
2022-04-29,inspiron 14,7412,Not short,dell inspiron 14-7425 2-in-1 touch laptop unboxing & first look | windows 11 laptop unboxing| lt hub,https://www.youtube.com/watch?v=27BhyfifPbg
2022-04-03,inspiron 14,13872,Not short,new inspiron 14 7425レビュー 16:10になり使いやすくなった2-in-1ノートpc,https://www.youtube.com/watch?v=5kWZC7ew1So
2022-03-06,inspiron,4,short,dell new inspiron 5410 2in1,https://www.youtube.com/shorts/csBZvTVpoc8
2021-10-05,inspiron 14,163004,Not short,dell inspiron 14 2-in-1 review - an affordable amd powerhouse,https://www.youtube.com/watch?v=OjgPnAj-m40
