post date,model,views,video type,title,link
2022-08-06,inspiron 16 5620,48,Not short,new ⚡⚡ dell inspiron 16 5620  intel core i5-1240p laptop unboxing and review 2022 #dellinspiron,https://www.youtube.com/watch?v=VVB4xfeBLD8
2022-08-02,inspiron 16 5620,1876,Not short,dell inspiron 16 5620: the most affordable 16-inch laptop from dell!,https://www.youtube.com/watch?v=C-03jSN3Hr4
2022-08-02,inspiron,4783,Not short,dell vostro 16 5620 | 12th gen intel core i5-1240p laptop unboxing and review 2022,https://www.youtube.com/watch?v=IeoSNJroeCY
2022-07-31,inspiron 16 5620,6203,Not short,chiếc laptop dell cực hay cho sinh viên cntt | dell inspiron 16 5625 (2022),https://www.youtube.com/watch?v=1bqxGhJBLSU
2022-07-30,inspiron 16 5620,1598,Not short,dell vostro 16 5620 with intel core i5-1240p processor - dell laptop under 70000,https://www.youtube.com/watch?v=fFldh9wIyec
2022-07-28,No model name,919,Not short,"dell vostro 5620 जबरदस्त laptop i5-1240p, 16gb/512gb ssd16.0"" fhd250 nits,  review in हिंदी",https://www.youtube.com/watch?v=TJIMfbd4RLk
2022-07-27,inspiron 16 5620,417,Not short,[4k] dell inspiron 16 5620 노트북 프리뷰 영상,https://www.youtube.com/watch?v=gbKtzcI9BHE
2022-07-25,inspiron 16 5620,124,Not short,dell inspiron 16 5620 | 12th gen intel core i5-1240p laptop review 2022,https://www.youtube.com/watch?v=WYpru64MEOk
2022-07-24,No model name,4905,Not short,dell 12th gen laptop unboxing | dell vostro 16 5620 laptop unboxing | 16inch | windows 11 | lt hub,https://www.youtube.com/watch?v=vngFvC554IU
2022-07-24,inspiron 16 5620,507,short,laptop dell inspiron 16 5620 i7 1620p gen 12 2022,https://www.youtube.com/shorts/v4V2kOlNqdI
2022-07-22,inspiron 16 5620,353,Not short,💯dell inspiron 16 5620~12th gen intel core i5-1240p💯laptop review 2022..new launch 🤩,https://www.youtube.com/watch?v=KMAdOM6h0MQ
2022-07-20,inspiron 16 5620,89,Not short,【ezstick】dell inspiron 16 5620 p117f 鍵盤膜樣式 及 機身貼 螢幕貼 touchpad貼 施工過程 diy 筆電包膜,https://www.youtube.com/watch?v=otkSUxd9pOQ
2022-07-19,inspiron 15 3525,276,Not short,dell inspiron 16 5620 🤩12th gen intel core i5-1240p | 16gb ram 512gb ssd 2gb nvidia 2022 new launch🤩,https://www.youtube.com/watch?v=VKLN8fAq8-I
2022-07-16,inspiron 16 5620,2123,Not short,"trên tay dell inspiron 5620 - màn ngon, cpu i7 1260p, card mx570 mạnh nhưng..!",https://www.youtube.com/watch?v=ISAyX_DM-Yk
2022-07-16,inspiron 16 5620,31329,Not short,dell inspiron 16 5620 | 12th gen intel core i5-1240p laptop review 2022,https://www.youtube.com/watch?v=ZMFygd-7cGI
2022-07-15,inspiron 16 5620,4897,Not short,"dell inspiron 5620 (2022) - mx570 rất mạnh, màn hình 100% srgb | laptopworld",https://www.youtube.com/watch?v=xmk7PJcgt5c
2022-07-15,inspiron 16 5625,1350,Not short,đánh giá dell inspiron 5625: cứ ngỡ như macbook 16 inch!,https://www.youtube.com/watch?v=0vxX3UM48Wk
2022-07-13,inspiron 16 5620,744,short,dell inspiron 16 12th gen | dell inspiron 16 5620 |dell i512th gen laptop #dell  #unboxing,https://www.youtube.com/shorts/QWR7HdhsniY
2022-07-13,inspiron 16 5620,3994,Not short,dell inspiron 5620 12th gen intel core i3 - shocking benchmarks + review | mwb,https://www.youtube.com/watch?v=0zlH6wtCW38
2022-07-12,inspiron 16 5620,3627,Not short,dell vostro 5620 vs dell inspiron 16 | which is better ? | intel i5 12th gen,https://www.youtube.com/watch?v=oygfIZlNZb4
2022-07-09,inspiron 16 5620,6971,short,dell inspiron 16 5620 i5 12th generation,https://www.youtube.com/shorts/IjUgYyE0j60
2022-07-09,inspiron 16 5620,84,Not short,"[광고] dell inspiron 16 5620 ub05kr 노트북, 게임 오디오 출력",https://www.youtube.com/watch?v=jQ7893HNoXE
2022-07-09,inspiron 16 5620,30,Not short,"[광고] dell inspiron 16 5620 ub05kr 노트북, 오버워치 플레이 영상",https://www.youtube.com/watch?v=BvYpjcC0sBc
2022-07-08,inspiron 16 5620,22241,Not short,dell inspiron 5620 12th gen intel core i3🔥 | shocking result 😔 | unboxing & first impressions⚡,https://www.youtube.com/watch?v=oTqxx4THKFM
2022-07-07,inspiron 16 5620,113,Not short,dell inspiron 16 5620 laptop 12th gen intel,https://www.youtube.com/watch?v=Vz-DXwY7368
2022-07-06,inspiron 16 5620,1430,Not short,review laptop dell inspiron 16 5620 n6i5003w1 core i5-1240p ram 16gb ssd 512gb geforce mx570 2gb,https://www.youtube.com/watch?v=g3bMdeN-K7A
2022-07-05,inspiron 16,67145,Not short,dell 12th gen laptop unboxing | dell inspiron 16 7620 2 in 1 laptop unboxing | windows 11 | lt hub,https://www.youtube.com/watch?v=hMwFhpCRgBY
2022-06-30,inspiron 16 5620,2134,Not short,review laptop dell inspiron 16 5620 n6i7000w1 core i7-1260p ram 16gb ssd 512gb geforce mx570 2gb,https://www.youtube.com/watch?v=uEuCnWYFykw
2022-06-27,inspiron 16 5625,1172,Not short,review laptop dell inspiron 16 5625 99vp91 ryzen r7-5825u ram 8gb ssd 512gb 16 inch full hd+ quá đẹp,https://www.youtube.com/watch?v=gaispke3iYs
2022-06-25,inspiron 14,123336,Not short,dell inspiron 16 2-in-1 (2022): 4k oled + 12th gen core i7!,https://www.youtube.com/watch?v=624M1n3K3aY
2022-06-18,No model name,3994,Not short,"dell vostro 5620 (2022) - màn 16 inch, i7 1260p, tặng office hs bản quyền",https://www.youtube.com/watch?v=bt85UX3AEsM
2022-06-14,inspiron 16 5620,8502,Not short,dell inspiron 16 full overview - not review | the best 16-inch 12th gen laptop,https://www.youtube.com/watch?v=98lYr_kL85g
2022-06-13,inspiron 16,1912,Not short,dell inspiron 16 2022 india launched price specs and availability,https://www.youtube.com/watch?v=mYsSSNb6XcU
2022-06-10,No model name,1805,Not short,review laptop dell vostro 16 5620 p117f001agr core i7-1260p ram 16gb ssd 512gb 16 inch full hd+ w11,https://www.youtube.com/watch?v=Ue-2ytHUyrE
2022-06-05,inspiron 16,6398,Not short,unboxing dell inspiron 16 laptop,https://www.youtube.com/watch?v=swVgwBbWMmE
2022-06-02,No model name,1632,Not short,laptop dell vos 5620 i5-1240p  review,https://www.youtube.com/watch?v=4wcxfY-rPmI
2022-05-31,No model name,3221,Not short,review laptop dell vostro 16 5620 70282719 core i5-1240p ram 16gb ssd 512gb 16 inch full hd+ mới ra,https://www.youtube.com/watch?v=3qlNX1lvPaE
2022-05-27,inspiron 16,3712,Not short,dell inspiron 16 new unboxing,https://www.youtube.com/watch?v=JN86I06r1tM
2022-05-16,inspiron 16 5620,159,Not short,inspiron 5620,https://www.youtube.com/watch?v=dQeQfOomzdk
2022-05-16,inspiron 16,8459,Not short,dell inspiron 16 review time! a beast of a computer!,https://www.youtube.com/watch?v=97Wrwh0-lDc
2022-05-09,inspiron 16 5620,1054,Not short,asus vivobook s15 ke3502 vs dell inspiron 16 5620,https://www.youtube.com/watch?v=SUAsjU9eRpw
2022-05-01,inspiron,21070,Not short,dell vostro 5620 new launched 12th gen intel core i5 | 1240p,https://www.youtube.com/watch?v=341lzzPQFF0
2022-04-30,No model name,1195,Not short,4년차 직장인 브이로그 | 망원동 투어 | 오레노라멘 | 엔트러사이트 | 델 인스피론 16 5620 | what’s on my laptop | 합정역 혼밥 | intj,https://www.youtube.com/watch?v=_WGR2XTlNg0
2022-04-26,inspiron,69666,Not short,dell vostro 5620 new launched 12th gen intel core i5 exclusive unboxing & first impressions⚡,https://www.youtube.com/watch?v=32jx2_LJRgU
2022-04-25,inspiron 16,1488,Not short,mở hộp: dell inspiron 16 plus 7610: i7 11800h màn 3k giá 25 triệu?,https://www.youtube.com/watch?v=KTIC3c_lHLU
2022-04-21,inspiron 16 5625,3984,Not short,review laptop dell inspiron 16 5625 70281537 r5-5625u ram 8gb ssd 512gb 16 inch full hd+ windows 11,https://www.youtube.com/watch?v=RKNxZyxgq4s
2022-04-19,No model name,4443,Not short,"가볍게 휴대할 수 있는 16형 대화면 노트북, dell 인스피론 16 5620-ub02kr",https://www.youtube.com/watch?v=AJKdEzUlcT4
2022-04-17,inspiron 16 5620,2338,Not short,"dell inspiron 16 5620/5625 repair guide - battery, dc jack and fan replacement, heatsink cleaning",https://www.youtube.com/watch?v=vrcbDeza7Bc
2022-04-15,inspiron 16 5620,8431,Not short,"dell inspiron 16 5620/5625 - ram, ssd and wifi upgrade guide",https://www.youtube.com/watch?v=iGxaPn9qedI
2022-04-15,inspiron 16 5620,6721,Not short,new dell vostro 16 5625 unboxing & review 2022 | dell vostro amd ryzen 5 5625 laptop unboxing 2022,https://www.youtube.com/watch?v=fy-Oz7jfiDE
2022-04-13,inspiron 16 5620,31846,Not short,dell inspiron 16 5620 review - inspiron 5000 gets intel core i5-1235u and 16:10 screen for 2022,https://www.youtube.com/watch?v=Ng2sH__uGk8
2022-04-07,inspiron 16,1549,Not short,"inspiron 16 จอ fhd+ เบา 1.87 โล สเปก i5, i7 gen 12 / ryzen 5000 เริ่ม 2x,xxx #notebookทุกวัน ep36",https://www.youtube.com/watch?v=4MPDkrDNPA4
2022-04-03,inspiron 16 5620,11958,Not short,intel 12th gen powered dell vostro 5620 complete overview with benchmark | dell vostro 5620 review,https://www.youtube.com/watch?v=0P-qDE3p70E
2022-03-24,inspiron,12052,Not short,"【$7,000輕量剪片文書機】dell insprion 16 5625評測｜amd新cpu ryzen 5 5625u跑分表現｜用內顯都做到簡單剪片、執相",https://www.youtube.com/watch?v=RMhytxR2Qqo
2022-03-17,inspiron 16,14366,Not short,dell inspiron 16 plus laptop unboxing & setup,https://www.youtube.com/watch?v=mW4J38nuPjs
2022-02-24,inspiron 16,7158,Not short,best laptop in 2022 for business & general use - buy dell inspiron 16 plus,https://www.youtube.com/watch?v=TL35hJgdKe4
2022-02-14,inspiron 16,5135,short,dell inspiron 16 7610 touch pad issue,https://www.youtube.com/shorts/-egm84D4pw4
2022-01-14,inspiron 16,3278,short,dell inspiron 16 plus unboxing #ytshorts#dell #guntur,https://www.youtube.com/shorts/gJMJ-Ax0bVc
2021-12-17,inspiron 16,16019,Not short,đánh giá chi tiết dell inspiron 16 plus 7610 - món ngon cho dân thiết kế đồ họa đầu năm 2022 !!!,https://www.youtube.com/watch?v=qVtzbiMpuZQ
2021-12-17,inspiron 16,10165,Not short,vivobook pro 15 oled và inspiron 16 plus 7610 - laptop này dành cho ai | laptopworld,https://www.youtube.com/watch?v=j9UT2jvMYww
2021-12-04,inspiron 16,2776,Not short,dell inspiron 16 plus (7610) unboxing & review,https://www.youtube.com/watch?v=G_SGRcLiBN8
2021-10-30,inspiron 16,9079,Not short,好用的筆電選擇 dell inspiron 16-7610 評測｜藍諾,https://www.youtube.com/watch?v=IxTR12QAPIk
2021-10-22,inspiron 16,274395,Not short,the best value right now - dell inspiron 16 plus review,https://www.youtube.com/watch?v=yI6xi0qSVD0
2021-09-04,inspiron 16,113838,Not short,dell inspiron 16 plus review:  the almost xps 16,https://www.youtube.com/watch?v=bL817Zey6FM
