﻿counter,post date,model,family grandparent,source,label,number of likes,number of comments,title,content,link
1,2022-12-06,vostro 5320,Odin 13 V ADL,vostro (dell) - reddit,question (technical),1,3,"i am getting 2 amber and 7 white led flashing on my vostro 5320, but screen works fine! not sure if this is a","hello, i have a dell vostro 5320 laptop that i purchased in the uk. it has an i5-1240p processor, 16 gb of ddr5 ram, a 1920x1200 lcd panel. it is running windows 11 pro 22h2 (os build is 22621.819) there is no major issue with my laptop or its lcd screen, and the hardware works fine. however, i still see the ""2 amber and 7 white led"" flashing pattern on the charging led indicator every now and then. this happens despite the lcd functioning perfectly fine. when i googled the meaning of this led error pattern, the information i got was that this indicates a faulty/non-functioning lcd panel. and all the posts i found online mention that the lcd panel is not working or turning on. but my lcd panel works fine though. i also noticed that this flashing led pattern clears up after i shut down and turn on the laptop (i.e. do a complete power cycle rather than simply restarting it). here is a video i posted on youtube to demonstrate what is going on with my laptop: youtube video is there some issue with my laptop that needs to be addressed or can i ignore this flashing led pattern? the only issue i have noticed with the display seems to be a software/graphics driver issue in windows 11 rather than any hardware issue. i noticed that after using my laptop for sometime (over the course of several days, after hibernating and resuming etc) dragging and moving windows in the os only shows a rectangular outline of the window rather than showing the contents. and the maximise/minimise animation of the windows does not show. this makes it look like something turned off several features in the graphics settings on windows. and the issue resolves itself after restarting the laptop. note that this happens on both external monitors and on the built-in lcd display. and this is definitely a software issue and not related to the flashing led light error code.",https://www.reddit.com/r/Dell/comments/ze3mnb/i_am_getting_2_amber_and_7_white_led_flashing_on
2,2022-09-06,vostro 5620,Odin V5 16 ADL,vostro (dell) - reddit,question (technical),1,1,"brand new dell vostro 5620 fans are really loud, is it","just got a vostro 5620 and the fans are really loud. like a lot. at first i thought that maybe all the start up system updating and installing was just a draining task but now that everything is up to date it's still really annoyingly loud. every time i restart the laptop, the fans kick in and it's really loud for about 5-10min before it quiets down. left it to idle without anything turned on for a while and the fans still kicked in once in a while. haven't really installed anything yet so i have no idea why the fans would need to be this loud. the laptop is also placed on a hard cool surface so it's not like the vents are being blocked.",https://www.reddit.com/r/Dell/comments/x7ad7m/brand_new_dell_vostro_5620_fans_are_really_lou
3,2022-08-24,vostro 5620,Odin V5 16 ADL,vostro (dell) - reddit,question (technical),1,1,vostro 5620 loud fans kicking in all the,this is my first windows laptop. is it normal for the machine to get noticeably hot and have the fans kick in from just scrolling my emails/web browsing?,https://www.reddit.com/r/Dell/comments/wwx1zq/vostro_5620_loud_fans_kicking_in_all_the_
4,2022-08-24,vostro 5620,Odin V5 16 ADL,vostro (dell) - reddit,question (purchasing),1,0,latitude 5k worth the extra $500 than vostro,"i want a mid-ranged laptop for my web development job and am having a tough time trying to decide between a vostro and a latitude. specifically, vostro 5620 and latitude 5530. in terms of performance and specs, they're almost identical. i can save some money for latitude by opting out of paid windows os (the difference would still be $500). the pros for latitude in my opinion are: ubuntu out of the box more ports supposed to have a better build quality(?) brighter screen compacter the pros for vostro are: bigger screen with better ppi cheaper is the extra $500 worth it for people who have used both? i've heard that latitudes are supposed to reliable, sturdy workhorses, but i'm not sure whether that applies to the 35/5k series as well.",https://www.reddit.com/r/Dell/comments/ww9he7/latitude_5k_worth_the_extra_500_than_vostro_5620
5,2022-07-07,vostro 5620,Odin V5 16 ADL,vostro (dell) - reddit,question (technical),1,0,"dell vostro 5620, windows 11 stuck at 48fps, but applications run at","model: dell vostro 5620 cpu: i7-1260p gpu: iris xe graphics ram: 32gb ssd: 512gb samsung nvme i have installed the intel graphics drivers. but windows 11 seems laggy. there are 2 options in display hertz rate. 48 and 60. when i select 48hz it seems 48hz. but when i select 60hz, windows's itself is still seems 48hz, no change. but applications can run smoothly. when i open a 60fps video on youtube, it is buttersmooth 60fps. but for example if i press ""windows"" button and start menu popups, it is laggy an it seems 48fps on every ""windows"" thing. how can i solve this? any suggestions are welcome! thanks! (btw, this is company's laptop, windows 11 come installed, maybe i should install a clear windows11?)",https://www.reddit.com/r/Dell/comments/vtkb2j/dell_vostro_5620_windows_11_stuck_at_48fps_bu
6,2022-05-28,vostro 5620,Odin V5 16 ADL,vostro (dell) - reddit,question (technical),1,6,vostro 5620 throttling at low,"hey, just got a 5620 with an i7-1260p, i don't understand why the throttling on this model under both windows and ubuntu with everything set to performance in the bios is so agressive. it won't let the laptop run hotter than 75c after like 10 seconds which makes for garbage performance (7500 vs 12000 on the same cpu in an xps with cr23). the laptop is big and thick, it's able to easily cool that cpu if it weren't for the throttling, i'm worried this is intentionally gimping vostro laptops in the bios to make sure they don't match xps lines. anyone have similar experience or advice? i'm going to have to return it and buy some lenovo gaming laptop if i can't fix this, thank you.",https://www.reddit.com/r/Dell/comments/uzqdtv/vostro_5620_throttling_at_low_
7,2022-05-24,vostro 5320,Odin 13 V ADL,vostro (dell) - reddit,question (technical),6,13,"is the new inspiron 14"" with an i7-1255u good enough for everyday use and photo editing or should i go for a vostro 13"" with a","howdy all! i am looking forward to buying a new 12th gen intel laptop from dell as my current laptop from asus is getting quite old and slow and overheating as well. i finalised my decision to two different models: (1) the new inspiron 14"" model with the i7-1255u, or (2) the vostro 5320 (13"") model with the i7-1260p processor. my use case is just a everyday laptop for browsing the web, watching some youtube, streaming some netflix, and occasional photo editting in lightroom. my current laptop is an asus zenbook pro with an intel i7-6700hq for reference. will the inspiron model with a lower power cpu (i7-1255u) be sufficient for my usage or should i go for the more performance oriented cpu (i7-1260p) in the vostro instead? my requirements is a decently powerful laptop that is very light as well. in this regard, i love the vostro as it is saying it is just 1.25kg in weight, but the downside is it has very few ports, and is also very expensive at around £1043. whereas the inspiron is a bit heavier at 1.55kg, but has many more ports and much cheaper at around £800. but of course, the inspiron has the i7-1255u and the vostro has the i7-1260p instead. what are your thoughts? please let me know! thank you!",https://www.reddit.com/r/Dell/comments/uwmymc/is_the_new_inspiron_14_with_an_i71255u_g
