﻿counter,post date,model,source,number of likes,number of comments,title,content,link
1,2022-08-04,inspiron 14 5420,inspiron (dell) - reddit,1,0,inspiron 14 vs xps 13 for use with external,"my partner has a desktop with three monitors. 2 extended and 1 clone, all 1920x1080. she also uses a laptop while away from home. i had the idea of combining the devices and getting her a new laptop. the two devices i’ve been looking at are the inspiron 14 5420 and the xps 13 9320. from the admittedly small amount of reading i’ve done i’m having difficulty determining how many external monitors a laptop will support, and with which dock. much of the advice i've found seems to assume you already have the laptop to run some tests on but i haven't bought one yet. is it the case that a laptop will always support whatever number of display outputs a dock features or is it more complicated than that? can anyone offer any advice for her use case here?",https://www.reddit.com/r/Dell/comments/wfxclf/inspiron_14_vs_xps_13_for_use_with_externa
2,2022-07-31,inspiron 16 plus 7620,inspiron (dell) - reddit,3,6,inspiron 16 plus 7620 battery draining like a,"hey all, had my new inspiron 16 plus 7620 a week or so. great laptop except the battery life sucks. i've just been typing a report while waiting for a flight and burned over 30% in less than an hour of light work. i had the brightness one notch off minimum for a lot of this and was in power save mode. wondering if anyone else has had this experience / managed to figure a solution? i know it's high powered and all the rest but this seems unnecessarily shit. i've owned plenty of equivalent laptops, including an xps 15 9520, and never had one this bad. confusingly, on the flight up i managed to get 10+ hours of predicted life, i used something like 5% battery for doing basically the same work, with a higher brightness. airplane mode though. help!",https://www.reddit.com/r/Dell/comments/wcf3xp/inspiron_16_plus_7620_battery_draining_like_a
3,2022-07-30,inspiron 16 plus 7620,inspiron (dell) - reddit,3,2,dell inspiron 16 plus 7620 bad audio problem with,"hello, i recently bought a brand new dell inspiron 16 plus 7620 and i really love it, but there is a huge problem. the audio quality (or rather equalization) with headphones is very bad compared to other devices, it has a lot of bass frequencies and very few treble frequencies, so it's obviously impossible to listen to music with headphones or with external speakers. with the laptop speakers instead the sound is good. i set maxxaudiopro so that it applies no effects when anything is connected to the headphone input, so i expected to have a clear and ""original"" sound, but instead it's very bad. i also tried to uncheck the box ""enable audio enhancements"" in windows settings but it didn't change anything. this is very disappointing, i would like to know if it is a software or hardware problem and if it is possible to fix it. does anyone with the same model have this problem? thank you very much, every suggestion is appreciated. update: i tried installing several older realtek drivers and also some microsoft (native) driver but none of them worked. this makes me think is a hardware problem but it would be very strange that a new laptop has such a poor audio card. also with bluetooth headphones and with hdmi monitors with integrated speakers the audio is ok, so the problem seems to be the headphones input.",https://www.reddit.com/r/Dell/comments/wbsdnz/dell_inspiron_16_plus_7620_bad_audio_problem_w
4,2022-07-26,inspiron 16 plus 7620,inspiron (dell) - reddit,1,6,bought an inspiron 7620; need ram,"i just bought an inspiron 7620 an am so far extremely satisfied with it. i knew right off the bat that i could bump the ram up to 32 gigs ram. however, i noticed on crucial’s site, that they’re offering 64 gig kits. what i would like to know is, has anyone in this sub, with this system attempted this, and confirm that it works. i am leery about purchasing the kit, only to have it not boot, then going through an rma, when it could have been avoided. any insight on this would be appreciated.",https://www.reddit.com/r/Dell/comments/w88xlc/bought_an_inspiron_7620_need_ram_adv
5,2022-07-23,inspiron 16 plus 7620,inspiron (dell) - reddit,0,4,inspiron 16 plus 7620 - overheating in sleep,"hi, just received my new laptop. nice design and all, but one thing i find weird is that the keyboard area is becoming very hot when the laptop is on sleep for a long time. what can i do to resolve the issue? should i let dell know about that in their forum, so they can push a bios update? do you think it has something to do with being plugged in in ac mode? thanks",https://www.reddit.com/r/Dell/comments/w5qk65/inspiron_16_plus_7620_overheating_in_sleep_
6,2022-07-19,inspiron 16 plus 7620,inspiron (dell) - reddit,44,100,freshly new inspiron 16 plus 7620 with i7 and rtx 3060. feel free to ask,i just took a 350+350km train trip from denmark to pick this laptop up in germany. i will probably spend the next few days testing it and trying to see whether it will be suitable for me. i plan to run both linux and windows on it and hopefully keep it for something like 8 years and more. feel free to ask any questions. specifications: i7-12700h 16gb ram rtx3060 65w 1tb ssd,https://www.reddit.com/r/Dell/comments/w30svq/freshly_new_inspiron_16_plus_7620_with_i7_and_rtx
7,2022-07-17,inspiron 16 plus 7620,inspiron (dell) - reddit,1,4,new inspiron,i bought a 12th gen inter inspiron 7620. it runs super hot and the fans run constantly. is this normal for a new computer? i have been a mac user up until now...,https://www.reddit.com/r/Dell/comments/w19ptz/new_inspiron_7620
8,2022-07-16,inspiron 15 3525,inspiron (dell) - reddit,4,5,overheating new dell inspiron 15 3525 ryzen 7,i bought this newly launched dell 5 days ago and it's idle temperature is reaching 70 degrees. i updated all drivers and troubleshooted but still the temperature remained high. then i contacted dell for replacement and they agreed and are allowing me to buy different model too in same price range. so my problem is should i go for same inspiron 15 3525 as it has such a good processor (other laptops have r5 or i5 in same price range) or should i opt for a different laptop? edit: i'm a casual gamer and do some data science programming on python (anaconda),https://www.reddit.com/r/Dell/comments/w07z78/overheating_new_dell_inspiron_15_3525_ryzen_7
9,2022-07-06,inspiron 16 plus 7620,inspiron (dell) - reddit,5,9,the new dell inspiron 7620 is out in usa region,found out that new inspiron 16 plus (7620) is out now. hope to get the reviews soon. https://www.dell.com/en-us/work/shop/dell-laptops-and-notebooks/new-inspiron-16-plus-laptop/spd/inspiron-16-7620-laptop/smi16w11p1c200?view=configurations#,https://www.reddit.com/r/Dell/comments/vss46d/the_new_dell_inspiron_7620_is_out_in_usa_region
10,2022-07-04,inspiron 16 plus 7620,inspiron (dell) - reddit,2,5,dell laptop inspiron 7620 without dedicated,"i want to buy a laptop mainly for developing and managing my business and i am looking into the inspiron 7620 12th gen cpu. to save some money i found one that has the intel iris xe gpu, but i wonder if it can handle the resolution of 3072 x 1920. i will use it for programming so i don't want to run into flickering problems when i scroll text, it would be a real bummer! has anyone owned that laptop? i cannot find any reviews on the latest model and even dell has only the 2-in-1 model on their site. what kind of monitor panel does it have? is it ok for my purpose?",https://www.reddit.com/r/Dell/comments/vr179o/dell_laptop_inspiron_7620_without_dedica
11,2022-07-04,inspiron 16 plus 7620,inspiron (dell) - reddit,1,0,inspiron 7620 display calibration - 100%,"i purchased the 1900x1200 version of the inspiron 7620 and i can't get the screen to calibrate correctly. dell indicates this is a 100% srgb panel and notebookcheck's review of this model shows at least 95% coverage. my best calibration to date is 79% srgb. https://www.notebookcheck.net/dell-inspiron-16-7620-2-in-1-convertible-review-mylar-and-aluminum-chassis.628030.0.html displaycal, calibrite display plus, gamma set to 2.2 ideas?",https://www.reddit.com/r/Dell/comments/vqv9b2/inspiron_7620_display_calibration_100_srgb
12,2022-06-28,inspiron 16 plus 7620,inspiron (dell) - reddit,2,3,is there a way to purchase the new dell inspiron 16 7620 plus from a different region to,i have recently noticed that some of the regions already started selling the new inspiron 16 7620 plus models but not in us. i am in a need of a new laptop. and more specifically i am interested in this model particularly. was hoping someone could help me with the purchase to be shipped or something similar to get this model. ​ here is the link to the model for reference: https://www.dell.com/de-de/shop/laptops/inspiron-16-plus/spd/inspiron-16-7620-laptop,https://www.reddit.com/r/Dell/comments/vms16y/is_there_a_way_to_purchase_the_new_dell_inspiron
13,2022-06-17,inspiron 15 3525,inspiron (dell) - reddit,1,1,new inspiron 15 3525 screen color,"just got a inspiron 15 3525 and overall, it's a nice machine. however, i cannot figure out how to adjust screen colors. used the calibration tool, which is a joke. the cinema color app does a little, but i still have a little bit of red that can't be adjusted out. am i missing something really obvious? seems kind of weird that users can't (easily) adjust the screen settings.",https://www.reddit.com/r/Dell/comments/ve16xt/new_inspiron_15_3525_screen_color_adjustmen
14,2022-06-02,inspiron 16 plus 7620,inspiron (dell) - reddit,1,7,"inspiron 7620 2-in-1, 4k nvidia mx550, unable to maintain charge under full","so this is just a heads up to anybody looking at dell systems or dell laptop specifically. i purchased a dell inspiron 7620 2 in 1, i opted for the higher end skew with the 4k screen which i didn't really care for but i wanted the nvidia mx550 discrete graphics and the additional ram. a $1600 configuration. now while this of course is not a purpose built gaming system. i was actually surprised at the performance of it doing some 1080p gaming. one thing i was really surprised about unfortunately was the fact that under max load while gaming and i say ""max load"", but we'll just say heavy gaming, the battery was discharging. this laptop comes with a 65 watt usb-c power brick, apparently that's not enough. now the problem is i don't know if i can get my hands on a bigger power brick if the system will even use the additional power. dell excuses is ""the system's not made for gaming so it has to use the battery for additional power"". am i insane for expecting an engineered laptop from the manufacturer to be able to fully power itself at maximum utilization from the power brick and power sub systems provided? hell i wouldn't even be upset if the system just maintained its charge level while under full load , that would be acceptable to me and understandable.",https://www.reddit.com/r/Dell/comments/v2x3xr/inspiron_7620_2in1_4k_nvidia_mx550_unable_
15,2022-05-11,inspiron 16 plus 7620,inspiron (dell) - reddit,1,0,need help with inspiron 16 2in1,hey guys. does anyone have any information about the new inspiron 7620 2 in 1 oled. or does anyone found any reviews because i have searched everywhere but couldn't found any reviews about this model. is it worth buying??,https://www.reddit.com/r/Dell/comments/un0x0a/need_help_with_inspiron_16_2in1_
16,2022-05-09,inspiron 16 plus 7620,inspiron (dell) - reddit,2,0,inspiron 7620,hey guys. does anyone have any information about the new inspiron 7620 2 in 1 oled. or does anyone found any reviews because i have searched everywhere but couldn't found any reviews about this model. is it worth buying??,https://www.reddit.com/r/Dell/comments/ulo1qd/inspiron_7620_
17,2022-05-05,inspiron 15 3525,inspiron (dell) - reddit,3,0,looking for inspiron 15 (3525/5515),"i'm looking for reviews on dell inspiron 15 3525/5515. alternatively, please let me know if you have other laptop recommendations below ca$700/us$545. asking here since i couldn't find many reviews online, especially for 3525.",https://www.reddit.com/r/Dell/comments/uimms4/looking_for_inspiron_15_35255515_review
18,2022-04-29,inspiron 16 plus 7620,inspiron (dell) - reddit,2,8,"i'm keen to buy the new inspiron 7620 for my wife, but there's literally zero reviews for it","it looks like everything she needs for photo editing and general chicanery, but i'm always nervous about completely untested hardware. also want to know what the colour accuracy is like. does it go by another model name in other countries (i'm in aus)?",https://www.reddit.com/r/Dell/comments/uej03k/im_keen_to_buy_the_new_inspiron_7620_for_my_wif
19,2022-04-03,inspiron 16 plus 7620,inspiron (dell) - reddit,2,2,where can i find more information about upcoming inspiron 16 plus 7620 model,"you can look at the vostro 5620 for comparison, in the past there seems to be a big similarity between the two brands https://www.dell.com/en-us/work/shop/dell-laptops-and-notebooks/new-vostro-5620-laptop/spd/vostro-16-5620-laptop/smv165w11p1c1401",https://www.reddit.com/r/Dell/comments/tvm8uv/where_can_i_find_more_information_about_upcoming
