counter,post date,model,source,number of likes,number of comments,title,content,link
1,6/17/2022,inspiron 15 3525,inspiron (dell) - reddit,1,1,new inspiron 15 3525 screen color,"just got a inspiron 15 3525 and overall, it's a nice machine. however, i cannot figure out how to adjust screen colors. used the calibration tool, which is a joke. the cinema color app does a little, but i still have a little bit of red that can't be adjusted out. am i missing something really obvious? seems kind of weird that users can't (easily) adjust the screen settings.",https://www.reddit.com/r/Dell/comments/ve16xt/new_inspiron_15_3525_screen_color_adjustmen
2,6/2/2022,inspiron 16 plus 7620,inspiron (dell) - reddit,1,7,"inspiron 7620 2-in-1, 4k nvidia mx550, unable to maintain charge under full","so this is just a heads up to anybody looking at dell systems or dell laptop specifically. i purchased a dell inspiron 7620 2 in 1, i opted for the higher end skew with the 4k screen which i didn't really care for but i wanted the nvidia mx550 discrete graphics and the additional ram. a $1600 configuration. now while this of course is not a purpose built gaming system. i was actually surprised at the performance of it doing some 1080p gaming. one thing i was really surprised about unfortunately was the fact that under max load while gaming and i say ""max load"", but we'll just say heavy gaming, the battery was discharging. this laptop comes with a 65 watt usb-c power brick, apparently that's not enough. now the problem is i don't know if i can get my hands on a bigger power brick if the system will even use the additional power. dell excuses is ""the system's not made for gaming so it has to use the battery for additional power"". am i insane for expecting an engineered laptop from the manufacturer to be able to fully power itself at maximum utilization from the power brick and power sub systems provided? hell i wouldn't even be upset if the system just maintained its charge level while under full load , that would be acceptable to me and understandable.",https://www.reddit.com/r/Dell/comments/v2x3xr/inspiron_7620_2in1_4k_nvidia_mx550_unable_
3,5/11/2022,inspiron 16 plus 7620,inspiron (dell) - reddit,1,0,need help with inspiron 16 2in1,hey guys. does anyone have any information about the new inspiron 7620 2 in 1 oled. or does anyone found any reviews because i have searched everywhere but couldn't found any reviews about this model. is it worth buying??,https://www.reddit.com/r/Dell/comments/un0x0a/need_help_with_inspiron_16_2in1_
4,5/9/2022,inspiron 16 plus 7620,inspiron (dell) - reddit,2,0,inspiron 7620,hey guys. does anyone have any information about the new inspiron 7620 2 in 1 oled. or does anyone found any reviews because i have searched everywhere but couldn't found any reviews about this model. is it worth buying??,https://www.reddit.com/r/Dell/comments/ulo1qd/inspiron_7620_
5,5/5/2022,inspiron 15 3525,inspiron (dell) - reddit,3,0,looking for inspiron 15 (3525/5515),"i'm looking for reviews on dell inspiron 15 3525/5515. alternatively, please let me know if you have other laptop recommendations below ca$700/us$545. asking here since i couldn't find many reviews online, especially for 3525.",https://www.reddit.com/r/Dell/comments/uimms4/looking_for_inspiron_15_35255515_review
6,4/29/2022,inspiron 16 plus 7620,inspiron (dell) - reddit,2,8,"i'm keen to buy the new inspiron 7620 for my wife, but there's literally zero reviews for it","it looks like everything she needs for photo editing and general chicanery, but i'm always nervous about completely untested hardware. also want to know what the colour accuracy is like. does it go by another model name in other countries (i'm in aus)?",https://www.reddit.com/r/Dell/comments/uej03k/im_keen_to_buy_the_new_inspiron_7620_for_my_wif
7,4/3/2022,inspiron 16 plus 7620,inspiron (dell) - reddit,2,2,where can i find more information about upcoming inspiron 16 plus 7620 model,"you can look at the vostro 5620 for comparison, in the past there seems to be a big similarity between the two brands https://www.dell.com/en-us/work/shop/dell-laptops-and-notebooks/new-vostro-5620-laptop/spd/vostro-16-5620-laptop/smv165w11p1c1401",https://www.reddit.com/r/Dell/comments/tvm8uv/where_can_i_find_more_information_about_upcoming
