counter,post date,model,source,number of likes,number of comments,title,content,link
1,2022-07-13,vostro 7620,vostro (dell) - reddit,0,2,i'm fed up with this dell trash: vostro 7620 initial startup failure (second new,"i do not understand how they haven't figured out how to make a laptop startup and just work. this is the second brand new (not refurbs) laptop they've sent me. both failed 3/4 of the way through setting up the fingerprint sensor (whereas on a macbook pro it just works!) and then you finally skip that, and then it doesn't let you put in a pin on the next screen, and then the trackpad/input fails altogether. this is literally the second laptop i've been sent that does this. this is beyond embarrassing for them. this time i recorded it: https://youtu.be/1ruzi06hyfe besides sending it back, what other options should i look at? i use a macbook and run windows 11 pro through parallels (but there is this one program that absolutely won't run that way so i had to buy this garbage), so it's been a while since i've had a windows laptop. i've read about people reinstalling windows to get rid of dell bloat, should i try that? how would i do so? any other options? running their diagnostics (which they make you do when you call in) displays no errors.",https://www.reddit.com/r/Dell/comments/vybhbf/im_fed_up_with_this_dell_trash_vostro_7620
2,2022-07-10,vostro 7620,vostro (dell) - reddit,3,6,vostro 7620,"i haven't seen one yet, so here is mine: it froze during initial setup. that's it, that's the whole review.",https://www.reddit.com/r/Dell/comments/vvw919/vostro_7620_review
3,2022-07-07,vostro 5620,vostro (dell) - reddit,1,0,"dell vostro 5620, windows 11 stuck at 48fps, but applications run at","model: dell vostro 5620 cpu: i7-1260p gpu: iris xe graphics ram: 32gb ssd: 512gb samsung nvme i have installed the intel graphics drivers. but windows 11 seems laggy. there are 2 options in display hertz rate. 48 and 60. when i select 48hz it seems 48hz. but when i select 60hz, windows's itself is still seems 48hz, no change. but applications can run smoothly. when i open a 60fps video on youtube, it is buttersmooth 60fps. but for example if i press ""windows"" button and start menu popups, it is laggy an it seems 48fps on every ""windows"" thing. how can i solve this? any suggestions are welcome! thanks! (btw, this is company's laptop, windows 11 come installed, maybe i should install a clear windows11?)",https://www.reddit.com/r/Dell/comments/vtkb2j/dell_vostro_5620_windows_11_stuck_at_48fps_bu
4,2022-06-10,vostro 7620,vostro (dell) - reddit,6,13,new dell inspiron 16 plus and vostro 7620 laptops are,i can't wait for this three laptops come to usa and have reviews made about them: inspiron 16 plus: https://www.dell.com/it-it/shop/notebook-dell/inspiron-16-plus/spd/inspiron-16-7620-laptop/cn76304 https://www.dell.com/nl-nl/shop/dell-laptops-en-notebooks/inspiron-16-plus/spd/inspiron-16-7620-laptop/cn76304 inspiron 14 plus: https://www.dell.com/nl-nl/shop/dell-laptops-en-notebooks/inspiron-14-plus/spd/inspiron-14-7420-laptop/cn74302 https://www.dell.com/it-it/shop/notebook-dell/inspiron-14-plus/spd/inspiron-14-7420-laptop/cn74302 vostro 7620: https://www.dell.com/it-it/shop/notebook-dell/vostro-7620/spd/vostro-16-7620-laptop/n3303vnb7620emea01,https://www.reddit.com/r/Dell/comments/v9b05b/new_dell_inspiron_16_plus_and_vostro_7620_la
5,2022-05-28,vostro 5620,vostro (dell) - reddit,1,6,vostro 5620 throttling at low,"hey, just got a 5620 with an i7-1260p, i don't understand why the throttling on this model under both windows and ubuntu with everything set to performance in the bios is so agressive. it won't let the laptop run hotter than 75c after like 10 seconds which makes for garbage performance (7500 vs 12000 on the same cpu in an xps with cr23). the laptop is big and thick, it's able to easily cool that cpu if it weren't for the throttling, i'm worried this is intentionally gimping vostro laptops in the bios to make sure they don't match xps lines. anyone have similar experience or advice? i'm going to have to return it and buy some lenovo gaming laptop if i can't fix this, thank you.",https://www.reddit.com/r/Dell/comments/uzqdtv/vostro_5620_throttling_at_low_
