﻿counter,post date,model,source,label,number of likes,number of comments,title,content,link
1,2023-01-05,vostro 7620,vostro (dell) - reddit,question (technical),2,2,dell vostro 7620 - memory,"i bought a dell vostro 7620 notebook, and i need to upgrade the memory. this is current config memory: 16gb 1x8gb integrated, ddr5, 4800 mhz 1x8gb, ddr5, 4800 mhz ​ i purchased the corsair memory according to the settings below: vengeance ddr5 sodimm 16gb (1x16gb) ddr5 4800 (pc5-38400) c40 1.1v vengeance ddr5 sodimm 16gb (1x16gb) ddr5 4800 (pc5-38400) c40 1.1v (corsair.com) ​ but when replacing the 8gb memory with the 16gb one, the computer does not turn on",https://www.reddit.com/r/Dell/comments/103xq5g/dell_vostro_7620_memory_upgra
2,2022-11-13,vostro 7620,vostro (dell) - reddit,question (technical),1,2,vostro 7620 fan runs,i purchased a vostro 7620 a while back. it's the first computer i've owned that runs the fan non-stop while in operation. it's relatively quiet and not horribly annoying - i'm just wondering if it's normal? windows 11 / 16 g ram / 1t storage / i7 / 64 bit nothing taxing in processes. thanks in advance.,https://www.reddit.com/r/Dell/comments/yu2y3e/vostro_7620_fan_runs_non
3,2022-11-03,vostro 7620,vostro (dell) - reddit,question (technical),2,3,french quotation marks (alt car + z or x) on dell vostros 7620 (2022) with french canada,"hi, anyone can help? can't get the quotation marks to work under windows 11 with french canadian keyboard with the alt car + z or x combination. atlgr (or alt car) + z or x gives not output. my physical keyboard is bilingual as you can see on the picture. my default windows setting for my keyboard has to be french (canada). all other keys are working with the atl car combo. only the z and x give not output. you can see all the details in this video of the problem. contacted dell support twice with no solution. thanks! https://preview.redd.it/ys3vfdkk2ox91.jpg?width=4032&format=pjpg&auto=webp&s=48e6d9492baabee842d227e6a4dfddc4d204fe43",https://www.reddit.com/r/Dell/comments/yksojg/french_quotation_marks_alt_car_z_or_x_on_
4,2022-10-01,vostro 7620,vostro (dell) - reddit,question (technical),2,4,vostro 7500 nvme slow read,"hi all, i have a vostro 7500 (i7- 10750h, 24 gb ram, gtx 1650) and it's experiencing strange low read performance with all nvme drives. the problem occurs with the drives installed in either m.2 slot. these are the drives i've tried so far: dell stock toshiba kioxia bg5 1 tb (gen4) dell stock wd sn740 1 tb (gen4) samsung 980 pro 1 tb (gen4) samsung 970 evo plus 500 gb (gen3) xgp gammix s70 blade 2 tb (gen4) i've done the following to troubleshoot, all with the same results: reset bios to factory and bios defaults tried bios set to ahci and intel rst secure boot on and off s.m.a.r.t. reporting on and off clean installs of windows 10 pro and windows 11 with all drivers and updates installed i'm benching with attodisk and i've tried the same nvme drives in other gen3 and gen4 systems (vostro 7620, acer aspire 5, asus desktop boards) and they perform as expected. the behaviour is that attodisk write scores are decent (topping out near the theoretical max for a gen3 x4 m.2 slot) at around 3.2 gb/s but read scores are substantially lower at between 1.5 and 2.5 gb/s. it doesn't seem common to see lower read scores than write scores on any system and several of these drives post read figures close to 5 gb/s on gen4 systems. i've attached the benchmarks for four drives, plus the 980 pro in a gen4 system. i'm at a loss to what the cause could be but maybe others with vostro 7500 systems could run some benchmarks and share the results? is this a system design flaw or limitation? do i have a lemon (no other strange stuff and it's very stable otherwise). thanks, js",https://www.reddit.com/r/Dell/comments/xt0bri/vostro_7500_nvme_slow_read_performan
5,2022-09-06,vostro 5620,vostro (dell) - reddit,question (technical),1,1,"brand new dell vostro 5620 fans are really loud, is it","just got a vostro 5620 and the fans are really loud. like a lot. at first i thought that maybe all the start up system updating and installing was just a draining task but now that everything is up to date it's still really annoyingly loud. every time i restart the laptop, the fans kick in and it's really loud for about 5-10min before it quiets down. left it to idle without anything turned on for a while and the fans still kicked in once in a while. haven't really installed anything yet so i have no idea why the fans would need to be this loud. the laptop is also placed on a hard cool surface so it's not like the vents are being blocked.",https://www.reddit.com/r/Dell/comments/x7ad7m/brand_new_dell_vostro_5620_fans_are_really_lou
6,2022-08-24,vostro 5620,vostro (dell) - reddit,question (technical),1,1,vostro 5620 loud fans kicking in all the,this is my first windows laptop. is it normal for the machine to get noticeably hot and have the fans kick in from just scrolling my emails/web browsing?,https://www.reddit.com/r/Dell/comments/wwx1zq/vostro_5620_loud_fans_kicking_in_all_the_
7,2022-08-24,vostro 5620,vostro (dell) - reddit,question (purchasing),1,0,latitude 5k worth the extra $500 than vostro,"i want a mid-ranged laptop for my web development job and am having a tough time trying to decide between a vostro and a latitude. specifically, vostro 5620 and latitude 5530. in terms of performance and specs, they're almost identical. i can save some money for latitude by opting out of paid windows os (the difference would still be $500). the pros for latitude in my opinion are: ubuntu out of the box more ports supposed to have a better build quality(?) brighter screen compacter the pros for vostro are: bigger screen with better ppi cheaper is the extra $500 worth it for people who have used both? i've heard that latitudes are supposed to reliable, sturdy workhorses, but i'm not sure whether that applies to the 35/5k series as well.",https://www.reddit.com/r/Dell/comments/ww9he7/latitude_5k_worth_the_extra_500_than_vostro_5620
8,2022-08-10,vostro 7620,vostro (dell) - reddit,question (technical),3,0,vostro 7620 -intel i7-12700h cpu very slow & intermittent usb,"edit / update: i've resolved the issue by reinstalling the intel chipset drivers. now the computer runs very fast. cinebench r23 gets as score of 12832. ​ issue resolved after chipset driver installation ​ original post: hi. i have the latest dell vostro 7620 - 12th gen - alder lake - intel core i7-12700h. the cpu appears very slow & has some usb intermittent disconnection problems (with usb keyboard & mouse). please see the screenshots below. when running cinebench r23, vostro 7620 - the cpu scores are very low - 5372 pts (lower than most benchmark websites), and only 22% cpu utilization. same as prime 95, get around 35% cpu utilization. compare to the dell g15 5511 with last gen core i7-11800h, cinebench can run at 100% cpu and score much higher - 10802 pts. any suggestions to why the cpu is so slow? thanks. ​ cinebench - vostro 7620 - 12th gen intel core i7-12700h ​ cinebench - dell g15 5511 - 11th gen intel core i7-11800h ​ prime 95 - - vostro 7620 - 12th gen intel core i7-12700h",https://www.reddit.com/r/Dell/comments/wkncex/vostro_7620_intel_i712700h_cpu_very_slow
9,2022-07-10,vostro 7620,vostro (dell) - reddit,question (technical),5,8,vostro 7620,"i haven't seen one yet, so here is mine: it froze during initial setup. that's it, that's the whole review.",https://www.reddit.com/r/Dell/comments/vvw919/vostro_7620_review
10,2022-07-07,vostro 5620,vostro (dell) - reddit,question (technical),1,0,"dell vostro 5620, windows 11 stuck at 48fps, but applications run at","model: dell vostro 5620 cpu: i7-1260p gpu: iris xe graphics ram: 32gb ssd: 512gb samsung nvme i have installed the intel graphics drivers. but windows 11 seems laggy. there are 2 options in display hertz rate. 48 and 60. when i select 48hz it seems 48hz. but when i select 60hz, windows's itself is still seems 48hz, no change. but applications can run smoothly. when i open a 60fps video on youtube, it is buttersmooth 60fps. but for example if i press ""windows"" button and start menu popups, it is laggy an it seems 48fps on every ""windows"" thing. how can i solve this? any suggestions are welcome! thanks! (btw, this is company's laptop, windows 11 come installed, maybe i should install a clear windows11?)",https://www.reddit.com/r/Dell/comments/vtkb2j/dell_vostro_5620_windows_11_stuck_at_48fps_bu
11,2022-06-10,vostro 7620,vostro (dell) - reddit,question (purchasing),5,13,new dell inspiron 16 plus and vostro 7620 laptops are,i can't wait for this three laptops come to usa and have reviews made about them: inspiron 16 plus: https://www.dell.com/it-it/shop/notebook-dell/inspiron-16-plus/spd/inspiron-16-7620-laptop/cn76304 https://www.dell.com/nl-nl/shop/dell-laptops-en-notebooks/inspiron-16-plus/spd/inspiron-16-7620-laptop/cn76304 inspiron 14 plus: https://www.dell.com/nl-nl/shop/dell-laptops-en-notebooks/inspiron-14-plus/spd/inspiron-14-7420-laptop/cn74302 https://www.dell.com/it-it/shop/notebook-dell/inspiron-14-plus/spd/inspiron-14-7420-laptop/cn74302 vostro 7620: https://www.dell.com/it-it/shop/notebook-dell/vostro-7620/spd/vostro-16-7620-laptop/n3303vnb7620emea01,https://www.reddit.com/r/Dell/comments/v9b05b/new_dell_inspiron_16_plus_and_vostro_7620_la
12,2022-05-28,vostro 5620,vostro (dell) - reddit,question (technical),1,6,vostro 5620 throttling at low,"hey, just got a 5620 with an i7-1260p, i don't understand why the throttling on this model under both windows and ubuntu with everything set to performance in the bios is so agressive. it won't let the laptop run hotter than 75c after like 10 seconds which makes for garbage performance (7500 vs 12000 on the same cpu in an xps with cr23). the laptop is big and thick, it's able to easily cool that cpu if it weren't for the throttling, i'm worried this is intentionally gimping vostro laptops in the bios to make sure they don't match xps lines. anyone have similar experience or advice? i'm going to have to return it and buy some lenovo gaming laptop if i can't fix this, thank you.",https://www.reddit.com/r/Dell/comments/uzqdtv/vostro_5620_throttling_at_low_
