post date,model,source,number of likes,number of comments,title,content,link
2022-08-07,dell g15 5520,dellg15 (gaming) - reddit,2,7,discussiondell g15 5520 vbios update tgp change weirdness,what’s weird?,https://www.reddit.com/r/GamingLaptops/comments/wioqv0/dell_g15_5520_vbios_update_tgp_change_weirdn
2022-08-07,dell g15 5515,dellg15 (gaming) - reddit,4,32,questiondell g15 5515 gpu thermal issue,i recently bought dell g15 which comes with rtx 3050 90w tgp and intel i5 11th 11260h. during half an hour of gameplay gpu temperatures hits 80 degrees and with 45 minutes of gameplay it reaches to 86 degrees. is that normal and if it's not should i replace it. i bought this laptop on amazon btw.,https://www.reddit.com/r/GamingLaptops/comments/wiaubz/dell_g15_5515_gpu_thermal_issu
2022-08-07,dell g15,dellg15 (gaming) - reddit,2,5,questiondoes the dell g15 ryzen edition have usb c charging support?,title,https://www.reddit.com/r/GamingLaptops/comments/wicepb/does_the_dell_g15_ryzen_edition_have_usb_
2022-08-07,dell g15,dellg15 (gaming) - reddit,3,4,questionany reviews on dell g15 ryzen edition (5800h & 3060)? anything i should be aware about before or after buying that laptop?,can't get legion 5 since the offline store i am buying from isn't selling it. and no i can't go online since i would be paying more since this store owner gives me amazing discounts.,https://www.reddit.com/r/GamingLaptops/comments/wi8hgw/any_reviews_on_dell_g15_ryzen_edition_5800h_3060
2022-08-07,dell g15,dellg15 (gaming) - reddit,3,2,recommendationwhich laptop would you choose? dell g15 or asus 500se,"hi guys! looking to get a gaming laptop and ordered the dell g15 with the 3050ti and the ryzen 7 5800h on best buy for around 730 w/ tax. i noticed on ebay the acer predator triton 500 se w/ the 3060 and the i7-11800h. now the acer is refurbished but it's coming straight from acer with a two year warranty. that runs i think around 870. is the price worth the upgrade? should i just wait off completely or would i just be happy with the 3050ti. i loving gaming and play pretty much any title, but have recently been into apex legends. thanks again in advance!",https://www.reddit.com/r/GamingLaptops/comments/wi5xys/which_laptop_would_you_choose_dell_g15_or_asu
2022-08-07,dell g15 5515,dellg15 (dell) - reddit,1,24,helpdell g15 5515 thermal issue (gpu),i recently bought dell g15 which comes with rtx 3050 90w tgp and intel i5 11th 11260h. during half an hour of gameplay gpu temperatures hits 80 degrees and with 45 minutes of gameplay it reaches to 86 degrees. is that normal and if it's not should i replace it. i bought this laptop on amazon btw.,https://www.reddit.com/r/Dell/comments/wiat89/dell_g15_5515_thermal_issue_gpu
2022-08-06,dell g15,dellg15 (gaming) - reddit,2,2,questiondell g15 ryzen edition,"just purchased a dell g15 for around $1,000 including taxes after some discounts. specs: - ryzen 7 5800h - rtx 3060, 6 gb - 1920x1080, 165 hz display - 512 gb ssd - 16 gb, 2 x 8, ddr4, 3200 mhz - 86 wh battery - windows 11 i don’t know anything about laptops. was this a good buy? any tips to increase longevity would be greatly appreciated. hoping it will last through college.",https://www.reddit.com/r/GamingLaptops/comments/wi1ovb/dell_g15_ryzen_edition
2022-08-06,dell g15,dellg15 (gaming) - reddit,3,7,recommendationdell g15 r7 5800h + rtx 3050ti vs a asus tuf dash intel 11th gen i7 11370h + rtx 3060,"im debating on what to go with based on price and performance. i’m not expecting the top tier quality but i want something i can play enjoyably, i play fortnite, halo, apex, multiverse. i got the dell g15 with 8gigs of ram. so far it’s okay for 750$. it does get warm quickly . i was going to use an external monitor and upgrade ram with 2x16gigs of ram but wondering if spending 1000 for the asus would be a better option. the asus comes with 16gigs of ram btw",https://www.reddit.com/r/GamingLaptops/comments/whpsm9/dell_g15_r7_5800h_rtx_3050ti_vs_a_asus_tuf_da
2022-08-06,dell g15,dellg15 (dell) - reddit,1,2,helpdell g15: playing god of war using igpu instead of rtx 3050,"i just bought the dell g15 laptop. it has an intel i5 11th gen processor which has an igpu. when running god of war from steam, i can see in the task manager my igpu at 100% while the 3050 is sitting at a cool 0%",https://www.reddit.com/r/Dell/comments/whpbp4/dell_g15_playing_god_of_war_using_igpu_instead_of
2022-08-04,dell g15,dellg15 (gaming) - reddit,3,2,questiondoes the dell g15 (intel 11800h + rtx 3060) thunderbolt port have a direct connection to the integrated gpu?,"the g15 amd version (ryzen 5800h + rtx 3060) has two video ports (usb-c and hdmi) and both are connected to the nvidia gpu. is the situation the same for the g15 intel version? the reason i'm asking is that i want to do vm gpu passthrough on this laptop. while that works fine on the amd version, both video outputs belong to the nvidia card, so are unavailable to the host os once the vm starts. if the intel version had direct igpu connection on the intel version it would be perfect for my use case.",https://www.reddit.com/r/GamingLaptops/comments/wg5w0t/does_the_dell_g15_intel_11800h_rtx_3060
2022-08-04,dell g15 5515,dellg15 (dell) - reddit,1,9,helpdell g15 5515 ryzen 7. doesn't it work with ddr4 pc4 21300 ram?,"i upgraded the ram with the old one i bought last year, 2*32gb 2600 pc4 21300. then the screen is simply blank after turning it on.",https://www.reddit.com/r/Dell/comments/wgeem0/dell_g15_5515_ryzen_7_doesnt_it_work_with_ddr4
2022-08-03,dell g15 5511,dellg15 (gaming) - reddit,6,5,questiondell g15 5511 thermal pad replacement,"has anyone had experience replacing the thermal pads on the dell g15 5511? if so, what thicknesses have you used? is it even viable to replace thermal pads on vrms, vram and chipset on a laptop? has anyone seen an increase in performance?",https://www.reddit.com/r/GamingLaptops/comments/wfk0ze/dell_g15_5511_thermal_pad_replacemen
2022-08-03,dell g15 5520,dellg15 (gaming) - reddit,2,5,discussiondell g15 5520 what do you think of,i want to buy dell g15 5520 12700h 16gb ddr5 rtx 3050 so can anyone tell me what is the problem of this device i know screen not that good and only have one space for m.2 any material or thermal problems? and the rtx 3050 is 80w or 95w,https://www.reddit.com/r/GamingLaptops/comments/wffs76/dell_g15_5520_what_do_you_think_of
2022-08-03,dell g15 5510,dellg15 (gaming) - reddit,0,0,questiondell g15 what's the difference,what is the difference between dell g15 5510 and 5511 and 5520 than cpu generation,https://www.reddit.com/r/GamingLaptops/comments/wffojz/dell_g15_whats_the_differen
2022-08-03,dell g15 5520,dellg15 (gaming) - reddit,1,6,"tech supportbought new dell g15 5520 3050ti laptop today, motion in gaming strange? anyone know the issue? thanks.",inb4 my issue is that i bought a dell,https://www.reddit.com/r/GamingLaptops/comments/wf3w6u/bought_new_dell_g15_5520_3050ti_laptop_today
2022-08-02,dell g15 5520,dellg15 (gaming) - reddit,6,7,tech supportneed help with dell g15 5520,"hi, i just got my dell g15 5520 today and was facing some problems and was maybe gonna hope for some help from this thread issue 1 - brightness slider is greyed out dunno what to do since i'm not familiar with windows 11 issue 2 - using the g shift key to enable high performance mode cranks the brightness all the way up and it's really painful for the eyes, i did not make any modifications to alienware command center so don't know what could be causing this, attached a video if someone could help it'd be great, thanks in advance",https://www.reddit.com/r/GamingLaptops/comments/weim4l/need_help_with_dell_g15_5520
2022-08-02,dell g15,dellg15 (gaming) - reddit,3,1,discussionram upgrade on dell g15 ryzen edition 5515,"hello everyone, i just upgraded my ram from stock oem 8gb stick to kingston fury impact 3200mhz cl20 32gb (2 x 16gb) on my dell g15 ryzen edition 5515 with ryzen 5600h and gtx 3050. i can't believe how much of a boost i got on 1080p medium-low settings. on warzone with stock oem ram, i got like 70-72fps, and it increased to like 102-105 fps! i need to do more testing with high settings, but even just at glance i was able to do ray tracing and high textures and maintain fps in the 60's whereas before it was in the 40's and 50's. i suppose its not surprising in hindsight... but i was only expecting like a at most a 5fps jump with the low settings. i am extremely happy with these results. when i was shopping around, i wanted to get dual rank sticks, but it became out of my budget and now its hard to find 16gb sticks with dual ranks at a reasonable price. these kingston fury impacts are single rank unless its a 32gb stick, but with the performance increase of just dual channel single ranks, i have no regrets. i am so curious to see how much more of an extra boost the dual rank would have made, but that's like a $250 question i don't have the budget for.",https://www.reddit.com/r/GamingLaptops/comments/weih24/ram_upgrade_on_dell_g15_ryzen_edition_5515
2022-08-02,dell g15 5525,dellg15 (gaming) - reddit,4,2,discussionis displayport on dell g15 5525 (6800h) wired to igpu or dgpu?,i'm looking for a new laptop with 6800h and i had to ask this because dell is confusing. the displayport (from usb c) on the dell g15 5505 (4800h) was wired to igpu and on the dell g15 5515 (5800h) it was wired to dgpu. is there anyway to find this information without buying the laptop? i can't find it in the datasheet somehow. i usually watch jarrod's tech reviews for this information but he hasn't reviewed this laptop yet.,https://www.reddit.com/r/GamingLaptops/comments/we762v/is_displayport_on_dell_g15_5525_6800h_wired_
2022-07-31,dell g15,dellg15 (gaming) - reddit,14,7,tech supportdell g15 battery life after a week of usage,"you need to check if there's nothing on the background draining that battery. also, if you are not doing anything 3d related your gpu should not be draining too much energy, check on task manager if there's nothing there using gpu. other than that, maybe switching the battery mode to silent/eco or something similar, that usually reduces cpu and gpu usage.",https://www.reddit.com/r/GamingLaptops/comments/wcful9/dell_g15_battery_life_after_a_week_of_usag
2022-07-31,dell g15 5515,dellg15 (gaming) - reddit,1,3,"questionmsi afterburner, worth having for gaming laptops? (dell g15 5515)","hi, ​ is this app worth having on? and if so what could it do to help?",https://www.reddit.com/r/GamingLaptops/comments/wchy9u/msi_afterburner_worth_having_for_gaming_la
2022-07-30,dell g15,dellg15 (gaming) - reddit,0,3,laptop recommendationasus tuf dash f15 or dell g15,asus tuf dash 144hz -rtx 3050 -512ssd or dell g15 120 hz 512 ssd rtx 3050 but the asus ram is ddr4 another question are asus laptops worth the price?,https://www.reddit.com/r/GamingLaptops/comments/wbw744/asus_tuf_dash_f15_or_dell_g15
2022-07-30,dell g15 5511,dellg15 (dell) - reddit,1,0,helpdell g15 5511 thermals,"hey guys, i've recently got the dell g15 5511 (11800) and it's good performance wise so far but the thing is i feel it's getting a little too hot, the msi afterburner feels inaccurate bcs it's jumping between 70 85 76 69 80 so what is a good temp and what is a dangerous temp for the cpu (sorry for the bad english)",https://www.reddit.com/r/Dell/comments/wbkw6o/dell_g15_5511_therma
2022-07-29,dell g15,dellg15 (gaming) - reddit,4,2,questiondell g15 se vs msi vector gp66,"hello, i was wondering what your opinion is on these two laptops and which one you think is better: dell g15 special edition: 15.6"" 240hz (i7-12700h/32gb/1tb ssd/geforce rtx 3070 ti/w11 home) vs msi vector gp66: 15.6"" uhd 165hz (i7-12700h/32gb/1tb ssd/geforce rtx 3070 ti/w11 home)",https://www.reddit.com/r/GamingLaptops/comments/watq50/dell_g15_se_vs_msi_vector_gp66
2022-07-28,dell g15,dellg15 (gaming) - reddit,3,5,laptop recommendationconfused between similarly priced legion 5i(i5-10500h) and dell g15(ryzen 5 - 5600h).,"both of them have 95w rtx 3050 (yes i know, 3050 is shit. but here in india the price jump for 1660 & 3060 is just too high). i play casually, so i'm not that worried. i heard that dell g15's display isn't that great. bad colour accuracy and such. but both legion and dell have 45% ntsc colour gamut, 120 hz refresh rate. i can't find any information on the srgb values. the image on the legion's page says 100% srgb, but it's for the i5 11th gen variant. maybe they are 60% srgb. legion has 60whr battery and dell has 56whr. considering dell's equipped with the ryzen processor, it may perform a bit better in the battery aspect. here are the links: lenovo legion 5i (₹69,990 / $879) : https://www.lenovo.com/in/en/laptops/legion-laptops/legion-5-series/legion-5i-gen-6-15%27%27-intel/p/len101g0001 dell g15 (₹70,990 / $892): https://www.dell.com/en-in/shop/laptops-2-in-1-pcs/g15-gaming-laptop/spd/g-series-15-5515-laptop/d560804win9w#ratings_section",https://www.reddit.com/r/GamingLaptops/comments/waidwf/confused_between_similarly_priced_legion
2022-07-28,dell g15 5511,dellg15 (dell) - reddit,1,8,helpi5 11th 11260h vs ryzen 5 5600h (dell g15 5511),i m confused between dell g15 intel vs amd variant. as i said intel version have intel i5 11th 11260h and amd have ryzen 5 5600h and both comes with rtx 3050 90 watt tgp. i heard that some people were saying that ryzen version had some thermal issue that's why i m thinking to switching towards intel version but i also heard that ryzen 5 5600h is better than i5 11th 11260h in term performance. i m very confused 😭. so please me to understand which is better.,https://www.reddit.com/r/Dell/comments/wa2td7/i5_11th_11260h_vs_ryzen_5_5600h_dell_g15_5511
2022-07-28,dell g15,dellg15 (dell) - reddit,1,0,helpdell g15 no responce from power and tech support is down,"maybe someone here can help me. i tried calling dell since i'm still in the one year warrenty period and the only answer i got was ""call back later, we cannot connect you to the depepartment because our systems are down"". the second time dell service has let me down with the same device, the last time they literally put me on hold while helping me and 20 minutes later a guy from the microsoft buisness tech support answered the phone and we were both extremely confused. basically, i have a g15, was working last night just fine. go and plug it in today, nothing. no lights, no sounds. nothing. doesn't even respond as a charge light. i know the power connector is working. any debug ideas because i'm out of them.",https://www.reddit.com/r/Dell/comments/w9x76p/dell_g15_no_responce_from_power_and_tech_su
2022-07-26,dell g15 5515,dellg15 (dell) - reddit,1,10,discussiondell g15 5515 ryzen 5 5600h temps,iam getting 92 degree celesius while playing games like rocket league and was wondering if that's good or bad and if i can do something to improve it note : i don't play with g mode,https://www.reddit.com/r/Dell/comments/w8xngd/dell_g15_5515_ryzen_5_5600h_
2022-07-25,dell g15,dellg15 (dell) - reddit,1,3,helpso i'm buying a dell g15 and i'm wondering if it is windows 11 compatible or not from what i've seen it is right?,it is.,https://www.reddit.com/r/Dell/comments/w7ojd6/so_im_buying_a_dell_g15_and_im_wondering_if_it_
2022-07-22,dell g15 5520,dellg15 (dell) - reddit,2,2,helpis dell g15 5520 refurbished is good ?,i will buy a one in the next month and i want to know what is the difference between one bracket and 2 bracket in the description on the laptop,https://www.reddit.com/r/Dell/comments/w51z6o/is_dell_g15_5520_refurbished_is_g
2022-07-21,dell g15 5515,dellg15 (dell) - reddit,1,1,helpsuper weird boot loop on dell g15 5515,"hello guys! need to know if someone else has experienced the following and maybe help me find a fix... since i like to keep my computers as bloatware-free as possible i ended up re-installing the os from scratch with a media creation tool. however ever since i made that my laptop has been getting stuck in boot loop at super random times when i turn it on or restart it. it happens maybe 33% of the time and i have not been able to pinpoint the reason. also it's not a real bootloop, it's just stuck in the dell bios screen and the loading circle keeps on spinning, but weirdly enough the computer automatically connects to my paired bluetooth devices and the keyboard turns the color that i set up in the alienware cc, so it looks like the os is loading but the laptop is just stuck in the dell bios screen. this is the timeline of what has happened and what i've tried: -reinstalled windows from scratch and the problem started happening only while on battery power. the battery health is checking as excellent and the laptop works great on battery besides that so i guess it's not faulty. tried bts such as updating drivers, sfc /scannow, all hardware checks as perfect, restored default bios settings. nothing worked. -i managed to fix it by removing the battery and draining flea power. -but it only lasted a few days until it went back to happening again... did a windows refresh from the os itself removing all files and settings. still happening. did all the tbs, rolled back to the recovery bios image, still happening, updated to latest bios, still happening. -the only things that i can do to bypass the bootloop is to restart a few times until it works, usually takes 2-3 tries. or something that works 100% of the time is press f12 while booting to select the boot image. oh, it also happens randomly when i have no peripherals connected, so it's not a usb interfering with the boot process. i'm thinking maybe a corrupt efi partition? if so how can i fix that the ""official"" way without reinstalling the os from scratch? i'm also thinking the cmos battery might be faulty...? just throwing ideas.",https://www.reddit.com/r/Dell/comments/w4luf5/super_weird_boot_loop_on_dell_g15_5515
2022-07-20,dell g15,dellg15 (dell) - reddit,3,3,helprandom black screen on dell g15 ryzen edition,"i just bought this laptop today and after setting up drivers and stuff, i was browsing the web when suddenly the screen went grey, the keyboard was still lit up and everything but the screen was just black, no response. i force restarted the laptop and immediately opened acc to check the temps (i thought maybe the laptop got too hot) and noticed that the temps on cpu were fluctuating between 50-80c. every second there was a different reading but after like 2 minutes, it stabilized to around 56c ​ should i be worried about this? i worked really hard for this and don't wanna end up with a faulty unit.",https://www.reddit.com/r/Dell/comments/w3v7g2/random_black_screen_on_dell_g15_ryzen_edition
2022-07-20,dell g15,dellg15 (dell) - reddit,1,4,helpdell g15 won't charge up,"my dell g15 won't charge, the battery symbol shows that it is charging but its been stuck at 83% for a while now. if its not plugged in the battery lowers normally. anyone know what could be the problem or even a potential fix?",https://www.reddit.com/r/Dell/comments/w40fub/dell_g15_wont_charge_u
2022-07-20,dell g15,dellg15 (dell) - reddit,2,2,"helpthis is happening to my dell g15, anyone know what's wrong and how i can fix it?",i read through the other thread and they pretty much gave you the answer/s. the system is under warranty. i‘d call support and let them do their job.,https://www.reddit.com/r/Dell/comments/w3u260/this_is_happening_to_my_dell_g15_anyone_know
2022-07-20,dell g15,dellg15 (dell) - reddit,2,0,otherdell g15 se 5521 intel battery hack/tip.,"so when i turn on battery saver, put thermals to battery saver, framerate to 60hz, optimus on using integrated graphics and turn off rgb, brightness at 20% on my dell 5521 which has a i7 12th gen 14 core and a 3070. i only get 1.5 hr battery life. now that's very bad as occasionally i like to spend a couple of hours coding/browsing web/watching videos away in a corner without a charger or plug nearby. my 8th gen asus tuf gave me 5hrs without me fussing around settings. i found a way to get around this and get real life 3 to 3.5 hrs. the trick is to go to nvidia settings and put the display setting from optimus to gpu only. sounds so counter intuitive, but it works as nvidia gpu more effecient idling and doing simple tasks. if dell support is reading please fix this, if you cna optimise 12th gen on xps why can't you put some work into g series? also the high performance settings keep dissappearinf from oxntorl center, need to run a cmd command everytime i start the laptop",https://www.reddit.com/r/Dell/comments/w3tnk1/dell_g15_se_5521_intel_battery_hack
2022-07-20,dell g15 5515,dellg15 (dell) - reddit,3,1,helpdell g15 5515 touchpad lag issues,"hi all, i have a dell g15 5515 ryzen edition (3060 model) and i have been experiencing an intermittent issue with the touchpad where it will start experiencing sluggish/laggy movement. this will occasionally happen for 20-30 seconds, sometimes longer. i have not been able to find any specific cause to the lag windows. when it happens the touchpad lags heavily, i can feel a significant difference and it essentially just feels like there is suddenly a massive amount of input lag. i have seen several other posts mentioning this issue on this model but no clear solutions yet.... g15 5515 touchpad lag but not all the time : dell (reddit.com) (was deleted, dont know why?) solved: dell xps 15 trackpad lag - dell community (claims geforce experience caused the issue, doesn't work for me though) re: dell g15 (5515) ryzen edition touchpad issues - dell community (explained the same issue, no solution, i have asked for comments) so far i have tried the following: - reinstall drivers (manually installed and automatically with dell support assist) - installed alternative synaptics drivers - reinstalled windows (formatted disk completely) the issue seems to be exclusively the touchpad, for example, games are not interrupted, no fps drop or anything like that. normal mice are also unaffected. i have a feeling it will some kind of usb controller/touchpad driver issue? or perhaps a hardware issue with the touchpad and its logic board? any thoughts? before i turn to rma/warranty",https://www.reddit.com/r/Dell/comments/w3ksx9/dell_g15_5515_touchpad_lag_issu
2022-07-19,dell g15 5511,dellg15 (dell) - reddit,1,2,discussionis it possible to find the mobo diagram for the dell g15 5511 i5 version?,"hi! i made my numbers and shipping back my dead laptop with only 5 hours of use was super expensive so i tried luck with a local guy with 20 years of experience. the problem is that he is telling me that electronic device is not found here in my country... we are very back in tech but i doubt it and he does not want to tell me the exact piece name, he only tells me ""it is the a in the diagram"". is there a way to find what goes in there?",https://www.reddit.com/r/Dell/comments/w2ghfw/is_it_possible_to_find_the_mobo_diagram_for_
2022-07-17,dell g15 5515,dellg15 (dell) - reddit,4,14,helpdell g15 game shift does nothing,"hey, i have a dell g15 5515 ryzen edition. when i turn on game shift the only thing that happens is fans start screaming on 100% but fps and temperature stays the same. what's the point of making my laptop scream at 100% if that doesn't help anything? could someone give me more insight? (other than that the laptop runs fine)",https://www.reddit.com/r/Dell/comments/w12ymo/dell_g15_game_shift_does_nothing
2022-07-16,dell g15 5515,dellg15 (dell) - reddit,2,2,helpdell g15 5515 game shift issues,"while playing red dead redemption 2 with game shift on just a few hours ago, my screen turned completely black for about 10 seconds, then it came back on. i attempted to turn game shift back on because it turned off during this. the fans began to spin, but the brightness didn't turn itself up automatically. i figured maybe awcc messed itself up, so i uninstalled it, then deleted most files pertaining to it from today. downloaded the program from dell website, installed it, still didn't work. tried the repair option, didn't change brightness automatically. tried an older program version, still didn't help. i'd appreciate any help in fixing this. specs for reference windows 11 ryzen 7 5800h rtx 3050 ti",https://www.reddit.com/r/Dell/comments/w0t1mj/dell_g15_5515_game_shift_issu
2022-07-15,dell g15 5515,dellg15 (dell) - reddit,8,9,bios update 1.7.1 dell g15 5515,"- dell g15 5515 ryzen - windows 11 - bios 1.7.1 ----- there's a new bios update for dell g15 5515 ryzen edition, actually it's like a magic!! it made my laptop's temps far way better than it was before, it never reaches 80c now! i'm using my laptop with docker for developement + phpstorm, many vms and it was never below 89/90c all the time even without performance mode. now without performance/with performance it never up to 80, always 66 and 70 at max with the same heavy load. i don't know if fans starts to detect the heat first or not, but it seems this is the trick with the new bios. bios number is 1.7.1, try it and give us a feedback about your experience please. ​ https://preview.redd.it/zbz07hyjjsb91.png?width=774&format=png&auto=webp&s=faa779231b1939b3b8474d550c0d9441aa7e499d",https://www.reddit.com/r/Dell/comments/vzy8ef/bios_update_171_dell_g15_5515
2022-07-12,dell g15 5515,dellg15 (dell) - reddit,1,1,helpram upgrade for dell g15 5515,i was wondering if the kingston fury impact 32gb (2x16gb) 3200mhz ddr4 cl20 laptop memory kit of 2 kf432s20ibk2/32 would work on my dell g15 5515 ryzen 5000 series would work? https://www.amazon.com/gp/product/b097qj25ny/ref=ewc_pr_img_1?smid=atvpdkikx0der&th=1#hlcxcomparisonwidget_feature_div,https://www.reddit.com/r/Dell/comments/vxoy20/ram_upgrade_for_dell_g15_5515
2022-07-12,dell g15 5511,dellg15 (dell) - reddit,2,6,helpdell g15 5511,"hello, i hope you guys can give me a little bit of info on this so i bought the g15 during it sale recently. it was the one with the 11260h and the 3050. now it came with 8gb of ram and i wanted to upgrade this. so i purchased 32gb ram upgrade. https://www.newegg.com/team-32gb-260-pin-ddr4-so-dimm/p/n82e16820331504?item=n82e16820331504 when i received it i put it in the laptop and started getting blue screens for memory. i tried clearing the cmos didnt work. i performed a memory test and it said hardware failure. so i took out one of the sticks and the computer booted perfectly and passed the memory test. so i took that ram stick out and put in the other one same thing it tested perfect. so then i tired one 16gb and the 8gb that came with it and it worked again. it says that the laptop can handle 32gb at 3200. anyone have any idea of what is going on.",https://www.reddit.com/r/Dell/comments/vxisik/dell_g15_5511
2022-07-12,dell g15 5511,dellg15 (dell) - reddit,2,1,discussiondell g15 5511- anyone upgrade bat?,just got one and it's no secret the battery lasts 1-2 hours. i want to upgrade for long plane rides since the on board outlets won't be able to charge it. found a couple threads that say the 86wh battery is the same size as the 56wh but no one came back and confirmed they installed it and that it works. can anyone confirm?,https://www.reddit.com/r/Dell/comments/vx1jj9/dell_g15_5511_anyone_upgrade_ba
2022-07-11,dell g15 5511,dellg15 (dell) - reddit,2,2,"discussionhigh memory usage on dell g15 5511 due shared memory for integrated graphics, how to disable it?","i have a 16gb dell g15(i7/rtx 3060 model) and as soon as i turn on my laptop it's already on 50% ram usage and only 8gb free. after searching for a solution i concluded that it is because it sets 8063mb as shared memory for the intel uhd gpu...i don't even use that gpu, i tried turning on the setting to use only the discrete graphics, but it still sets the shared memory, and there doesn't seem to have any place in the bios to change that amount. my brother also have this laptop(8gb version) and it also happen with his. has anyone find a way to fix this?",https://www.reddit.com/r/Dell/comments/vwh3xj/high_memory_usage_on_dell_g15_5511_due_sha
2022-07-11,dell g15 5515,dellg15 (dell) - reddit,1,2,helpdell g15 5515 ryzen edition fan issue,"recently, i've noticed my fans have stopped reacting to the temperature of my cpu and gpu. it ended up being a bios update that fixed this- or so i thought... now, instead of not reacting, they turn on and work relative to the temperature for about a few hours. then, stop. i can't reboot or cold start my computer to fix it, instead i have to hibernate windows to get it to start working again for some reason. but, only a few hours is annoying. i either have to constantly hibernate my computer every 2 hours or so, or just leave the fans on full blast with g mode, which i'm not doing- especially on battery. what do i do?",https://www.reddit.com/r/Dell/comments/vw7ks1/dell_g15_5515_ryzen_edition_fan_issu
2022-07-09,dell g15 5511,dellg15 (dell) - reddit,2,6,helpdell g15 5511 (intel version) cpu temperature,"just bought a dell g15 and it`s cpu has been sitting at 70 degrees celsius, during normal use (internet browsing, or listening to music), and shooting up to 100 when gaming, i suspect from the reviews i've read that there is something wrong, i have the latest versions of every drive and program dell recommended on their support website (aside from awcc which just freezes when i try to update it). how should i go about lowering its temperature? ps: english is neither my first or second language so please excuse any grammar errors.",https://www.reddit.com/r/Dell/comments/vv4111/dell_g15_5511_intel_version_cpu_temperatu
2022-07-09,dell g15 5515,dellg15 (dell) - reddit,2,6,helpdell g15 5515 fans just dont turn on,"my fans just don't turn on when my cpu gets hot. it can get up to 95 degrees and my fans do nothing, absolutely 0. the only way to cool them down is by turning on g mode, but thats full blast fans at 100%. i don't want that, at least not when i'm doing something as simple as using a web browser. i can use auto managed, or set my own fan control in the alienware software, yet they just don't do anything. what should i do?",https://www.reddit.com/r/Dell/comments/vur7ux/dell_g15_5515_fans_just_dont_turn_on
2022-07-07,dell g15 5511,dellg15 (dell) - reddit,2,0,helpdell g15 5511 screen display,i recently dropped my laptop which caused the display to be replaced which it originally was 120hz and my repairer upgraded it to 144hz the screen was working fine for a couple hours now all of a sudden i can only see a little bit at the top and the screen is black this issue is fixed when plugged into monitor it works fine. i believe its a driver issue please help and no i reinstalled windows and the original driver.,https://www.reddit.com/r/Dell/comments/vtg4jm/dell_g15_5511_screen_display
2022-07-02,dell g15,dellg15 (dell) - reddit,2,0,"discussiondell g15, what are your thoughts on keeping the ""high performace mode"" on for prolonged times while i'm playing games?","so, i did some experiments and keeping the high performance mode on has a definitive positive impact on the temps and by extension i can get more performance out. obviously i understand that the mode just increases fan speeds (and maybe the power that goes to the gpu and cpu, i'm not sure of this one). my question is, how bad would it be for the longevity of the fan assembly if i keep it on for like say 2-3 hours a day, while i'm playing heavy games? i already have an elevated stand for my laptop which knocks off like 4-5 degrees from the max temps. any help and advice is appreciated. thank you.",https://www.reddit.com/r/Dell/comments/vpwhal/dell_g15_what_are_your_thoughts_on_keeping_
2022-07-01,dell g15,dellg15 (dell) - reddit,0,1,helphow to clean dell g15 laptops keyboard?,can its keys be removed?,https://www.reddit.com/r/Dell/comments/vp9axn/how_to_clean_dell_g15_laptops_keyboa
