﻿counter,post date,model,source,number of likes,number of comments,title,content,link
1,2022-08-07,dell g15 5520,dellg15 (gaming) - reddit,2,7,discussiondell g15 5520 vbios update tgp change weirdness,what’s weird?,https://www.reddit.com/r/GamingLaptops/comments/wioqv0/dell_g15_5520_vbios_update_tgp_change_weirdn
2,2022-08-03,dell g15 5520,dellg15 (gaming) - reddit,2,5,discussiondell g15 5520 what do you think of,i want to buy dell g15 5520 12700h 16gb ddr5 rtx 3050 so can anyone tell me what is the problem of this device i know screen not that good and only have one space for m.2 any material or thermal problems? and the rtx 3050 is 80w or 95w,https://www.reddit.com/r/GamingLaptops/comments/wffs76/dell_g15_5520_what_do_you_think_of
3,2022-08-03,dell g15 5520,dellg15 (gaming) - reddit,1,6,"tech supportbought new dell g15 5520 3050ti laptop today, motion in gaming strange? anyone know the issue? thanks.",inb4 my issue is that i bought a dell,https://www.reddit.com/r/GamingLaptops/comments/wf3w6u/bought_new_dell_g15_5520_3050ti_laptop_today
4,2022-08-02,dell g15 5520,dellg15 (gaming) - reddit,6,7,tech supportneed help with dell g15 5520,"hi, i just got my dell g15 5520 today and was facing some problems and was maybe gonna hope for some help from this thread issue 1 - brightness slider is greyed out dunno what to do since i'm not familiar with windows 11 issue 2 - using the g shift key to enable high performance mode cranks the brightness all the way up and it's really painful for the eyes, i did not make any modifications to alienware command center so don't know what could be causing this, attached a video if someone could help it'd be great, thanks in advance",https://www.reddit.com/r/GamingLaptops/comments/weim4l/need_help_with_dell_g15_5520
5,2022-08-02,dell g15 5525,dellg15 (gaming) - reddit,4,2,discussionis displayport on dell g15 5525 (6800h) wired to igpu or dgpu?,i'm looking for a new laptop with 6800h and i had to ask this because dell is confusing. the displayport (from usb c) on the dell g15 5505 (4800h) was wired to igpu and on the dell g15 5515 (5800h) it was wired to dgpu. is there anyway to find this information without buying the laptop? i can't find it in the datasheet somehow. i usually watch jarrod's tech reviews for this information but he hasn't reviewed this laptop yet.,https://www.reddit.com/r/GamingLaptops/comments/we762v/is_displayport_on_dell_g15_5525_6800h_wired_
6,2022-07-28,dell g15 5520,dellg15 (gaming) - reddit,1,3,laptop recommendationdell g15 or legion (300€+),"hi there. is legion 5i (i7/3070) worth over dell g15 5520 (i7/3060). the difference is 300€ and i want it for video editing, after effects and video gaming. legion comes with 3070 not 3070 ti and there is no other legion model available in my region",https://www.reddit.com/r/GamingLaptops/comments/wa5mv9/dell_g15_or_legion_300
7,2022-07-22,dell g15 5520,dellg15 (dell) - reddit,2,2,helpis dell g15 5520 refurbished is good ?,i will buy a one in the next month and i want to know what is the difference between one bracket and 2 bracket in the description on the laptop,https://www.reddit.com/r/Dell/comments/w51z6o/is_dell_g15_5520_refurbished_is_g
8,2022-07-19,dell g15 5520,dellg15 (gaming) - reddit,5,1,recommendationdell g15 5520 vs 5521,"hi there, would you suggest 5520 with i7/3070 ti or 5521 i7/3060? except from display are there any other differences?",https://www.reddit.com/r/GamingLaptops/comments/w2p7mo/dell_g15_5520_vs_5521
9,2022-07-18,dell g15 5520,dellg15 (gaming) - reddit,1,2,discussiondell g15 5520 questions,"hi, i am thinking about a g15 i7/3070ti, 165 hz, is it worth? about thermals i was thinking repaste it with liquid metal as soon as i get the laptop so no problem for me i guess. i am open to any other laptop suggestion. region greece, budget 1700+-",https://www.reddit.com/r/GamingLaptops/comments/w1vcrd/dell_g15_5520_question
10,2022-07-16,dell g15 5520,dellg15 (gaming) - reddit,1,0,questionwhat's the difference between a dell g15 5520 3070 ti and alienware m15 r7 3060,both of these are similarly priced in my country and the dell g15 has better specs because of the 3070 ti and qhd monitor but the alienware i suppose has a better build quality. which one should i get. if not these what other laptop can i get for under inr 170000,https://www.reddit.com/r/GamingLaptops/comments/w0nl8y/whats_the_difference_between_a_dell_g15_5520_3070
11,2022-06-21,dell g15 5520,dellg15 (dell) - reddit,3,25,helpdell g15 5520 opinions?,"i’m going to buy the setup with i7 12th gen, rtx 3050 4gb, 16gb ram. mainly for autocad and gaming, also it’s stated on the website it has no “g key” is it important?",https://www.reddit.com/r/Dell/comments/vhacd1/dell_g15_5520_opinion
12,2022-06-16,dell g15 5520,dellg15 (dell) - reddit,1,0,"discussiondell g15 5520, i7 12700, nv3060, 16gb ram con solo un m.2 o una lenovo legion 5 pro, r7 5800h, nv3060, 16gb ram con dos puertos m.2","una duda, tengo la opción de una dell g15 5520, i7 12700, nv3060, 16gb ram con solo un m.2 o una lenovo legion 5 pro, r7 5800h, nv3060, 16gb ram con dos puertos m.2 vale la pena el mejor cpu o bien debería confiar en el diseño y construcción de la lenovo por encima de la potencia de la i7 de 12va?, should i take dell or lenovo",https://www.reddit.com/r/Dell/comments/vdqvbv/dell_g15_5520_i7_12700_nv3060_16gb_ram_con_
13,2022-04-13,dell g15 5520,dellg15 (gaming) - reddit,0,4,"laptop recommendationdell g15 5520 vs dell g15 5521 special edition, which to buy?","i have confusion in two dell g15 models, could you please suggest from these? please comment the difference if you can, it will help! and will it worth to buy dell g15 or should i choose any other? view poll",https://www.reddit.com/r/GamingLaptops/comments/u2if86/dell_g15_5520_vs_dell_g15_5521_special_edition
14,2022-04-12,dell g15 5521,dellg15 (gaming) - reddit,6,63,requestdell g15 5521 special edition problem???,specs: 3070 ti i7 12th gen 2 tb 16 ram 1440p @ 240 htz. i picked up this laptop new for $1400 cash. i got a steal on it yes. when i play games sometimes (randomly) the screen will go black. when i press windows ctrl shift b it resets the gpu and the screen will turn back on but in time it does the same thing sometimes fast and over and over. iâ€™ve updated all the drivers and everything is up to date in windows. not sure if itâ€™s defective while it doesnâ€™t happen that often it scares me. i donâ€™t have a warranty with itâ€¦ thank you for anything.,https://www.reddit.com/r/GamingLaptops/comments/u1ovug/dell_g15_5521_special_edition_prob
15,2022-03-27,dell g15 5520,dellg15 (dell) - reddit,5,9,helpguys has anyone bough the dell g15 5520 with rtx 3070ti,i would really like to hear there opinions on it because i am planning to buy one,https://www.reddit.com/r/Dell/comments/tpq8qo/guys_has_anyone_bough_the_dell_g15_5520_with_rtx
