post date,model,views,video type,title,link
2022-08-05,vostro 3525,89,Not short,🔬 [ревю] dell vostro 3525 - 120hz дисплей на бизнес лаптоп?,https://www.youtube.com/watch?v=mtUbw71-D_s
2022-07-15,vostro,733,Not short,🛠️ dell vostro 15 3525 - disassembly and upgrade options,https://www.youtube.com/watch?v=DWtF-U9lEuU
2022-06-06,No model name,5271,Not short,(review) dell inspiron 3525 (2022) laptop ngon nhất tầm giá 15 triệu của nhà dell !!!,https://www.youtube.com/watch?v=4511G2D3Tx8
2022-06-02,No model name,6760,Not short,15 triệu laptop dell nào chạy mượt nhất?? dell inspiron 3525 (2022),https://www.youtube.com/watch?v=Wk5D-awXZI8
2022-05-26,vostro 3525,327,Not short,dell vostro 3525 - disassembly and fan cleaning - laptop repair,https://www.youtube.com/watch?v=yUwuErJnMjE
2022-05-21,No model name,6165,Not short,new dell inspiron 3525 ryzen7 laptop  #dell_inspiron #dell #shorts #youtube,https://www.youtube.com/watch?v=rz-gdlSaNGs
2022-03-21,No model name,3863,Not short,"가볍고 빠른 올인원 노트북, dell 인스피론 15 3525-wh02kr",https://www.youtube.com/watch?v=G_Bgpv09xCg
