post date,model,views,video type,title,link
2022-08-07,vostro,1,short,pt. 2 result of the previous video! chi è il vostro supereroe preferit,https://www.youtube.com/shorts/aSDOqCVUdzw
2022-08-07,vostro,1,short,grazie mille per tutto il vostro supporto!!,https://www.youtube.com/shorts/-ZUmp6ZZV3w
2022-08-07,vostro,120,short,lnivate questo video al vostro fra. 🌎 pera toons,https://www.youtube.com/shorts/D_s-mUfQq-U
2022-08-07,vostro,100,Not short,salvini - che emozione per il vostro affetto di ieri sera a ghisalba (bergamo) (06.08.22),https://www.youtube.com/watch?v=wqHJUPX1B1w
2022-08-07,vostro,4,Not short,una serva molto pazza||~~inventare i dialoghi a modi vostro||~~bxby_amy,https://www.youtube.com/watch?v=CI-FgPKyuVI
2022-08-07,vostro,4,short,inviatela al vostro amico rincoglionito 👿🤣🤣,https://www.youtube.com/shorts/2apKPqtZXWE
2022-08-07,vostro,25,short,il vostro?,https://www.youtube.com/shorts/3IJZa4xIJzo
2022-08-07,vostro 5620,52,Not short,dell vostro 5620 d552272win9se laptop 2022 | 12th gen core i5 1240p + 16 inch display + windows 11,https://www.youtube.com/watch?v=3ipTkkJuUrc
2022-08-07,vostro,280,short,mettete l'iniziale de vostro nome qua 👉_azzo e scrivete il risultato nei commenti,https://www.youtube.com/shorts/huJiRDFJ0rA
2022-08-07,vostro,15,short,ditemi quale i vostro personaggio preferito,https://www.youtube.com/shorts/NLRhVUdd_II
2022-08-07,vostro,12,Not short,il vostro problema….👾,https://www.youtube.com/watch?v=4prZSht-qFw
2022-08-07,vostro,103,short,qual è il vostro film preferito? 🍿❤️ #ucisocialparty #blackwidow #viral #foryou #italy @ucicinemas,https://www.youtube.com/shorts/cUy5GuJQJeY
2022-08-07,vostro 5620,125,Not short,𝐃𝐞𝐥𝐥 𝐕𝐨𝐬𝐭𝐫𝐨 𝟓𝟔𝟐𝟎 𝐈𝟓 𝟏𝟐𝟒𝟎𝐏  - a complete package for at least *𝟓 𝐘𝐄𝐀𝐑𝐒*,https://www.youtube.com/watch?v=L2n0GoffDEI
2022-08-06,vostro,40,Not short,"non temere, piccolo gregge, perché al padre vostro è piaciuto dare a voi il regno.xix dom to anno c",https://www.youtube.com/watch?v=EVlmxC0bncQ
2022-08-06,vostro,86,Not short,"domenica 07.08.2022 - ""non temere, piccolo gregge, perché al padre vostro è piaciuto dare a voi il r",https://www.youtube.com/watch?v=H3uCyiaCxho
2022-08-06,vostro,1,short,ciao ragazzi io sono lì vostro amichevole mini huggy wuggy,https://www.youtube.com/shorts/zEvYVfyp7RQ
2022-08-06,vostro,1,Not short,tg1 hanno parlato di selena  ( amatevi vostro corpo ),https://www.youtube.com/watch?v=WAzazWf7SF8
2022-08-06,vostro,0,short,ecco il mio #halloweenmakeup qual è il vostro? 🤘🏻,https://www.youtube.com/shorts/6yK1VHvzVZk
2022-08-06,vostro,7,Not short,sono di vostro gusto,https://www.youtube.com/watch?v=E3t3127CnjA
2022-08-06,vostro,324,short,è il mio personaggio preferito e il vostro quale è,https://www.youtube.com/shorts/l04MWYpK1rs
2022-08-06,vostro,5,short,qual'é il vostro preferito?,https://www.youtube.com/shorts/KXu8KgFzclA
2022-08-06,vostro,5471,short,commentate con il vostro colore preferito ❤️💚💜💗💛💙,https://www.youtube.com/shorts/GwF1pNZHqew
2022-08-06,vostro,12,Not short,qual è il vostro personaggio preferito di multiversus?🥊#shorts,https://www.youtube.com/watch?v=k5UoQUdJXtM
2022-08-06,vostro,8,short,3rd anniversary golden way rank 16 | complimenti per il vostro successo!!!!,https://www.youtube.com/shorts/bl07zc_rDAc
2022-08-06,vostro,3,Not short,"hey guys help me out..my laptop (dell,vostro) is not opening. what to do....suggest something easy.",https://www.youtube.com/watch?v=c4uVbMaFsWg
2022-08-06,vostro,283,short,brioches siciliana!! chi più ne ha più ne metta!! e il vostro snack pr,https://www.youtube.com/shorts/jx2zqqvxmnY
2022-08-06,vostro,23,Not short,raga ditemi il vostro nick di roblox farò un estrazione,https://www.youtube.com/watch?v=vwFisTWV1TU
2022-08-06,vostro,5,Not short,😀😀😀😀come registare il vostro scermo👍,https://www.youtube.com/watch?v=wH0Xbu5E0pI
2022-08-06,vostro 3420,12,Not short,"dell vostro 3420 || 8gb ddr4 & 512gb ssd, win 11 laptop 2022",https://www.youtube.com/watch?v=R2wYl4tYn6k
2022-08-06,vostro,6,short,dell vostro 15-3568 intel core i7-7500u 8gb/256gb vga 2gb bh 03 tháng nguyên tem zin mh fhd,https://www.youtube.com/shorts/f8t8164m0UE
2022-08-06,vostro,28,Not short,27. quando il male sembra invincibile. sia dio il vostro tesoro e sia lì il vostro cuore.,https://www.youtube.com/watch?v=X30TV3sM-XQ
2022-08-05,vostro,3,Not short,sell my laptop urgent dell vostro 1tb 4gb,https://www.youtube.com/watch?v=D-BzVeZBSRE
2022-08-05,vostro,4,Not short,"dell vostro 3400 14 inches fhd anti glare display laptop intel i5-1135g7 8gb 512 ssd nvidia 2gb,",https://www.youtube.com/watch?v=seA3hxxenYg
2022-08-05,vostro,10,Not short,dell vostro 5890 with 460w psu - noctua cpu cooler upgrade & psu info (quick guide),https://www.youtube.com/watch?v=sxm81JHPkSw
2022-08-05,vostro,1,short,mood halloween on 🦇che outfit preferite? mostrateci il vostro con la#yoyochallenge partecipando po,https://www.youtube.com/shorts/RLxNpYVdPe0
2022-08-05,vostro,1,Not short,dell inspiron 1520/1521/vostro 1500 memory door how-to video tutorial,https://www.youtube.com/watch?v=VFUR4LNVOK8
2022-08-05,vostro,1,Not short,dell inspiron 1520/1521/vostro 1500 bottom memory how-to video tutorial,https://www.youtube.com/watch?v=LsJhQZAarsc
2022-08-05,vostro,2,Not short,dell inspiron 1520/1521/vostro 1500 bluetooth how-to video tutorial,https://www.youtube.com/watch?v=9nM8HJeWlvo
2022-08-05,vostro,1,Not short,dell inspiron 1520/1521/vostro 1500 keyboard how-to video tutorial,https://www.youtube.com/watch?v=XlY8_10R-pE
2022-08-05,vostro,3,Not short,dell inspiron 1520/1521/vostro 1500 web camera how-to video tutorial,https://www.youtube.com/watch?v=y2LdoHJxQbM
2022-08-05,vostro,2,Not short,dell inspiron 1520/1521/vostro 1500 lcd screen how-to video tutorial,https://www.youtube.com/watch?v=KiEC-1qjoUI
2022-08-05,vostro,38,short,dell vostro 3400 intel i3 laptop | 4gb / 1tb hdd + 256gb ssd | #shorts #dellvostro #laptop #review,https://www.youtube.com/shorts/8yyVJ71z-Rw
2022-08-05,vostro,224,short,mettete l 'inuziale del vostro cognome,https://www.youtube.com/shorts/Tu-qDPiUE8w
2022-08-05,vostro,22,short,dell vostro 5470 troca de dc jack | seu notebook bh #shorts,https://www.youtube.com/shorts/FvnCrtbbzm8
2022-08-05,vostro,551,short,scrivete nei commenti il vostro numero fortunato!,https://www.youtube.com/shorts/mfS1Zh5PshQ
2022-08-05,vostro,2911,Not short,"dell vostro 14 3400 - laptop văn phòng mỏng nhẹ, có khả năng nâng cấp | an phát computer",https://www.youtube.com/watch?v=-gijKzojEMU
2022-08-05,vostro,1891,short,qual è stato il vostro primo tatuaggio? ❤️ il video completo uscirà venerdì 12 agosto! #tattoo,https://www.youtube.com/shorts/uzV8EUN-s0I
2022-08-05,vostro,1226,short,scrivete nei commenti il vostro nickname e io poi vi manderò l’amicizia. io mi chiamo doll_2349.,https://www.youtube.com/shorts/qyrGi4N3VHk
2022-08-05,vostro,0,Not short,ciao! sono il vostro amichevole coglione sespo di cartiere!-roblox,https://www.youtube.com/watch?v=y4xiA--BVRA
2022-08-04,vostro,4,Not short,dell inspiron 1520/1521/vostro 1500 lcd inverter how-to video tutorial,https://www.youtube.com/watch?v=lyYbjx3EG0Q
2022-08-04,vostro,1,Not short,dell inspiron 1520/1521/vostro 1500 lcd cable how-to video tutorial,https://www.youtube.com/watch?v=li3BYLNDxMo
2022-08-04,vostro,2,Not short,dell inspiron 1520/1521/vostro 1500 back cover how-to video tutorial,https://www.youtube.com/watch?v=0wwFE4V9o9U
2022-08-04,vostro,1,Not short,dell inspiron 1520/1521/vostro 1500 sensor board how-to video tutorial,https://www.youtube.com/watch?v=sYomVXlcf3o
2022-08-04,vostro,0,Not short,dell inspiron 1520/1521/vostro 1500 heatsink how-to video tutorial,https://www.youtube.com/watch?v=0XgxDQNAGvA
2022-08-04,vostro,3,Not short,dell inspiron 1520/1521/vostro 1500 cpu how-to video tutorial,https://www.youtube.com/watch?v=Y-SDj73cm1c
2022-08-04,vostro,2,Not short,dell inspiron 1520/1521/vostro 1500 audio board how-to video tutorial,https://www.youtube.com/watch?v=FDXuTaD3aG0
2022-08-04,vostro,1119,Not short,installing windows xp mode on a dell vostro 270,https://www.youtube.com/watch?v=CCd8dPuNMUU
2022-08-04,vostro,1,Not short,dell inspiron 1520/1521/vostro 1500 wifi catcher how-to video tutorial,https://www.youtube.com/watch?v=J_JxQepsmgM
2022-08-04,vostro,0,Not short,giochiamo in sieme su (fortnite) ditemi il vostro id,https://www.youtube.com/watch?v=QspR7MnatuI
2022-08-04,vostro,86,Not short,attenti!😏😏 tutti vi possono prendere il  vostro posto,https://www.youtube.com/watch?v=IA35fiPm1pY
2022-08-04,vostro,149,Not short,[nature lover 💚🌳🍁] - qual è il vostro rapporto con la natura? 😁🍀🌼,https://www.youtube.com/watch?v=eQs2Q8gMtUw
2022-08-04,vostro,82,Not short,🗃️ consigli fantacalcio - l'importanza di avere magicgol per il vostro #fantacalcio - #fantalab,https://www.youtube.com/watch?v=DFK3z5Lj9Hc
2022-08-04,vostro,5117,Not short,"📞filo diretto: ""mertens da brividi, il vostro saluto a dries."" chiama allo 081 353 4588",https://www.youtube.com/watch?v=eUlQKkLzXlY
2022-08-04,vostro,2149,short,chi è che chiama la pizzeria nel vostro gruppo?? (sinceri!!👇🏻) #pizzeria #chiamare,https://www.youtube.com/shorts/yLiaLu8_2Vw
2022-08-04,vostro,3,short,my lazy january 😂😂😂 #quarantine what about yours? com'è stato il vostro gennaio? #lazy #faffapix,https://www.youtube.com/shorts/NyC-7-1YsLM
2022-08-04,vostro,2008,Not short,"forze superiori, cosa vogliono dirvi, cosa dovete sapere. il vostro legame con loro 🌈",https://www.youtube.com/watch?v=9vjYtlVTGZs
2022-08-03,vostro,0,Not short,dell vostro 1310 drivers bluetooth for windows 8 32 bit,https://www.youtube.com/watch?v=RJsX8WI1jwI
2022-08-03,vostro,344,short,qual è il vostro hobby/sport preferito,https://www.youtube.com/shorts/817PLdeMF5g
2022-08-03,vostro,1110,Not short,"new 30-07-2022 yeshua: tempo, multidimensionalità ed il vostro sé di luce",https://www.youtube.com/watch?v=rysahggxFkY
2022-08-03,vostro,4175,short,l'attività sportiva è fondamentale per il vostro successo 🎯 #shorts,https://www.youtube.com/shorts/azS_C-6RbB0
2022-08-03,vostro,163644,short,"quando è il figlio a decidere, anche voi fate decidere a vostro figlio? 🤣",https://www.youtube.com/shorts/hP_Te3Nz24k
2022-08-02,vostro,58,Not short,dell vostro 3568 intel refurbished laptop pc review in kannada,https://www.youtube.com/watch?v=1w1ZoMhw6iA
2022-08-02,vostro,71110,Not short,questo gioco causa gravi danni al vostro cervello | baba is you - ep.02,https://www.youtube.com/watch?v=sNFQd6ywLPw
2022-08-02,vostro 5620,282,Not short,dell vostro 16 5625 vs hp pavilion 14-ec1019au comparison | which is best laptop under 60000 inr ?,https://www.youtube.com/watch?v=Ey4gmczkZWQ
2022-08-02,vostro 5620,4783,Not short,dell vostro 16 5620 | 12th gen intel core i5-1240p laptop unboxing and review 2022,https://www.youtube.com/watch?v=IeoSNJroeCY
2022-07-31,vostro,46,Not short,"perche' dove e' il vostro tesoro, la sara' anche il vostro cuore",https://www.youtube.com/watch?v=AoGFgowjFQU
2022-07-30,vostro 5620,1598,Not short,dell vostro 16 5620 with intel core i5-1240p processor - dell laptop under 70000,https://www.youtube.com/watch?v=fFldh9wIyec
2022-07-30,vostro,447,Not short,🇧🇪 consigli fantacalcio - il talento di cdk (potenziale craque) a supporto del vostro #fantacalcio,https://www.youtube.com/watch?v=W-sCs9X8M00
2022-07-30,vostro 5320,265,short,ram ddr5 4800mhz laptop dell vostro 5320 gen 12 new 2022,https://www.youtube.com/shorts/05RtwVgFMFE
2022-07-26,vostro,546,short,come  il   vostro  nome  critto con le  emogi  fate  come  vi  o  chiesto  in  cuesto  shorts,https://www.youtube.com/shorts/SHTHIOvkJc8
2022-07-24,vostro 5620,4905,Not short,dell 12th gen laptop unboxing | dell vostro 16 5620 laptop unboxing | 16inch | windows 11 | lt hub,https://www.youtube.com/watch?v=vngFvC554IU
2022-07-22,vostro,2290,Not short,why rupee is falling? | what is vostro account? | settlement in rupee | economy | upsc | adil baig,https://www.youtube.com/watch?v=o70zbSVb0o4
2022-07-21,vostro,50,Not short,"🍁""verrete teletrasportati nel vostro anime preferito""🍁 (richiesto)my hero accademy",https://www.youtube.com/watch?v=HhGiVJc8IlU
2022-07-20,vostro,321560,Not short,டாலரை ஓரம்கட்டும் ரூபாய் | இந்தியாவின் துணிச்சல் முடிவு | swift network | vostro account,https://www.youtube.com/watch?v=r3tg3kbHup4
