post date,model,views,video type,title,link
2022-08-03,No model name,7669,Not short,dell inspiron 16 plus 7620 (2022) - the review,https://www.youtube.com/watch?v=LwM9wjmejpg
2022-07-30,vostro 7620,107,Not short,dell precision 7670 vs vostro 7620: don't miss this for anything!,https://www.youtube.com/watch?v=aTZ34hxTUaw
2022-07-24,vostro,28,Not short,vostro 16 7620,https://www.youtube.com/watch?v=MAONjkLLOJI
2022-07-22,vostro 7620,508,Not short,new dell vostro 7620 | not review | dell 12th generation laptop 2022 | simplifytech,https://www.youtube.com/watch?v=LR5jQCV7oZM
2022-07-13,vostro 7620,136,Not short,vostro 7620 initial setup failure,https://www.youtube.com/watch?v=1RuZi06HyFE
2022-07-12,vostro 7620,1395,Not short,vostro 7620 in depth review,https://www.youtube.com/watch?v=Wzy2thT_rJw
2022-07-08,vostro 7620,2763,Not short,vostro 7620 16-inch laptop,https://www.youtube.com/watch?v=FNy2HsJ4OGs
2022-07-08,vostro 7620,1192,Not short,dell vostro 7620 unboxing,https://www.youtube.com/watch?v=yxHKWNoak2o
2022-07-05,No model name,67149,Not short,dell 12th gen laptop unboxing | dell inspiron 16 7620 2 in 1 laptop unboxing | windows 11 | lt hub,https://www.youtube.com/watch?v=hMwFhpCRgBY
2022-06-26,No model name,5053,Not short,dell inspiron 2 in 1 7620 laptop review,https://www.youtube.com/watch?v=YanthRVhlmE
2022-05-30,No model name,2607,Not short,dell inspiron 7620 unboxing // dell inspiron 7620 16 inch 2 in 1 laptop unboxing // #artechreviewpk,https://www.youtube.com/watch?v=N9VTVTC8avs
2022-01-14,No model name,3037,Not short,do not buy a dell laptop!!,https://www.youtube.com/watch?v=lFatqdbOV9A
