post date,model,views,video type,title,link
2022-08-07,vostro 5620,52,Not short,dell vostro 5620 d552272win9se laptop 2022 | 12th gen core i5 1240p + 16 inch display + windows 11,https://www.youtube.com/watch?v=3ipTkkJuUrc
2022-08-07,vostro 5620,126,Not short,𝐃𝐞𝐥𝐥 𝐕𝐨𝐬𝐭𝐫𝐨 𝟓𝟔𝟐𝟎 𝐈𝟓 𝟏𝟐𝟒𝟎𝐏  - a complete package for at least *𝟓 𝐘𝐄𝐀𝐑𝐒*,https://www.youtube.com/watch?v=L2n0GoffDEI
2022-08-06,vostro 5620,48,Not short,new ⚡⚡ dell inspiron 16 5620  intel core i5-1240p laptop unboxing and review 2022 #dellinspiron,https://www.youtube.com/watch?v=VVB4xfeBLD8
2022-08-02,No model name,1878,Not short,dell inspiron 16 5620: the most affordable 16-inch laptop from dell!,https://www.youtube.com/watch?v=C-03jSN3Hr4
2022-08-02,vostro 5620,282,Not short,dell vostro 16 5625 vs hp pavilion 14-ec1019au comparison | which is best laptop under 60000 inr ?,https://www.youtube.com/watch?v=Ey4gmczkZWQ
2022-08-02,vostro 5620,4783,Not short,dell vostro 16 5620 | 12th gen intel core i5-1240p laptop unboxing and review 2022,https://www.youtube.com/watch?v=IeoSNJroeCY
2022-07-30,vostro 5620,1598,Not short,dell vostro 16 5620 with intel core i5-1240p processor - dell laptop under 70000,https://www.youtube.com/watch?v=fFldh9wIyec
2022-07-30,vostro 5620,439,Not short,laptop dell vostro 5620 - sang trọng và mạnh mẽ với cpu intel gen 12 rất đáng trải nghiệm,https://www.youtube.com/watch?v=1yYghm4BRfI
2022-07-28,vostro 5620,919,Not short,"dell vostro 5620 जबरदस्त laptop i5-1240p, 16gb/512gb ssd16.0"" fhd250 nits,  review in हिंदी",https://www.youtube.com/watch?v=TJIMfbd4RLk
2022-07-25,vostro 5620,973,short,5 lý do anh em sinh viên nên chọn mua laptop dell vostro 5620 #shorts,https://www.youtube.com/shorts/WdVA6Uw60uU
2022-07-24,vostro 5620,4905,Not short,dell 12th gen laptop unboxing | dell vostro 16 5620 laptop unboxing | 16inch | windows 11 | lt hub,https://www.youtube.com/watch?v=vngFvC554IU
2022-07-21,vostro 5620,1648,Not short,series vừa review vừa có give away số 9 | laptop dell vostro 5620 | mega technology,https://www.youtube.com/watch?v=BRVPrwovJdI
2022-07-20,vostro 5620,828,Not short,new dell vostro 5620 laptop | 12th generation best laptop | not review | latest dell laptop 2022,https://www.youtube.com/watch?v=IIO-gjMBUAQ
2022-07-16,No model name,2123,Not short,"trên tay dell inspiron 5620 - màn ngon, cpu i7 1260p, card mx570 mạnh nhưng..!",https://www.youtube.com/watch?v=ISAyX_DM-Yk
2022-07-16,vostro 5620,31330,Not short,dell inspiron 16 5620 | 12th gen intel core i5-1240p laptop review 2022,https://www.youtube.com/watch?v=ZMFygd-7cGI
2022-07-15,No model name,4897,Not short,"dell inspiron 5620 (2022) - mx570 rất mạnh, màn hình 100% srgb | laptopworld",https://www.youtube.com/watch?v=xmk7PJcgt5c
2022-07-13,No model name,3994,Not short,dell inspiron 5620 12th gen intel core i3 - shocking benchmarks + review | mwb,https://www.youtube.com/watch?v=0zlH6wtCW38
2022-07-12,vostro 5620,3628,Not short,dell vostro 5620 vs dell inspiron 16 | which is better ? | intel i5 12th gen,https://www.youtube.com/watch?v=oygfIZlNZb4
2022-07-08,vostro 5620,22242,Not short,dell inspiron 5620 12th gen intel core i3🔥 | shocking result 😔 | unboxing & first impressions⚡,https://www.youtube.com/watch?v=oTqxx4THKFM
2022-07-06,vostro,509,Not short,laptop dell vostro v5620-70282719 core i5-1240p - siêu thị điện máy pico,https://www.youtube.com/watch?v=iSl2v6Uibkk
2022-07-06,No model name,1430,Not short,review laptop dell inspiron 16 5620 n6i5003w1 core i5-1240p ram 16gb ssd 512gb geforce mx570 2gb,https://www.youtube.com/watch?v=g3bMdeN-K7A
2022-07-02,vostro 5620,2386,short,laptop dell gen 12 core i7 vostro 5620 1260p,https://www.youtube.com/shorts/dGfbgebRzQM
2022-06-30,vostro 5620,2045,Not short,asus vivobook s15 oled vs acer swift 3 vs dell vostro 5620 | which is better ? | intel i5 12th gen,https://www.youtube.com/watch?v=0XEENyacybU
2022-06-25,vostro 5620,2081,Not short,lenovo thinkpad t15 gen 2 và dell vostro 5620 - ~30tr chọn máy nào phù hợp?? | laptopworld,https://www.youtube.com/watch?v=OH9eSohghtM
2022-06-23,vostro 5620,64,Not short,acer swift x vs dell vostro 5620 | best 2022 laptops | gaming,https://www.youtube.com/watch?v=j-ipwZMhFgo
2022-06-18,vostro 5620,3995,Not short,"dell vostro 5620 (2022) - màn 16 inch, i7 1260p, tặng office hs bản quyền",https://www.youtube.com/watch?v=bt85UX3AEsM
2022-06-14,vostro 5620,422,Not short,dell vostro 5620 khách đặt cấu hình từ website nhà sản xuất - nhập khẩu từ mỹ,https://www.youtube.com/watch?v=Kovl4zpnQps
2022-06-10,vostro 5620,1805,Not short,review laptop dell vostro 16 5620 p117f001agr core i7-1260p ram 16gb ssd 512gb 16 inch full hd+ w11,https://www.youtube.com/watch?v=Ue-2ytHUyrE
2022-06-07,vostro 5620,424,short,best laptop 2022 | dell vostro 5620 #shorts,https://www.youtube.com/shorts/14q9VbIS1wU
2022-06-03,vostro 5620,6121,Not short,asus vivobook s15 oled vs hp pavilion 15 vs dell vostro 5620 | which is better ? | intel i5 12th gen,https://www.youtube.com/watch?v=JSq82d0ZjfI
2022-06-02,No model name,1632,Not short,laptop dell vos 5620 i5-1240p  review,https://www.youtube.com/watch?v=4wcxfY-rPmI
2022-05-31,vostro 5620,3222,Not short,review laptop dell vostro 16 5620 70282719 core i5-1240p ram 16gb ssd 512gb 16 inch full hd+ mới ra,https://www.youtube.com/watch?v=3qlNX1lvPaE
2022-05-19,vostro 5620,5102,Not short,dell vostro 5620 vs hp pavilion 15 | which is better ? | dell vostro 5620 | hp pavilion 15 eg2009tu,https://www.youtube.com/watch?v=eS2N06LtIZc
2022-05-19,vostro 5620,7389,Not short,10 best laptops with 12th gen. intel core i5/i7 processor 🔥🔥 best intel 12th gen budget laptops 2022,https://www.youtube.com/watch?v=CsEjs0MzayI
2022-05-13,vostro,1036,Not short,inspiron & vostro trong năm 2021 - chê nhiều hơn khen !!! dell nên thay đổi gì trong năm 2022,https://www.youtube.com/watch?v=ptVd0Z1UyYg
2022-05-11,vostro,2102,Not short,🛠️ dell vostro 16 5625 - disassembly and upgrade options,https://www.youtube.com/watch?v=XAtQQ7_-Fkg
2022-05-10,vostro 5625,2264,Not short,dell vostro 5625 amd ryzen 5 edition unboxing and full review,https://www.youtube.com/watch?v=khD9RFhCqt8
2022-05-09,vostro,1054,Not short,asus vivobook s15 ke3502 vs dell inspiron 16 5620,https://www.youtube.com/watch?v=SUAsjU9eRpw
2022-05-05,vostro 5620,9427,Not short,dell vostro 5625 vs dell vostro 5620 | performance and battery tested,https://www.youtube.com/watch?v=MD0po3UJyGM
2022-05-04,vostro,175,Not short,【ezstick】dell vostro 16 5620 p117 鍵盤膜樣式 及 機身貼 螢幕貼 touchpad貼 施工過程 diy 筆電包膜,https://www.youtube.com/watch?v=LBirBuaZFBY
2022-05-02,vostro 5620,19828,Not short,dell vostro 5620 review in telugu || dell i5 12th gen laptop,https://www.youtube.com/watch?v=UUXAF3MdICA
2022-05-01,vostro 5620,21070,Not short,dell vostro 5620 new launched 12th gen intel core i5 | 1240p,https://www.youtube.com/watch?v=341lzzPQFF0
2022-04-30,vostro 5620,542,Not short,12th gen dell vostro 5620 with 16inch fhd display || specifications || #12thgen #ddr5 #newlaptop,https://www.youtube.com/watch?v=4NfCK1KvpaE
2022-04-26,vostro 5620,69667,Not short,dell vostro 5620 new launched 12th gen intel core i5 exclusive unboxing & first impressions⚡,https://www.youtube.com/watch?v=32jx2_LJRgU
2022-04-26,vostro 5620,90101,Not short,dell 12th gen laptop 🔥dell vostro 5620 unboxing 2022,https://www.youtube.com/watch?v=k51xFezEJrQ
2022-04-20,vostro 5625,1743,Not short,vostro 5625 - product review,https://www.youtube.com/watch?v=dHIcu91v5GE
2022-04-15,No model name,8431,Not short,"dell inspiron 16 5620/5625 - ram, ssd and wifi upgrade guide",https://www.youtube.com/watch?v=iGxaPn9qedI
2022-04-15,vostro 5620,6721,Not short,new dell vostro 16 5625 unboxing & review 2022 | dell vostro amd ryzen 5 5625 laptop unboxing 2022,https://www.youtube.com/watch?v=fy-Oz7jfiDE
2022-04-13,No model name,31848,Not short,dell inspiron 16 5620 review - inspiron 5000 gets intel core i5-1235u and 16:10 screen for 2022,https://www.youtube.com/watch?v=Ng2sH__uGk8
2022-04-03,vostro 5620,11958,Not short,intel 12th gen powered dell vostro 5620 complete overview with benchmark | dell vostro 5620 review,https://www.youtube.com/watch?v=0P-qDE3p70E
2022-03-30,vostro 5625,12419,Not short,dell vostro 5625 16 inch laptop unboxing & first look | windows 11 laptop | amd ryzen 5 | lt hub,https://www.youtube.com/watch?v=wnyATdeCraI
2022-03-20,vostro,11395,Not short,dell vostro 16 5625 - dell ryzen 5 5625u | 16 inch,https://www.youtube.com/watch?v=uM1S2DOWORY
2022-03-03,vostro 5625,4856,Not short,unboxing dell's new 16 inch 16:10 aspect laptop: vostro 5625,https://www.youtube.com/watch?v=-n1FflMvR5s
2021-12-20,vostro,1930,short,unboxing of dell vostro 5510,https://www.youtube.com/shorts/sWB7UXJo4f4
2020-10-26,vostro,59276,Not short,"dell vostro laptops 💻 vs dell inspiron laptops|⚡main difference ⚡price, display, battery 🔋|🔥🔥",https://www.youtube.com/watch?v=60ETQCguX1s
