post date,model,views,video type,title,link
2022-07-30,vostro 5320,265,short,ram ddr5 4800mhz laptop dell vostro 5320 gen 12 new 2022,https://www.youtube.com/shorts/05RtwVgFMFE
2022-07-16,vostro,1144,Not short,review laptop dell vostro 13 5320 v3i7007w core i7-1260p ram 16gb ssd 512gb 13.3 inch qhd+ cực sốc,https://www.youtube.com/watch?v=JzOQXuzUkIU
2022-06-17,vostro 5320,7505,Not short,"trải nghiệm dell vostro 5320 (2022) - những nâng cấp cực ""xịn"" | laptopworld",https://www.youtube.com/watch?v=x6Iz-hRxpNA
2022-06-09,vostro 5320,1489,Not short,review laptop dell vostro 13 5320 p156g001agr core i5-1240p ram 8gb ssd 256gb 13.3 inch fhd+ win11,https://www.youtube.com/watch?v=VVkt2rg3mjk
2022-06-07,vostro 5620,424,short,best laptop 2022 | dell vostro 5620 #shorts,https://www.youtube.com/shorts/14q9VbIS1wU
2022-06-07,No model name,161,Not short,dell 5320 review,https://www.youtube.com/watch?v=kRvWI6dpuW4
2022-05-13,vostro,1036,Not short,inspiron & vostro trong năm 2021 - chê nhiều hơn khen !!! dell nên thay đổi gì trong năm 2022,https://www.youtube.com/watch?v=ptVd0Z1UyYg
2022-05-11,No model name,554,Not short,【ezstick】dell inspiron 13 5320 p156g 鍵盤膜樣式 及 機身貼 螢幕貼 touchpad貼 施工過程 diy 筆電包膜,https://www.youtube.com/watch?v=XoAUFPcDq58
2022-03-31,No model name,1293,Not short,đánh giá dell latitude 5320: laptop dell mà giá hợp lý như này hết thì tốt biết mấy!!,https://www.youtube.com/watch?v=Hkdk8EoB66c
2022-03-14,No model name,12494,Not short,dell latitude 5320 i complete review i business laptop,https://www.youtube.com/watch?v=zbjN80DrFLU
2022-02-24,vostro,8756,Not short,small and powerful - dell 5310 - vostro core i7 series - review & benchmarks,https://www.youtube.com/watch?v=MdU7PxeBcN0
2021-11-30,vostro,8846,Not short,dell vostro 5310プレミアムレビュー　13.3型ビジネス向けモバイルノートpc,https://www.youtube.com/watch?v=vNq4ORLRqhQ
2021-06-10,No model name,19061,Not short,dell latitude 5320 open box,https://www.youtube.com/watch?v=Q_2gG98No2Q
