post date,model,views,video type,title,link
2022-08-06,vostro 3420,12,Not short,"dell vostro 3420 || 8gb ddr4 & 512gb ssd, win 11 laptop 2022",https://www.youtube.com/watch?v=R2wYl4tYn6k
2022-07-31,vostro 3420,17,Not short,dell vostro 3420 d552299win9be intel i3 8gb & 256gb ssd win 11 mso'21 14 fhd laptop under 40000 2022,https://www.youtube.com/watch?v=8V4nobFGcI4
2022-05-29,No model name,1709,short,#shorts || exclusive first look at dell latitude 3420 laptop 🔥🔥|| dell latitude 3420 specs #dell,https://www.youtube.com/shorts/hy-G4CVe70Q
2022-04-30,vostro,4777,Not short,dell vostro - 3420 - quick review (new series line up 2022) - few issues,https://www.youtube.com/watch?v=BRlICZFZ20w
2022-03-23,vostro 3420,1578,Not short,"dell vostro 3420 14"" business laptop launched | charging time 80% in 1 hour | all spec, features",https://www.youtube.com/watch?v=UUgtGRrk8ek
2022-03-12,No model name,2849,Not short,best lightweight laptop for office and business work / dell latitude 3420 unboxing and review 2022,https://www.youtube.com/watch?v=uI4GiKNoq9E
2022-02-23,No model name,1932,Not short,new dell latitude 3420 unboxing & first look। dell latitude business laptop,https://www.youtube.com/watch?v=EDAG_eTjG1c
2022-02-05,No model name,6111,Not short,dell latitude 3420 review | performance & build design,https://www.youtube.com/watch?v=aACKiQvxLyw
2022-01-30,No model name,2837,Not short,dell latitude 3420 laptop unboxing and specifications. intel core i5-1135g7 11th gen with win 10 pro,https://www.youtube.com/watch?v=aTpT1Hj3gbY
2022-01-26,No model name,1855,Not short,dell latitude 3420,https://www.youtube.com/watch?v=dpBSmOfUOn8
2022-01-26,No model name,11947,Not short,🛠️ dell latitude 14 3420 - disassembly and upgrade options,https://www.youtube.com/watch?v=gnCOxX5iI3k
2022-01-12,No model name,5777,Not short,"thinkpad e14 gen 2 và dell latitude 3420 - đâu là ""ông trùm"" phân khúc??? | laptopworld",https://www.youtube.com/watch?v=YB8-9fxhw8I
2022-01-06,No model name,25520,Not short,"laptop dell ""chuẩn"" sinh viên - văn phòng?! | dell latitude 3420 review",https://www.youtube.com/watch?v=G9xRrvbD8Ag
2021-12-28,No model name,3126,Not short,"dell latitude 3420 14"" core i3 onceava g somos dn soluciones estamos en tumbaco aceptamos tarjeta",https://www.youtube.com/watch?v=HHzBoMqjR9g
2021-12-28,No model name,1315,Not short,dell latitude 3420 - my new laptop for youtube | dell customize laptop | best dell laptop 2021 🔥,https://www.youtube.com/watch?v=9pNTs7BcBWA
2021-12-21,vostro,18,short,0vgyfw fan cooler 60.4ty01.021 notebook dell inspiron n3420 vostro 2420,https://www.youtube.com/shorts/jQ-NB-FRvPw
2021-10-22,No model name,11492,Not short,dell latitude 3420 laptop unboxing | dell laptop first look  | intel 11th gen | lt hub | smart ssd,https://www.youtube.com/watch?v=y_J8XFzDsKE
2021-10-18,No model name,7114,Not short,"dell latitude 3420 & 3520 - bền bỉ, gọn nhẹ và mượt mà | laptopworld",https://www.youtube.com/watch?v=K6eF04jBISs
2021-10-11,No model name,27208,Not short,dell latitude 3420 - unboxing/presentation eng 4k,https://www.youtube.com/watch?v=vbvKqVwhyqA
2021-10-07,No model name,45319,Not short,new dell latitude 3420 laptop unboxing | dell laptop first look & overview | intel 11th gen | lt hub,https://www.youtube.com/watch?v=LFrNUAxSw_8
2021-10-05,No model name,3111,Not short,#dell #latitude 3420 #laptop #11th gen core i3/ 4gb 1thdd⚡️uhdgraphics unboxing & review hindi 🔥🔥,https://www.youtube.com/watch?v=BiRVoEtsTJI
2021-09-17,No model name,1440,short,#shorts dell latitude 3420 unboxing,https://www.youtube.com/shorts/rWh_JAP1ZfE
2021-08-26,No model name,3343,Not short,dell laptop latitude 3420 intel core i7 11th gen 16gb 512 gb ssd unboxing # 87,https://www.youtube.com/watch?v=EGVb7QG_-A8
2021-07-15,No model name,10198,Not short,view new bios dell latitude 3420  version 1.5.0  ed.2.0.11,https://www.youtube.com/watch?v=OkWZYR55gI0
2021-06-19,vostro,16,Not short,bàn phím laptop dell n4110 4050 5050 4349 3420 3520 3460 vostro 2420 3350 3450 3460 3560 1440,https://www.youtube.com/watch?v=dbiinXx3QIk
2021-06-01,vostro,32129,Not short,dell vostro unboxing + first look | 8gb ram | ssd | intel | budget killer 🔥,https://www.youtube.com/watch?v=llcFYhvNJmQ
2019-09-22,No model name,3583,Not short,cara bongkar laptop dell inspiron 3420,https://www.youtube.com/watch?v=xzzO4NZk7Yc
2019-02-17,vostro 3420,647,Not short,laptop dell vostro 2420 3420  dv14 mlk uma short circuit,https://www.youtube.com/watch?v=9Q0wI5yhsao
2016-08-12,No model name,39103,Not short,dell 3420 - no da video - reset de bios y update,https://www.youtube.com/watch?v=0PpEjU1Siyk
2015-08-10,vostro,21,Not short,нов вентилатор за вентилатор за dell vostro 1450 inspiron 3420 m4040 n4050 n5040 n5050 screen.bg,https://www.youtube.com/watch?v=FR6OPShpY9M
2014-01-05,No model name,62477,Not short,dell 3420 vệ sinh,https://www.youtube.com/watch?v=AQg-CngJdLw
