post date,model,views,video type,title,link
2022-06-19,vostro 3520,71,Not short,dell vostro 3520 | used laptop | refurbished laptop | old laptop | second hand laptop,https://www.youtube.com/watch?v=6cyG4tf7DV4
2022-04-08,vostro,127,Not short,review laptop | dell vostro 3510 và dell latitude 3520 hai em laptop văn phòng cực xịn,https://www.youtube.com/watch?v=r3T0zsQOfGI
2021-10-28,No model name,22602,Not short,🛠️ dell latitude 15 3520 - disassembly and upgrade options,https://www.youtube.com/watch?v=yQMty8A_C-E
2021-10-19,vostro,25529,Not short,dell latitude 3520 - unboxing/presentation eng 4k,https://www.youtube.com/watch?v=FB4cWOUHAkU
2021-10-18,No model name,7114,Not short,"dell latitude 3420 & 3520 - bền bỉ, gọn nhẹ và mượt mà | laptopworld",https://www.youtube.com/watch?v=K6eF04jBISs
2021-09-15,No model name,4509,Not short,dell precision 3520 اقوي وورك ستيشن واعلي تبريد بيدعم ويندوز 11,https://www.youtube.com/watch?v=sw1hviBze8I
2021-06-29,No model name,25262,Not short,dell latitude 3520 (2021) - laptop nào tối ưu cho doanh nghiệp??? | laptopworld,https://www.youtube.com/watch?v=a-3Cj1yVlbE
2021-06-19,vostro,16,Not short,bàn phím laptop dell n4110 4050 5050 4349 3420 3520 3460 vostro 2420 3350 3450 3460 3560 1440,https://www.youtube.com/watch?v=dbiinXx3QIk
2020-10-08,vostro 3520,349,Not short,dell vostro 2520 #dell2520notebook #delllaptop #dell2520,https://www.youtube.com/watch?v=whsHzm7O_zI
2016-07-31,vostro,11739,Not short,dell vostro 1550 2420 2520 3350 3450 3460 3550 3555 3560 3520 ram upgrade full tutorial,https://www.youtube.com/watch?v=zlMYcfYZ11Q
2014-10-15,No model name,45669,Not short,dell inspiron 15 (3520) remplazar el teclado - gizmotij,https://www.youtube.com/watch?v=ESlxd-wrO9U
2011-10-26,vostro,86643,Not short,dell vostro 1540 1550 5050 4050 3520 ram memory upgrade,https://www.youtube.com/watch?v=Nw8uptGzrTg
