post date,model,views,video type,title,link
2022-08-02,vostro 5620,282,Not short,dell vostro 16 5625 vs hp pavilion 14-ec1019au comparison | which is best laptop under 60000 inr ?,https://www.youtube.com/watch?v=Ey4gmczkZWQ
2022-07-15,No model name,1350,Not short,đánh giá dell inspiron 5625: cứ ngỡ như macbook 16 inch!,https://www.youtube.com/watch?v=0vxX3UM48Wk
2022-06-27,No model name,1172,Not short,review laptop dell inspiron 16 5625 99vp91 ryzen r7-5825u ram 8gb ssd 512gb 16 inch full hd+ quá đẹp,https://www.youtube.com/watch?v=gaispke3iYs
2022-06-21,vostro 5625,218,short,dell vostro 5625 : now available @ gbs - dell exclusive stores in chennai,https://www.youtube.com/shorts/ClhHSrdnCgc
