﻿counter,post date,model,source,views,video type,title,link
1,2022-08-06,inspiron 16 5620,inspiron 16 - youtube,48,Not short,new ⚡⚡ dell inspiron 16 5620  intel core i5-1240p laptop unboxing and review 2022 #dellinspiron,https://www.youtube.com/watch?v=VVB4xfeBLD8
2,2022-08-05,inspiron 7420 2in1,inspiron 14 - youtube,18,Not short,"dell inspiron 7420 2 in 1 (2022) - chỉ 17.xxx - đầm chắc, cảm ứng siêu mượt  | thái long computer",https://www.youtube.com/watch?v=-s2HV9DP_kM
3,2022-08-02,inspiron 16 5620,inspiron 16 - youtube,1876,Not short,dell inspiron 16 5620: the most affordable 16-inch laptop from dell!,https://www.youtube.com/watch?v=C-03jSN3Hr4
4,2022-08-01,inspiron 7420 2in1,inspiron 7420 2in1 - youtube,247,short,new dell inspiron 7420 2 in 1,https://www.youtube.com/shorts/bVn5lPPONOs
5,2022-08-01,inspiron 15 3525,inspiron 15 - youtube,629,Not short,dell inspiron 3525 vs hp pavilion 15 | which is better ? | hp pavilion 15 | dell inspiron 3525,https://www.youtube.com/watch?v=FSSSTNOjbkA
6,2022-07-31,inspiron 16 5625,inspiron 16 - youtube,48,Not short,dell inspiron 16 5625 스피커,https://www.youtube.com/watch?v=St59l43iOfk
7,2022-07-31,inspiron 16 5620,inspiron 15 - youtube,6197,Not short,chiếc laptop dell cực hay cho sinh viên cntt | dell inspiron 16 5625 (2022),https://www.youtube.com/watch?v=1bqxGhJBLSU
8,2022-07-30,inspiron 16 5620,inspiron 16 - youtube,1598,Not short,dell vostro 16 5620 with intel core i5-1240p processor - dell laptop under 70000,https://www.youtube.com/watch?v=fFldh9wIyec
9,2022-07-30,inspiron 15 3525,inspiron 15 3525 - youtube,3,short,smart xreview | dell inspiron 15 3525 | all specs | unboxing & review |11| #smartxreview #shorts,https://www.youtube.com/shorts/cQ8KwYvZEec
10,2022-07-30,inspiron 15 3525,inspiron 15 3525 - youtube,0,short,smart xreview | dell inspiron 15 3525 | all specs | unboxing & review |12| #smartxreview #shorts,https://www.youtube.com/shorts/jQPrP3bBg9Y
11,2022-07-30,inspiron 15 3525,inspiron 15 3525 - youtube,6,short,smart xreview | dell inspiron 15 3525 | all specs | unboxing & review |14| #smartxreview #shorts,https://www.youtube.com/shorts/QmvakbIRkJE
12,2022-07-30,inspiron 15 3525,inspiron 15 3525 - youtube,2,short,smart xreview | dell inspiron 15 3525 | all specs | unboxing & review |13| #smartxreview #shorts,https://www.youtube.com/shorts/Jk7kyRvmhnY
13,2022-07-30,inspiron 15 3525,inspiron 15 3525 - youtube,3,short,smart xreview | dell inspiron 15 3525 | all specs | unboxing & review |7| #smartxreview #shorts,https://www.youtube.com/shorts/1s60uzEHu1M
14,2022-07-30,inspiron 15 3525,inspiron 15 3525 - youtube,1,short,smart xreview | dell inspiron 15 3525 | all specs | unboxing & review |5| #smartxreview #shorts,https://www.youtube.com/shorts/NQzy25sD_9o
15,2022-07-30,inspiron 15 3525,inspiron 15 3525 - youtube,1,short,smart xreview | dell inspiron 15 3525 | all specs | unboxing & review |10| #smartxreview #shorts,https://www.youtube.com/shorts/n6a4bO5QFJM
16,2022-07-30,inspiron 15 3525,inspiron 15 3525 - youtube,0,short,smart xreview | dell inspiron 15 3525 | all specs | unboxing & review |9| #smartxreview #shorts,https://www.youtube.com/shorts/VUwcB0t7HHE
17,2022-07-30,inspiron 15 3525,inspiron 15 3525 - youtube,4,short,smart xreview | dell inspiron 15 3525 | all specs | unboxing & review |3| #smartxreview #shorts,https://www.youtube.com/shorts/uZpKsLfVYbg
18,2022-07-30,inspiron 15 3525,inspiron 15 3525 - youtube,0,short,smart xreview | dell inspiron 15 3525 | all specs | unboxing & review |8| #smartxreview #shorts,https://www.youtube.com/shorts/dw551jysvTI
19,2022-07-30,inspiron 15 3525,inspiron 15 3525 - youtube,7,short,smart xreview | dell inspiron 15 3525 | all specs | unboxing & review |4| #smartxreview #shorts,https://www.youtube.com/shorts/n8acSqplzGM
20,2022-07-30,inspiron 15 3525,inspiron 15 3525 - youtube,0,short,smart xreview | dell inspiron 15 3525 | all specs | unboxing & review |2| #smartxreview #shorts,https://www.youtube.com/shorts/HQbssq7X7c4
21,2022-07-30,inspiron 15 3525,inspiron 15 3525 - youtube,4,short,smart xreview | dell inspiron 15 3525 | all specs | unboxing & review |6| #smartxreview #shorts,https://www.youtube.com/shorts/m9AQQCBoTww
22,2022-07-30,inspiron 15 3525,inspiron 15 3525 - youtube,0,short,smart xreview | dell inspiron 15 3525 | all specs | unboxing & review |1| #smartxreview #shorts,https://www.youtube.com/shorts/qqfuPBzUE6c
23,2022-07-28,inspiron 7420 2in1,inspiron 7420 2in1 - youtube,720,Not short,so sánh dell inspiron 7420 với dell 7415- chênh lệch 2tr có xứng đáng ?,https://www.youtube.com/watch?v=E9_47nzAB6A
24,2022-07-28,inspiron 7420 2in1,inspiron 7420 2in1 - youtube,1423,Not short,đánh giá laptop dell inspiron 7420 2in1 màn cảm ứng tiện dụng,https://www.youtube.com/watch?v=pRAkUJNjhV8
25,2022-07-27,inspiron 16 5620,inspiron 16 - youtube,417,Not short,[4k] dell inspiron 16 5620 노트북 프리뷰 영상,https://www.youtube.com/watch?v=gbKtzcI9BHE
26,2022-07-26,inspiron 16 5625,inspiron 16 5625 - youtube,777,short,#shorts hời hơn ông mặt trời với dell inspiron 5625,https://www.youtube.com/shorts/wJdLVHaWaoo
27,2022-07-25,inspiron 16 5620,inspiron 16 - youtube,124,Not short,dell inspiron 16 5620 | 12th gen intel core i5-1240p laptop review 2022,https://www.youtube.com/watch?v=WYpru64MEOk
28,2022-07-25,inspiron 15 3525,inspiron 15 3525 - youtube,89,Not short,dell inspiron 15 3525 - running faster after ram upgrade???,https://www.youtube.com/watch?v=Bleq0Hse4PQ
29,2022-07-24,inspiron 16 5620,inspiron 16 - youtube,507,short,laptop dell inspiron 16 5620 i7 1620p gen 12 2022,https://www.youtube.com/shorts/v4V2kOlNqdI
30,2022-07-23,inspiron 7420 2in1,inspiron 7420 2in1 - youtube,14,Not short,laptop dell inspiron 7420 2in1 i5-1235u 8gb 512gb 14 inch fhd touch on win11 led_kb nhôm bạcmới 100%,https://www.youtube.com/watch?v=qSiqeWQFpEo
31,2022-07-23,inspiron 15 3525,inspiron 15 3525 - youtube,482,Not short,laptop dell inspiron 15 3525 |all specs|dell laptop| laptop unboxing & review 2022 | smart xreview,https://www.youtube.com/watch?v=3DPks9-pwrg
32,2022-07-22,inspiron 16 5620,inspiron 16 - youtube,353,Not short,💯dell inspiron 16 5620~12th gen intel core i5-1240p💯laptop review 2022..new launch 🤩,https://www.youtube.com/watch?v=KMAdOM6h0MQ
33,2022-07-20,inspiron 16 5620,inspiron 16 - youtube,89,Not short,【ezstick】dell inspiron 16 5620 p117f 鍵盤膜樣式 及 機身貼 螢幕貼 touchpad貼 施工過程 diy 筆電包膜,https://www.youtube.com/watch?v=otkSUxd9pOQ
34,2022-07-19,inspiron 16 5625,inspiron 16 - youtube,1177,short,"dell inspiron 16 5625 - mẫu laptop cấu hình mạnh, thiết kế đẹp dành cho sinh viên 2022",https://www.youtube.com/shorts/xwh98WdEgmM
35,2022-07-19,inspiron 15 3525,inspiron 16 - youtube,276,Not short,dell inspiron 16 5620 🤩12th gen intel core i5-1240p | 16gb ram 512gb ssd 2gb nvidia 2022 new launch🤩,https://www.youtube.com/watch?v=VKLN8fAq8-I
36,2022-07-19,inspiron 14 5420,inspiron 14 5420 - youtube,1824,Not short,laptop dell inspiron 14 n5420: cũng là dell nhưng nó đẹp lắm!!!!,https://www.youtube.com/watch?v=EfbtTZq9srw
37,2022-07-18,inspiron 7420 2in1,inspiron 7420 2in1 - youtube,781,Not short,trên tay dell inspiron 7420 - intel thế hệ 12  sẽ có sức mạnh như thế nào ?,https://www.youtube.com/watch?v=2IutHpKSwL0
38,2022-07-18,inspiron 14 5420,inspiron 14 - youtube,1330,Not short,asus vivobook s14 oled vs acer swift 3 vs dell inspiron 14 5420 | which is better ?,https://www.youtube.com/watch?v=q1RIP99sZkQ
39,2022-07-17,inspiron 15 3525,inspiron 15 3525 - youtube,96,short,dell 3525| dell new inspiron 3525 |#shorts #laptop #laptops,https://www.youtube.com/shorts/4KRt5AHOOMo
40,2022-07-17,inspiron 14 5420,inspiron 14 5420 - youtube,673,Not short,asus vivobook 14 vs dell inspiron 14 | which is better ? | intel i3 12th gen | 1220p vs 1215u,https://www.youtube.com/watch?v=rmu-c3qOL-Y
41,2022-07-16,inspiron 16 5620,inspiron 16 5620 - youtube,2123,Not short,"trên tay dell inspiron 5620 - màn ngon, cpu i7 1260p, card mx570 mạnh nhưng..!",https://www.youtube.com/watch?v=ISAyX_DM-Yk
42,2022-07-16,inspiron 16 5620,inspiron 14 - youtube,31328,Not short,dell inspiron 16 5620 | 12th gen intel core i5-1240p laptop review 2022,https://www.youtube.com/watch?v=ZMFygd-7cGI
43,2022-07-15,inspiron 7420 2in1,inspiron 7420 2in1 - youtube,2538,Not short,trên tay dell inspiron 7420 2in1 (2022) laptop 2 trong 1 thế hệ mới nhưng chỉ 17 triệu !!!,https://www.youtube.com/watch?v=EEfdk9C-rqw
44,2022-07-15,inspiron 16 5620,inspiron 16 5620 - youtube,4897,Not short,"dell inspiron 5620 (2022) - mx570 rất mạnh, màn hình 100% srgb | laptopworld",https://www.youtube.com/watch?v=xmk7PJcgt5c
45,2022-07-15,inspiron 16 5625,inspiron 16 - youtube,1349,Not short,đánh giá dell inspiron 5625: cứ ngỡ như macbook 16 inch!,https://www.youtube.com/watch?v=0vxX3UM48Wk
46,2022-07-13,inspiron 7420 2in1,inspiron 7420 2in1 - youtube,823,Not short,dell inspiron 7420 2 in 1 những cải tiến rất đáng giá và ngon nhất tầm giá 17trieu ?!!,https://www.youtube.com/watch?v=JYM7G5gLkr8
47,2022-07-13,inspiron 16 5620,inspiron 16 5620 - youtube,3994,Not short,dell inspiron 5620 12th gen intel core i3 - shocking benchmarks + review | mwb,https://www.youtube.com/watch?v=0zlH6wtCW38
48,2022-07-13,inspiron 16 5620,inspiron 16 - youtube,744,short,dell inspiron 16 12th gen | dell inspiron 16 5620 |dell i512th gen laptop #dell  #unboxing,https://www.youtube.com/shorts/QWR7HdhsniY
49,2022-07-12,inspiron 16 5620,inspiron 16 - youtube,3627,Not short,dell vostro 5620 vs dell inspiron 16 | which is better ? | intel i5 12th gen,https://www.youtube.com/watch?v=oygfIZlNZb4
50,2022-07-12,inspiron 7420 2in1,inspiron 14 plus 7420 - youtube,482,Not short,dell inspiron 14 7420 2in1 - mẫu laptop đa dụng mới nhất của dell trong năm 2022,https://www.youtube.com/watch?v=WwiqA1EVvF0
51,2022-07-11,inspiron 7420 2in1,inspiron 7420 2in1 - youtube,240,Not short,dell inspiron 7420 2 in 1 new launched ⚡ dell premium intel cori5 12th gen unboxing and review,https://www.youtube.com/watch?v=aSvIunmbSHg
52,2022-07-11,inspiron 16 5625,inspiron 16 - youtube,2010,Not short,"รีวิว dell inspiron 16 5625 จอ 16"" fhd+ สเปกลื่นไหล ryzen 5000 เบา 1.87 โล ราคา 2x,xxx - 3x,xxx บาท",https://www.youtube.com/watch?v=wBhu44aQkf4
53,2022-07-11,inspiron 15 3525,inspiron 15 3525 - youtube,324,Not short,dell inspiron 15 3525 - upgrade ram *** i can do this??? ***,https://www.youtube.com/watch?v=Ex9kvY2OPhA
54,2022-07-11,inspiron 14 5420,inspiron 14 - youtube,546,Not short,lenovo ideapad slim 3 vs dell inspiron 14 | which is better ? | intel i3 12th gen | dell inspiron 14,https://www.youtube.com/watch?v=dCgW7iVyX-Y
55,2022-07-10,inspiron 7420 2in1,inspiron 7420 2in1 - youtube,19710,Not short,dell inspiron 7420 2 in 1 new launched ⚡ dell premium intel cori5 12th gen unboxing and  review 🔥,https://www.youtube.com/watch?v=kd9WBMEsQqs
56,2022-07-09,inspiron 16 5620,inspiron 16 - youtube,6969,short,dell inspiron 16 5620 i5 12th generation,https://www.youtube.com/shorts/IjUgYyE0j60
57,2022-07-09,inspiron 16 5620,inspiron 16 - youtube,84,Not short,"[광고] dell inspiron 16 5620 ub05kr 노트북, 게임 오디오 출력",https://www.youtube.com/watch?v=jQ7893HNoXE
58,2022-07-09,inspiron 16 5620,inspiron 16 - youtube,30,Not short,"[광고] dell inspiron 16 5620 ub05kr 노트북, 오버워치 플레이 영상",https://www.youtube.com/watch?v=BvYpjcC0sBc
59,2022-07-09,inspiron 14 5425,inspiron 14 - youtube,1043,Not short,dell inspiron 14 5425 review | amd ryzen 7 5825u - 16gb ram - 512gb ssd,https://www.youtube.com/watch?v=ybKoPORMM3M
60,2022-07-08,inspiron 16 5620,inspiron 14 - youtube,22237,Not short,dell inspiron 5620 12th gen intel core i3🔥 | shocking result 😔 | unboxing & first impressions⚡,https://www.youtube.com/watch?v=oTqxx4THKFM
61,2022-07-07,inspiron 16 5620,inspiron 16 - youtube,113,Not short,dell inspiron 16 5620 laptop 12th gen intel,https://www.youtube.com/watch?v=Vz-DXwY7368
62,2022-07-07,inspiron 7420 2in1,inspiron 14 plus 7420 - youtube,4697,Not short,"dell inspiron 7420 2 in 1 (2022) - chỉ 17tr đầm chắc, cảm ứng siêu mượt | laptopworld",https://www.youtube.com/watch?v=c7cpWdjc7FY
63,2022-07-06,inspiron 16 5620,inspiron 16 - youtube,1430,Not short,review laptop dell inspiron 16 5620 n6i5003w1 core i5-1240p ram 16gb ssd 512gb geforce mx570 2gb,https://www.youtube.com/watch?v=g3bMdeN-K7A
64,2022-07-05,inspiron 15 3525,inspiron 15 3525 - youtube,390,Not short,dell inspiron 15 3525 - how to upgrade ram,https://www.youtube.com/watch?v=PobjTbCY41I
65,2022-07-05,inspiron 14 5420,inspiron 14 5420 - youtube,249,Not short,dell inspiron 14 review | the ultimate guide to dell inspiron 14,https://www.youtube.com/watch?v=awmCGIN1ofc
66,2022-07-04,inspiron 15 3525,inspiron 15 3525 - youtube,155,Not short,"[핫딜 64만원] 델 2022 inspiron 15 3525 🚀 최저가 799,000원+카드할인20%off 639,200원",https://www.youtube.com/watch?v=MVr08On9f2k
67,2022-06-30,inspiron 16 5620,inspiron 16 - youtube,2134,Not short,review laptop dell inspiron 16 5620 n6i7000w1 core i7-1260p ram 16gb ssd 512gb geforce mx570 2gb,https://www.youtube.com/watch?v=uEuCnWYFykw
68,2022-06-30,inspiron 15 3525,inspiron 15 3525 - youtube,4115,Not short,dell inspiron 15⚡️ 3525 ryzen 3050u 8gb 256gb 15.6 w11 best in 30k unboxing & review {hindi}🔥🔥,https://www.youtube.com/watch?v=ksiHe3TegAg
69,2022-06-28,inspiron 15 3525,inspiron 15 3525 - youtube,922,Not short,dell inspiron 3525 new launched laptop⚡⚡amd athlon 3050u |  budget laptop in 35k ? unboxing & review,https://www.youtube.com/watch?v=df-_L-RhBQQ
70,2022-06-27,inspiron 16 5625,inspiron 16 - youtube,1172,Not short,review laptop dell inspiron 16 5625 99vp91 ryzen r7-5825u ram 8gb ssd 512gb 16 inch full hd+ quá đẹp,https://www.youtube.com/watch?v=gaispke3iYs
71,2022-06-24,inspiron 14 5420,inspiron 14 - youtube,289,Not short,【ezstick】dell inspiron 14 5420 5425 p157g 鍵盤膜樣式 及 機身貼 螢幕貼 touchpad 保護貼 施工過程 diy 筆電包膜,https://www.youtube.com/watch?v=a8QPhKdZKJ0
72,2022-06-23,inspiron 15 3525,inspiron 15 3525 - youtube,5284,Not short,dell new inspiron 3525 laptop amd athlon silver 3050u | dell inspiron athlon dual core 3050u,https://www.youtube.com/watch?v=dHsp0e53zK8
73,2022-06-20,inspiron 14 5420,inspiron 14 5420 - youtube,170,Not short,inspiron 14 inch laptop with 12th gen intel® core™- dell inspiron 5420 i5-1235u,https://www.youtube.com/watch?v=UI-g4KyrxBA
74,2022-06-20,inspiron 14 5420,inspiron 14 - youtube,6499,Not short,dell inspiron 14 (2022) full overview - not review | the best 14-inch 12th gen laptop,https://www.youtube.com/watch?v=lbjP1tdzVlQ
75,2022-06-18,inspiron 7420 2in1,inspiron 7420 2in1 - youtube,844,Not short,new dell inspiron 14 7420 2in1 laptop unboxing.....,https://www.youtube.com/watch?v=hbMm7fjgh50
76,2022-06-17,inspiron 7420 2in1,inspiron 14 plus 7420 - youtube,11297,Not short,dell inspiron 2-in-1 7420 unboxing & review 2022 | new dell inspiron 7420 unboxing & review 🔥🔥🔥,https://www.youtube.com/watch?v=QOG3tjNmuiI
77,2022-06-16,inspiron 7420 2in1,inspiron 14 plus 7420 - youtube,1880,Not short,dell laptop  inspiron 7420 2 in 1 | best laptop 2022 | laptop review | dell inspiron series laptop,https://www.youtube.com/watch?v=LPPZhNLRQb0
78,2022-06-14,inspiron 16 5620,inspiron 16 - youtube,8502,Not short,dell inspiron 16 full overview - not review | the best 16-inch 12th gen laptop,https://www.youtube.com/watch?v=98lYr_kL85g
79,2022-06-14,inspiron 14 5425,inspiron 14 5425 - youtube,7670,Not short,6月20日までのデルのセール情報まとめinspiron 14 5425が5.9万円で安い！！,https://www.youtube.com/watch?v=synXahJC2D8
80,2022-06-13,inspiron 16 5625,inspiron 16 - youtube,352,Not short,dell inspiron 16 5625 running linux,https://www.youtube.com/watch?v=ITvmzWE8OdU
81,2022-06-13,inspiron 14 5420,inspiron 14 - youtube,181,Not short,dell inspiron 14 5420,https://www.youtube.com/watch?v=hBuZVXQzEoY
82,2022-06-09,inspiron 14 5420,inspiron 14 5420 - youtube,2568,Not short,review laptop dell inspiron 14 5420 p157g001asl core i5-1235u ram 8gb ssd 256gb 14 inch full hd+ w11,https://www.youtube.com/watch?v=hPNbNKUGXiY
83,2022-06-06,inspiron 15 3525,inspiron 15 3525 - youtube,5270,Not short,(review) dell inspiron 3525 (2022) laptop ngon nhất tầm giá 15 triệu của nhà dell !!!,https://www.youtube.com/watch?v=4511G2D3Tx8
84,2022-06-06,inspiron 14 5425,inspiron 14 - youtube,7150,Not short,6月13日までデルのpcセール情報inspiron 14 5425 inspiron 16 5625が最安値！,https://www.youtube.com/watch?v=qQHttYJG6-s
85,2022-06-02,inspiron 15 3525,inspiron 15 3525 - youtube,6759,Not short,15 triệu laptop dell nào chạy mượt nhất?? dell inspiron 3525 (2022),https://www.youtube.com/watch?v=Wk5D-awXZI8
86,2022-05-27,inspiron 15 3525,inspiron 15 3525 - youtube,2225,Not short,dell inspiron 3525 vs dell inspiron 3510 amd athlon vs intel pentium quad core processor #youtube,https://www.youtube.com/watch?v=7ZqhjJZUksY
87,2022-05-25,inspiron 14 5425,inspiron 14 5425 - youtube,1994,short,"dell inspiron 5425 laptop 14""",https://www.youtube.com/shorts/SgItcp54J1A
88,2022-05-25,inspiron 14 5425,inspiron 14 5425 - youtube,1358,Not short,"dell inspiron 5425 |ryzen 5 series 5625u |14"" screen 16:10 ratio |lateet ryzen 5 series processor",https://www.youtube.com/watch?v=IMgmfSCKD1A
89,2022-05-21,inspiron 15 3525,inspiron 15 3525 - youtube,6165,Not short,new dell inspiron 3525 ryzen7 laptop  #dell_inspiron #dell #shorts #youtube,https://www.youtube.com/watch?v=rz-gdlSaNGs
90,2022-05-16,inspiron 16 5620,inspiron 16 5620 - youtube,159,Not short,inspiron 5620,https://www.youtube.com/watch?v=dQeQfOomzdk
91,2022-05-16,inspiron 14 5420,inspiron 14 5420 - youtube,272,Not short,inspiron 5420,https://www.youtube.com/watch?v=ThNFraeRocQ
92,2022-05-14,inspiron 15 3525,inspiron 15 3525 - youtube,1145,Not short,unboxing dell inspiron 15 3525 laptop|#youtubeshorts #shorts #unboxing #ytshorts #laptop #short,https://www.youtube.com/watch?v=yDlhLIM_jak
93,2022-05-09,inspiron 16 5620,inspiron 16 5620 - youtube,1054,Not short,asus vivobook s15 ke3502 vs dell inspiron 16 5620,https://www.youtube.com/watch?v=SUAsjU9eRpw
94,2022-05-02,inspiron 15 3525,inspiron 15 3525 - youtube,1896,Not short,"dell inspiron 15 3525 ปี 2022 สเปก amd ใหม่ จอ 15.6"" เริ่ม 15,490 คุ้มค่าน่าซื้อ มี office แท้",https://www.youtube.com/watch?v=j-8ua5o0FP4
95,2022-05-01,inspiron 15 3525,inspiron 15 3525 - youtube,857,Not short,dell inspiron 15 3525 ram upgrade,https://www.youtube.com/watch?v=jcEH53DTV9o
96,2022-04-21,inspiron 16 5625,inspiron 16 5620 - youtube,3984,Not short,review laptop dell inspiron 16 5625 70281537 r5-5625u ram 8gb ssd 512gb 16 inch full hd+ windows 11,https://www.youtube.com/watch?v=RKNxZyxgq4s
97,2022-04-17,inspiron 16 5620,inspiron 16 5620 - youtube,2338,Not short,"dell inspiron 16 5620/5625 repair guide - battery, dc jack and fan replacement, heatsink cleaning",https://www.youtube.com/watch?v=vrcbDeza7Bc
98,2022-04-16,inspiron 15 3520,inspiron 15 3520 - youtube,5,Not short,gintai power switch on/off button board replacement for dell inspiron 15 3520 n5040 n5050 m50 review,https://www.youtube.com/watch?v=XlGJlHMtO1Y
99,2022-04-15,inspiron 16 5620,inspiron 16 5620 - youtube,8431,Not short,"dell inspiron 16 5620/5625 - ram, ssd and wifi upgrade guide",https://www.youtube.com/watch?v=iGxaPn9qedI
100,2022-04-15,inspiron 16 5620,inspiron 16 5620 - youtube,6721,Not short,new dell vostro 16 5625 unboxing & review 2022 | dell vostro amd ryzen 5 5625 laptop unboxing 2022,https://www.youtube.com/watch?v=fy-Oz7jfiDE
101,2022-04-13,inspiron 16 5620,inspiron 14 5425 - youtube,31845,Not short,dell inspiron 16 5620 review - inspiron 5000 gets intel core i5-1235u and 16:10 screen for 2022,https://www.youtube.com/watch?v=Ng2sH__uGk8
102,2022-04-03,inspiron 16 5620,inspiron 16 5620 - youtube,11958,Not short,intel 12th gen powered dell vostro 5620 complete overview with benchmark | dell vostro 5620 review,https://www.youtube.com/watch?v=0P-qDE3p70E
103,2022-03-22,inspiron 15 3525,inspiron 15 3525 - youtube,2508,Not short,inspiron 15 3525 wh02kr 언박싱,https://www.youtube.com/watch?v=Z0YOyAnns-M
104,2022-03-08,inspiron 14 5425,inspiron 14 - youtube,44107,Not short,new inspiron 14 5425レビュー コスパ最高の14型ノートpc,https://www.youtube.com/watch?v=CV08yADQ_I0
105,2022-03-06,inspiron 16 5625,inspiron 16 5625 - youtube,46313,Not short,new inspiron 16 5625レビュー コスパ最高のスタンダードノートpc,https://www.youtube.com/watch?v=pVxzFXHuxeM
