post date,model,source,views,video type,title,link
2022-08-07,dell g15 5511,dell g15 - youtube,7,Not short,xenoblade chronicles yuzu gameplay - dell g15 5511,https://www.youtube.com/watch?v=ZQxcN0S3QVE
2022-08-07,dell g15,dell g15 - youtube,11,short,dell g15 bios update just here the fan sound 🔥🔥,https://www.youtube.com/shorts/r85MMb3XVvo
2022-08-07,dell g15 5515,dell g15 - youtube,34,Not short,god of war no dell g15 5515,https://www.youtube.com/watch?v=l2uafQU0MsU
2022-08-07,dell g15,dell g15 - youtube,12,Not short,pubg pc gameplay 2022 | dell g15 amd ryzen 5 (5600h) | rtx 3050 | 16gb ram,https://www.youtube.com/watch?v=jOjf9bnCxt8
2022-08-07,dell g15 5510,dell g15 - youtube,4,Not short,dell g15 5510 ii 5510 dell i g15 5510 game performance  ii dell g15 pubg test ii pubg  test g15 5510,https://www.youtube.com/watch?v=61cZWvEHoDY
2022-08-06,dell g15 5521,dell g15 5521 - youtube,6,Not short,dell g15 5521 12900h 1070 ti 8 gb,https://www.youtube.com/watch?v=JofVeDv0Z2U
2022-08-06,dell g15,dell g15 - youtube,54,Not short,free fire live in gaming laptop dell g15 ryzen 5 5600h,https://www.youtube.com/watch?v=nYEoZK0Ynk0
2022-08-06,dell g15,dell g15 - youtube,751,Not short,بمناسبة نتيجة الثانوية العامة مراجعة لاب توب ديل review laptop dell 5511 i5 11400h rtx 3050,https://www.youtube.com/watch?v=kpeKIYFqeZU
2022-08-06,dell g15,dell g15 - youtube,145,short,dell g15  i7 12th gen backlight,https://www.youtube.com/shorts/Yy_7rz6t_V8
2022-08-05,dell g16 7620,dell g15 5521 - youtube,491,Not short,"dell g16 7620 is a 16 inch tank of a gaming laptop, but there’s two problems…",https://www.youtube.com/watch?v=OBa-wRVufwM
2022-08-05,dell g15 5520,dell g15 5520 - youtube,24,Not short,dell g15 5520 vs predator helios 300| battle of the mid gaming laptops,https://www.youtube.com/watch?v=PGkfOscfaZU
2022-08-05,dell g15,dell g15 - youtube,120,short,lançamento dell g15 2022,https://www.youtube.com/shorts/kPlExe1svXk
2022-08-05,dell g15,dell g15 - youtube,98,Not short,free fire live in gaming laptop dell g15 ryzen 5 5600h,https://www.youtube.com/watch?v=ODug-FrsHn0
2022-08-05,dell g15,dell g15 - youtube,73,Not short,godfall - macros boss final # parte 19 # notebook dell g15 rtx3050,https://www.youtube.com/watch?v=2KkheyonlxM
2022-08-05,dell g15,dell g15 - youtube,28,short,free fire emote revenge in dell g15 gaming laptop #ffshorts #whitenitin1m,https://www.youtube.com/shorts/G0VrRqAsnOM
2022-08-05,dell g15,dell g15 - youtube,11,Not short,dell g15 laptop bios update,https://www.youtube.com/watch?v=im-vsXT5Ktk
2022-08-04,dell g15,dell g15 - youtube,0,Not short,multiverse pt1 dell g15 4k hdr,https://www.youtube.com/watch?v=Q9XUafomn7o
2022-08-04,dell g15,dell g15 - youtube,8,Not short,fix dell laptop desktop wifi not working inspiron latitude xps vostro g15 g3 g7 precision connecting,https://www.youtube.com/watch?v=P_eM-HHvQX0
2022-08-04,dell g15,dell g15 - youtube,1177,Not short,the find | laptops for video editing & 3d modeling | week 1,https://www.youtube.com/watch?v=fAZAgmEV-tc
2022-08-04,dell g15,dell g15 - youtube,65,Not short,dell g15 free fire br rank push redeem code,https://www.youtube.com/watch?v=UDzpcm_yiks
2022-08-03,dell g15 5511,dell g15 - youtube,1,Not short,dell g15 5511 3060 3dmark测试,https://www.youtube.com/watch?v=A8X0KfSup1c
2022-08-03,dell g15,dell g15 - youtube,20447,Not short,o novo alienware m15 r7 da dell: 12700h + rtx 3070ti,https://www.youtube.com/watch?v=V-XcHjdd0ik
2022-08-03,dell g15,dell g15 - youtube,82,Not short,os 8 melhores notebooks gamers em 2022,https://www.youtube.com/watch?v=U0x_CB9XtEk
2022-08-03,dell g15 5520,dell g15 - youtube,211,short,dell g15 | dell g15 gaming laptop | dell laptop  | best gaming laptop 2022 #computech #dellgaming,https://www.youtube.com/shorts/BHAOqD5pm_s
2022-08-03,dell g15,dell g15 - youtube,55,Not short,dell g15 free fire br rank push live,https://www.youtube.com/watch?v=bDu8pckv8GE
2022-08-02,dell g15 5520,dell g15 5520 - youtube,92390,Not short,dell g15 special edition: the gaming laptop for masses?,https://www.youtube.com/watch?v=v-eFEg0D_Yc
2022-08-02,dell g15 5515,dell g15 - youtube,479,Not short,unboxing notebook gamer dell g15 5515,https://www.youtube.com/watch?v=IpvSLKfo9dc
2022-08-02,dell g15,dell g15 - youtube,841,Not short,💻 dell g15 bemutató 💻 az első amd-s laptop a csatornán 🔥,https://www.youtube.com/watch?v=Vxh4Fuc_Zgc
2022-08-02,dell g15,dell g15 - youtube,1572,Not short,rtx 3050ti(60w) vs rtx 3050(95w)🔥hp pavillion vs dell g15,https://www.youtube.com/watch?v=oW2IDa-aMwE
2022-08-02,dell g15 5515,dell g15 - youtube,6407,Not short,dell g15 5515 (2021) - laptop gaming dell giá rẻ cực tốt cho tân sinh viên 2022 !!!,https://www.youtube.com/watch?v=3LlEFo-XrdU
2022-08-01,dell g15 5511,dell g15 - youtube,1505,short,memória ram custo-benefício para o notebook dell g15!,https://www.youtube.com/shorts/DW5eXFH8LIo
2022-08-01,dell g15 5511,dell g15 - youtube,4475,Not short,migliori notebook (agosto 2022) | #topbook,https://www.youtube.com/watch?v=Napm4g4OzK8
2022-07-31,dell g15,dell g15 - youtube,10205,Not short,"dell g15, legion 5i ou helios 300? qual o melhor notebook gamer por até r$8000?",https://www.youtube.com/watch?v=WyH-qX3dJRM
2022-07-31,dell g15,dell g15 - youtube,2406,short,#unboxing dell g15 dream come true￼.         #dellgaming #dell #dellg15,https://www.youtube.com/shorts/IBELfBbo3k0
2022-07-31,dell g15,dell g15 - youtube,3277,Not short,worldwide gaming pc giveaway!!,https://www.youtube.com/watch?v=t8GA2TZwNtQ
2022-07-30,dell g15,dell g15 - youtube,399,Not short,ryzen 5 6600h vs ryzen 5 5600h gaming benchmark test in 2022 | nvidia rtx 3050 | #stealthgamersg,https://www.youtube.com/watch?v=uSUrjGQLlOA
2022-07-30,dell g15,dell g15 - youtube,5733,short,nitro 5 com gtx1650 ou dell g15 com rtx3050 para edição de vídeos e jogos? #shorts,https://www.youtube.com/shorts/X43XbK9QUVg
2022-07-29,dell g15,dell g15 - youtube,46,short,diferença de fontes do macbook air vs dell g15,https://www.youtube.com/shorts/7LAMP0G-F9Y
2022-07-29,dell g15,dell g15 - youtube,25683,Not short,12ª geração intel core em notebooks! asus rog zephyrus 2022 [análise],https://www.youtube.com/watch?v=fGKTqpjeXks
2022-07-29,dell g15,dell g15 - youtube,73,Not short,os 15 melhores notebooks custo benefício para comprar em 2022,https://www.youtube.com/watch?v=4xh7J5xSoJU
2022-07-28,dell g15 5520,dell g15 5520 - youtube,118,Not short,dell g15 5520 vs acer nitro 5 an515 58! full compare!,https://www.youtube.com/watch?v=swRFYAbB25Y
2022-07-27,dell g15,dell g15 - youtube,729,Not short,( dell g15) vazamento luz “absurda” modelos rtx3060 & gtx1650,https://www.youtube.com/watch?v=3Zz8jjMZsFk
2022-07-26,dell g15 5510,dell g15 5520 - youtube,1566,Not short,مراجعة dell g15 5510  | سعر ومميزات وعيوب dell g5 | لاب للمونتاج والجيمنج | dell g15 review |,https://www.youtube.com/watch?v=x35ZNPqSw5M
2022-07-26,dell g15,dell g15 - youtube,12,Not short,cinebench score of best gaming laptop under 70k 😍 dell g15 ryzen edition #dellgaming #ryzen #gaming,https://www.youtube.com/watch?v=J0F34TNjvL8
2022-07-26,dell g15 5520,dell g15 - youtube,253,Not short,dell g15 5515⚡⚡ new launched ryzen 5600h rtx 3050 unboxing & review 🔥,https://www.youtube.com/watch?v=g-zkO5odYcg
2022-07-24,dell g15 5520,dell g15 5520 - youtube,4801,Not short,dell g15 5520 | intel i7 12th gen 12700h rtx 3050ti review | dell g15 2022 gaming laptop review,https://www.youtube.com/watch?v=bfGAec7hpoQ
2022-07-24,dell g15,dell g15 - youtube,336,Not short,full specifications of dell g15 ryzen edition.,https://www.youtube.com/watch?v=XeTvTc2M5G4
2022-07-24,dell g15 5511,dell g15 - youtube,1201,Not short,dell g15 5511 gaming laptop - solid build👌,https://www.youtube.com/watch?v=f5IltkTn4RU
2022-07-23,dell g16,dell g16 - youtube,299,short,dell g16 gaming laptop launched with 12th gen intel core i7 and rtx 3070 ti,https://www.youtube.com/shorts/Nrh24lo6S7w
2022-07-22,dell g15,dell g15 5520 - youtube,932,short,best budget gaming laptop dell g15,https://www.youtube.com/shorts/R-elBoKS050
2022-07-22,dell g15 5520,dell g15 5520 - youtube,1684,Not short,"2022 dell g15 5520 gaming laptop review! 😱 intel i7-12700h + rtx 3060 🔥 gaming test, memory upgrade",https://www.youtube.com/watch?v=nR59ZjYnKes
2022-07-22,dell g15,dell g15 5520 - youtube,10,Not short,dell g15 (5520) full specification||review||gaming laptop||dell laptop||tech||tech introduce,https://www.youtube.com/watch?v=NHrOFvY9kgQ
2022-07-21,dell g16 7620,dell g16 7620 - youtube,1844,Not short,dell g16 gaming laptop first look and specs: beast at budget?,https://www.youtube.com/watch?v=HKbWvateGK8
2022-07-21,dell g15,dell g15 5520 - youtube,2336,Not short,يلا نشتري لاب توب ديل لطلاب الهندسة review laptop dell 5520  i7 12700h rtx 3060,https://www.youtube.com/watch?v=lrctUO9gHqI
2022-07-21,dell g15,dell g15 - youtube,7224775,Not short,game on a new high with the dell g15 special edition laptop | trakin tech | powered by intel,https://www.youtube.com/watch?v=IT-IIssOPJ8
2022-07-20,dell g15,dell g16 - youtube,222,Not short,dell's g16 gaming laptop presents a 12th generation and graphics nvidia rtx intel and graphics,https://www.youtube.com/watch?v=-GehymVxhHw
2022-07-20,dell g15 5520,dell g15 5520 - youtube,985,Not short,dell g15 (2022) i5-12500h | rtx 3050 | 12 games tested,https://www.youtube.com/watch?v=b8_dZKxsS6E
2022-07-20,dell g15 5520,dell g15 - youtube,6413,Not short,dell g15 [2022] i5 12th gen rtx 3050 | review and unboxing,https://www.youtube.com/watch?v=noFnXCIAjwY
2022-07-19,dell g15 5520,dell g15 5520 - youtube,778,Not short,dell g15 rtx 3050 i5-12500h - laptop gaming por menos de 1000$,https://www.youtube.com/watch?v=OoZWv4Quj4k
2022-07-19,dell g15 5511,dell g15 5520 - youtube,466,short,dell g15 5511 new,https://www.youtube.com/shorts/CSKRInbyZn8
2022-07-18,dell g15,dell g15 5520 - youtube,310,Not short,dell g15 2022 series launched & available to buy on amazon 🎉🎉,https://www.youtube.com/watch?v=vQKa-AJZ6A4
2022-07-16,dell g15 5520,dell g15 5520 - youtube,2145,Not short,"review of the dell g15 5520 12th gen i7 12700h, rtx 3060 laptop",https://www.youtube.com/watch?v=HqeCA6CdLlA
2022-07-16,dell g15,dell g15 5520 - youtube,197709,Not short,dell g15 special edition gaming laptop quick review ⚡,https://www.youtube.com/watch?v=lgetH5zTC80
2022-07-16,dell g15,dell g15 - youtube,719,short,🤘laptop dell g15 keyboard light on off 💫,https://www.youtube.com/shorts/a5F6BO2r7oE
2022-07-15,dell g15,dell g15 5520 - youtube,3523,Not short,dell g15 gaming 2022 ⚡ intel i5 12500h + rtx 3050 gaming test 🔥 16 aaa games tested ⚡dell g15 2022 😍,https://www.youtube.com/watch?v=PFaNNKYmq4k
2022-07-15,dell g15 5510,dell g15 - youtube,5737,Not short,oyuncular i̇çi̇n uygun fi̇yatli laptop! - dell g15 alinir mi?,https://www.youtube.com/watch?v=s3OZiCE0c7k
2022-07-13,dell g15,dell g15 5521 - youtube,358,Not short,new dell g15　se　開封・使用感レビュー動画,https://www.youtube.com/watch?v=XO15o7s_0TI
2022-07-12,dell g15,dell g15 5520 - youtube,3981,Not short,รีวิว dell inspiron g15 สเปกน่าใช้ ดีไซน์ดุดัน คอเกมต้องโดน | ihavecpu,https://www.youtube.com/watch?v=9gdMnP622kU
2022-07-12,dell g15 5515,dell g15 - youtube,629,Not short,*big battery*🔋 the dell g15 5515 ryzen 7 with rtx 3060 is a beast🔥🔥,https://www.youtube.com/watch?v=kXpOekI9y_o
2022-07-11,dell g15 5520,dell g15 5520 - youtube,189,Not short,"dell g15 5520  gaming laptop unboxing and review - i7 12 gen, 4 gb graphic, 16 gb ram",https://www.youtube.com/watch?v=3Mj6IO9dib8
2022-07-11,dell g15,dell g15 - youtube,918,Not short,novo dell g15 com rtx 3060 “”como eu utilizo as configurações””,https://www.youtube.com/watch?v=dU2F2Lj-xfQ
2022-07-11,dell g15,dell g15 - youtube,24573,Not short,3 notebooks gamers abaixo de r$4.000! conferindo os notes gamers + baratos atualmente!,https://www.youtube.com/watch?v=zi6GYYYWx_k
2022-07-10,dell g15 5521,dell g15 5521 - youtube,32,Not short,dell g15 5521 se laptop gameplay | halo infinite gameplay 2022  intel 12700h best gaming laptop 2022,https://www.youtube.com/watch?v=th5HCX8x5LE
2022-07-10,dell g15 5521,dell g15 5520 - youtube,47,Not short,dell g15 5521 se laptop gameplay | asphalt 9 gameplay 2022 | intel 12700h laptop  best gaming laptop,https://www.youtube.com/watch?v=aEoID7sAtfM
2022-07-09,dell g15 5521,dell g15 5520 - youtube,86,Not short,dell g15 5521 se laptop gameplay | forza horizon 5 gameplay 2022 | intel 12700h laptop | rtx 3060,https://www.youtube.com/watch?v=8Zqfapaxct0
2022-07-09,dell g15 5521,dell g15 5520 - youtube,624,Not short,dell g15 5521 special edition laptop 2022 |  intel 12700h laptop | rtx 3060 graphics gaming laptop,https://www.youtube.com/watch?v=YZDa7AyhaR8
2022-07-09,dell g15 5520,dell g15 5520 - youtube,359,Not short,dell g15 5520 | logitech g402 mouse | logitech g213  keyboard unboxing | oye nadiadi | deep rajput,https://www.youtube.com/watch?v=LC5be9Hv3i0
2022-07-09,dell g15 5515,dell g15 - youtube,60,Not short,500 subs goal || what should i title my valorant stream ||  dell g15 5515  r5 rtx 3050 gaming,https://www.youtube.com/watch?v=N0CWjVD2GYs
2022-07-08,dell g15 5520,dell g15 5520 - youtube,25,Not short,โน้ตบุ๊กเกมมิ่งยานแม่ dell g15 5520 gaming,https://www.youtube.com/watch?v=OWUBNZgyGFY
2022-07-08,dell g15,dell g15 - youtube,1748,Not short,acabou para o dell g15? acer predator com rtx 3070 tá show!,https://www.youtube.com/watch?v=GwBAg9CRMDo
2022-07-07,dell g16 7620,dell g16 7620 - youtube,941,Not short,dell inspiron 16 plus 7620 internals,https://www.youtube.com/watch?v=7en4L4grA9I
2022-07-07,dell g15 5520,dell g15 5520 - youtube,8479,Not short,รีวิว dell g15 5520 สเปก i7-12700h + rtx 3060 + จอ 165hz srgb 100% จบครบทุกความต้องการ ดีไซน์เฉียบ,https://www.youtube.com/watch?v=q3s6eNj5JnA
2022-07-07,dell g15,dell g15 - youtube,121,Not short,$576 dell g15 laptop rtx 3050ti 90w best buy open box. unbox & basic setup tips!,https://www.youtube.com/watch?v=O1q7BQ2frY0
2022-07-06,dell g15,dell g15 5520 - youtube,999,Not short,✅ unboxing laptop dell gaming g5 15 5520 procesador core i7 16gb ram 512gb ssd rtx 3060 fhd,https://www.youtube.com/watch?v=9QS52vIXtvs
2022-07-06,dell g15 5520,dell g15 5520 - youtube,548,short,dell g15 5520 || i7 12th gen || rtx 3050ti 95w.,https://www.youtube.com/shorts/12lMr77vRp4
2022-07-06,dell g15 5520,dell g15 5520 - youtube,466,Not short,*dekho vo aa gya* dell g15 laptop | dell g15 5521 se,https://www.youtube.com/watch?v=IJUJYsjf33s
2022-07-06,dell g15,dell g15 - youtube,126,Not short,red redemption ll / on a dell g15 with  rtx3060 ryzen 7.,https://www.youtube.com/watch?v=qitkswthqew
2022-07-06,dell g15,dell g15 - youtube,246,Not short,dell g15 | god of war | rtx 3060 laptop + ryzen 7 5800h | 4k full test,https://www.youtube.com/watch?v=IH2lMOlQTu4
2022-07-06,dell g15,dell g15 - youtube,1184,Not short,n.o.v.o ( dell g15 ) rtx 3060 saindo preço final de $ 5.748 reais.,https://www.youtube.com/watch?v=RFxdWm8BE-4
2022-07-06,dell g15,dell g15 - youtube,1865,Not short,"preço despencou: dell g15, o brutão com cupom tá barato!",https://www.youtube.com/watch?v=yTCkIaiJSIk
2022-07-05,dell g15 5520,dell g15 5520 - youtube,9222,Not short,dell g15 gaming 2022 🔥 intel i5 12500h + rtx 3050  full review ⚡ best gaming laptop under 90000 😍,https://www.youtube.com/watch?v=GhIpxr6WBPo
2022-07-05,dell g15,dell g15 - youtube,18,Not short,elden ring - parte 13 - dell g15 ryzen 7 5800h e rtx3060,https://www.youtube.com/watch?v=c_J6Wt0G9M8
2022-07-04,dell g15,dell g15 - youtube,42,Not short,melhorando a performance da gpu no dell g15 rtx 3050,https://www.youtube.com/watch?v=xvIGJkC5m6w
2022-07-03,dell g15,dell g15 5525 - youtube,603,Not short,gostei | notebook dell g15 - review atualizado e completo,https://www.youtube.com/watch?v=8AoAlmjbRNk
2022-07-02,dell g15 5521,dell g15 5521 - youtube,306,Not short,dell g15 5521 se ssd upgrade,https://www.youtube.com/watch?v=5BnAbvHnXR0
2022-07-02,dell g15 5520,dell g15 5520 - youtube,425,Not short,【pcデスク周り】 メインpcを買い換えました！｜dell,https://www.youtube.com/watch?v=yWvPD1NpjTU
2022-07-02,dell g15,dell g15 - youtube,106,Not short,free fire gameplay in dell g15 ryzen 5 5600h gaming 💻 laptop,https://www.youtube.com/watch?v=7PYPTyz_Z0k
2022-07-02,dell g15,dell g15 - youtube,83,Not short,dell g15 rtx 3060 + r7 5800h battlefield 2042 test,https://www.youtube.com/watch?v=ZmUdArCcqEs
2022-07-01,dell g15,dell g15 - youtube,129,Not short,my dell g15 ryzen 5 5600h laptop emulator and all free fire settings,https://www.youtube.com/watch?v=2bj1YxPdYNM
2022-06-30,dell g15 5520,dell g15 5520 - youtube,105290,Not short,"best gaming laptop around 50000, 60000, 70000, 80000, 1 lakh, 1.5 lakh!",https://www.youtube.com/watch?v=CmdvqKIYns4
2022-06-30,dell g15 5520,dell g15 5520 - youtube,2133,Not short,ازاي تركب هارد للاب توب ديل جي 15 upgrade hard ssd laptop dell g15 5520 i7 12700h,https://www.youtube.com/watch?v=Dgp4yqErHH8
2022-06-30,dell g15,dell g15 - youtube,704,Not short,comentários e alguns testes com o notebook dell g15 após 4 meses de uso.,https://www.youtube.com/watch?v=3XZSQdUddsA
2022-06-29,dell g15,dell g15 5520 - youtube,471,short,dell g15 i5 gtx 1650. #g15,https://www.youtube.com/shorts/LXpAl5X4IN4
2022-06-29,dell g15,dell g15 - youtube,981,Not short,comprei o meu primeiro notebok gamer - dell g15,https://www.youtube.com/watch?v=1ADTGOhZJ5k
2022-06-29,dell g15 5511,dell g15 - youtube,1419,Not short,đánh giá chi tiết dell gaming g15 5515 - bánh oreo này ngon phết! | thế giới laptop,https://www.youtube.com/watch?v=Wf0SntDRezc
2022-06-28,dell g15 5520,dell g15 5520 - youtube,461,Not short,dell g15 5520 i7 12thgen 3050ti,https://www.youtube.com/watch?v=snJ_5zuQNPI
2022-06-28,dell g15,dell g15 5520 - youtube,20861,Not short,รีวิว dell g15 เครื่องแรงแถมไม่แพงแบบนี้สิ gg,https://www.youtube.com/watch?v=Kai6O1GaE60
2022-06-27,dell g15 5520,dell g15 5520 - youtube,10457,Not short,dell g15 5520 (2022) - i5 12th gen 12500h rtx 3050 - test in 16 games,https://www.youtube.com/watch?v=3tOpdKNDcIQ
2022-06-26,dell g15 5525,dell g15 5525 - youtube,53,Not short,dell g15 5525 gaming laptop ||  nvidia geforce rtx 3060 || ryzen 7 6800h || 120 hz refresh rate,https://www.youtube.com/watch?v=FULMW1MTcxw
2022-06-26,dell g15 5525,dell g15 5525 - youtube,123,Not short,"dell g15 5525 gaming laptop with amd ryzen 6000h processors, up to 16gb ram launched in india",https://www.youtube.com/watch?v=4UcfSxEsX9w
2022-06-26,dell g15 5520,dell g15 5520 - youtube,2434,Not short,كل ما تريده في لابتوب إحترافي |  dell latitude 5520 (2021) review,https://www.youtube.com/watch?v=DZhAEmLClJQ
2022-06-26,dell g15 5520,dell g15 5520 - youtube,6592,Not short,مفاجاة سارة من شركة انتل الجيل الثاني عشر ومميزات dell g15 5520 i7 12700h  rtx 3050  وعيوبه,https://www.youtube.com/watch?v=HJVaaFXpeHA
2022-06-26,dell g15,dell g15 5520 - youtube,336,Not short,unboxing & review dell gaming laptop g15 for playing roblox!!!,https://www.youtube.com/watch?v=_4SIkoEDi_E
2022-06-26,dell g15 5520,dell g15 5520 - youtube,348,Not short,*amiro ka* dell g15 laptop | dell g15 5520,https://www.youtube.com/watch?v=PMKa6tgJ0II
2022-06-24,dell g15,dell g15 5520 - youtube,9,Not short,dell g15 8gb ram 512gbssd 4gb graphics,https://www.youtube.com/watch?v=tMdDO8BrByc
2022-06-23,dell g15 5511,dell g15 5525 - youtube,862,Not short,dell g15 2022 - ryzen 7 6800h rtx 3060 | worth buying ??,https://www.youtube.com/watch?v=YApSeAbG_P0
2022-06-23,dell g15,dell g15 5520 - youtube,861,short,gta5 game play in new laptop | dell g15 rtx3050 16gb ram #shorts #shortsvideo #gaming,https://www.youtube.com/shorts/fmUiD_ghlXY
2022-06-23,dell g15 5520,dell g15 5520 - youtube,12265,Not short,dell g15 5520 | intel i5 12th gen 12500h rtx 3050 review | dell g15 2022 gaming laptop unboxing,https://www.youtube.com/watch?v=USUolG765-0
2022-06-22,dell g15 5520,dell g15 5520 - youtube,3520,Not short,【fun科技】外星人的身体，地球人的心。戴尔g15 5520上手体验,https://www.youtube.com/watch?v=fcgi3ofmsq0
2022-06-21,dell g15 5525,dell g15 5520 - youtube,93,Not short,"dell g15 5525 gaming laptop with amd ryzen soc, up to 16gb ram launched in india: all details",https://www.youtube.com/watch?v=YZAaNucZYkk
2022-06-21,dell g15,dell g15 5520 - youtube,919,Not short,✅ unboxing laptop gaming dell g5 5520 core i7 16gb ram 512gb ssd nvidia geforce rtx 3060 liverpool,https://www.youtube.com/watch?v=SIAH2FJCCjg
2022-06-20,dell g15,dell g15 5525 - youtube,473,Not short,dell g15 ryzen edition搭載5800h與3060實測分享｜筆電｜amd｜電競｜gaming｜nvidia｜rtx3060｜溫度｜功耗 ｜review,https://www.youtube.com/watch?v=ShPzQKK-5Bk
2022-06-20,dell g15 5520,dell g15 5520 - youtube,14293,Not short,dell g15 5520 (2022) - i7 12700h/rtx 3070 ti - nuclear review,https://www.youtube.com/watch?v=sxTv0716oJs
2022-06-18,dell g15 5511,dell g15 5525 - youtube,629,Not short,dell g15 5515 | a must not buy variant | ryzen cpus,https://www.youtube.com/watch?v=qcvx1jgf3tA
2022-06-18,dell g15,dell g15 5525 - youtube,9101,Not short,problems in new dell g15 gaming laptop with rtx 3050,https://www.youtube.com/watch?v=PoDHccZLUko
2022-06-17,dell g15 5521,dell g15 5521 - youtube,186,Not short,【高い！】m2airかゲーミングノートで悩みませんか？｜dell g15 5521｜m2 macbook air,https://www.youtube.com/watch?v=eVch0ey4oJg
2022-06-14,dell g15 5510,dell g15 5520 - youtube,5336,Not short,dell g15 vs dell g3 - did it changed...?! 🤔⚡️,https://www.youtube.com/watch?v=Fn0RPryUbmQ
2022-06-13,dell g15 5520,dell g15 5520 - youtube,7520,Not short,ชวนคุย nitro 5 / g15 5520 / legion 5i ดูราคา ดีไซน์ ฟีเจอร์ สเปก i7-12700h + rtx 3060 ซื้อรุ่นไหนดี,https://www.youtube.com/watch?v=N9Dy7BaiVxs
2022-06-13,dell g15,dell g15 5520 - youtube,3560,Not short,my new laptop is not just a laptop (dell g15),https://www.youtube.com/watch?v=_BJ9dj86yRA
2022-06-12,dell g15 5515,dell g15 5520 - youtube,2503,Not short,فتح صندوق افضل لابتوب العاب مونتاج دراسة dell g15 5515,https://www.youtube.com/watch?v=n9GVGlLxzXY
2022-06-11,dell g15,dell g15 5520 - youtube,434,Not short,dell g15 laptop ram upgrade,https://www.youtube.com/watch?v=j9vd4XRCQSg
2022-06-11,dell g15,dell g15 5520 - youtube,450,Not short,dell g15 (2022) full overview - not review | best budget gaming laptop | i7-12700h,https://www.youtube.com/watch?v=uoFOww1S2dY
2022-06-10,dell g15 5520,dell g15 5520 - youtube,1556,Not short,unboxing dell g15 5520 -core i7 (12th gen) specially for gaming 🎮 #dell #dellgaming #youtube,https://www.youtube.com/watch?v=SPpzo00OQ8A
2022-06-10,dell g15 5515,dell g15 5520 - youtube,1957,Not short,so sánh hiệu năng laptop dell precision 5530 và dell gaming g15 5515,https://www.youtube.com/watch?v=KPTYVXsLsKc
2022-06-10,dell g15 5511,dell g15 5520 - youtube,16306,Not short,dell g15 5511 unboxing & review | i5-11260h vs i5-11400h dell g15 | rtx3050 best gaming laptop 70000,https://www.youtube.com/watch?v=bWDI_eyJitI
2022-06-09,dell g15 5510,dell g15 5520 - youtube,312,Not short,*best in budget* dell g15 laptop | dell g15 5511,https://www.youtube.com/watch?v=hZd6R0iSo3o
2022-06-08,dell g15 5511,dell g15 5520 - youtube,52,short,dell g15 5511 gaming laptop,https://www.youtube.com/shorts/t1QzsC82au4
2022-06-07,dell g15 5510,dell g15 5520 - youtube,2676,Not short,dell g15 | 👽alienware command center explained,https://www.youtube.com/watch?v=VkPgWUbpvD0
2022-06-06,dell g15,dell g15 5520 - youtube,478,short,dell g15 2022 gaming notebook🔥🔥🔥,https://www.youtube.com/shorts/h_Jfja7baL0
2022-06-04,dell g15 5515,dell g15 5525 - youtube,26079,Not short,dell's best gaming laptop!🔥- dell g15 5515 | ryzen 5 5600h | rtx 3050⚡️,https://www.youtube.com/watch?v=xaigLQsAKQE
2022-06-04,dell g15 5511,dell g15 5520 - youtube,1756,Not short,fix yellow display problem in dell g15 (important!!!),https://www.youtube.com/watch?v=I-n3Q8K1rzg
2022-05-31,dell g15 5511,dell g15 5520 - youtube,4013,Not short,"playing gta 5 in dell g15 gaming laptop | fps, heating | gaming review (in hindi)",https://www.youtube.com/watch?v=qaBkSe0vhRA
2022-05-31,dell g15 5520,dell g15 5520 - youtube,4945,Not short,dell g15 5520 i7 12700h gaming laptop 2022 |  dell g15 5520 unboxing and review in hindi,https://www.youtube.com/watch?v=RLV6FWfrSM0
2022-05-30,dell g15,dell g15 5520 - youtube,623,Not short,"dell g15 [2022 edition] -  intel i5 12500h , rtx 3050 4gb , gaming laptop unboxing",https://www.youtube.com/watch?v=e836C5TDGQ0
2022-05-30,dell g15 5520,dell g15 5520 - youtube,205,Not short,dell g15 (2022) 240hz ⚡refresh rate rtx 3050 ti,https://www.youtube.com/watch?v=6N4XwY1h9u8
2022-05-30,dell g15,dell g15 5520 - youtube,17682,Not short,dell g15 se 5521 レビュー 今買うべきゲーミングノートpcはこれだ！！,https://www.youtube.com/watch?v=bw-OtB2k3g0
2022-05-30,dell g15 5520,dell g15 5520 - youtube,7294,short,brand new dell g15😍,https://www.youtube.com/shorts/jCrFVAoxNJ8
2022-05-28,dell g15 5520,dell g15 5520 - youtube,3923,Not short,"dell 2022 g15 5520 i5 12th gen 12500h rtx 3050, ddr5 16 gb ram, unboxing from non youtuber sorry",https://www.youtube.com/watch?v=0PWFvG9m5eA
2022-05-26,dell g15 5520,dell g15 5520 - youtube,1041,Not short,amazing 2022 dell g15 gaming laptop 👏 intel i5-12500h & rtx 3050 edition | specs | upgrade options,https://www.youtube.com/watch?v=nco-3kw2C4Y
2022-05-25,dell g15 5520,dell g15 5520 - youtube,88,Not short,"dell new g15 5520 gaming laptop,intel i7-12700h, 16gb, 512gb, nvidia rtx 3050 ti (4gb gddr6), 15.6""",https://www.youtube.com/watch?v=0-kW_87Cz-o
2022-05-25,dell g15 5520,dell g15 5520 - youtube,1154,Not short,戴尔g15 5520上手体验：新一代真香机？rtx3060 2k 240hz配置稳扎稳打,https://www.youtube.com/watch?v=hZk04tPQZ5E
2022-05-24,dell g15,dell g15 5525 - youtube,135,Not short,dell g15 perfeito agora o presente momento veja o vídeo,https://www.youtube.com/watch?v=Lmxt3rHy5J0
2022-05-24,dell g15 5520,dell g15 5520 - youtube,9135,Not short,dell g15 5520 has some secrets!,https://www.youtube.com/watch?v=TYcg0Ys9sp0
2022-05-23,dell g15,dell g15 5520 - youtube,5341,Not short,今買うゲーミングノートpcでdell g15 se(5520)はあり？5月30日までのデルのpcセール情報,https://www.youtube.com/watch?v=nj5DzwsU9Xo
2022-05-22,dell g15 5511,dell g15 5521 - youtube,685,Not short,this new dell g15 has everything you want!!!,https://www.youtube.com/watch?v=hXjmhtca8B0
2022-05-21,dell g15,dell g15 5520 - youtube,1741,Not short,แกะกล่องรีวิว dell g15 i7-12700h rtx3060 80tdp iris xe ddr5 gaming laptop w566312600th specter green,https://www.youtube.com/watch?v=GvnpPHt8MQU
2022-05-20,dell g15,dell g15 5520 - youtube,10425,Not short,dell g15 2022 review | best budget gaming laptop? 👀,https://www.youtube.com/watch?v=XSjqQ3FAmLM
2022-05-18,dell g15,dell g15 5520 - youtube,51433,Not short,i̇deal oyuncu ve öğrenci laptopu! dell gaming g15 i̇nceleme,https://www.youtube.com/watch?v=B5makwBekuM
2022-05-18,dell g15 5511,dell g15 5520 - youtube,59,Not short,dell g15 intel 12th gen. i5-12500h laptop,https://www.youtube.com/watch?v=BFCNJHbkf6k
2022-05-17,dell g15 5520,dell g15 5520 - youtube,7116,Not short,dell g15 5520 5521 se 2022 india launch [hindi],https://www.youtube.com/watch?v=RCPuTpzH3YA
2022-05-17,dell g15 5520,dell g15 5520 - youtube,40,Not short,sony playstation plus | vivo x80 pro price | dell g15 5520 gaming laptop | poco c40 listed on bis,https://www.youtube.com/watch?v=_hZQ0iX1Yx8
2022-05-17,dell g15 5520,dell g15 5520 - youtube,846,short,"dell g15 5520, g15 5521 special edition (se) gaming laptops",https://www.youtube.com/shorts/GgUz4fIoBCg
2022-05-16,dell g15 5521,dell g15 5521 - youtube,40,Not short,"range rover sports launched,lenovo thinkcentre neo 50s,dell g15 se (5521) launched #ftfamily #ftqna",https://www.youtube.com/watch?v=fubDxOhjZTA
2022-05-16,dell g15 5520,dell g15 5520 - youtube,723,Not short,"dell g15 5520, g15 5521 special edition (se) gaming laptops, 12th gen intel core processors launched",https://www.youtube.com/watch?v=HHW8fpF0KR8
2022-05-16,dell g15,dell g15 5520 - youtube,55,short,dell gaming g15 service 5515 model #shorts#laptop #dell #video #gaming #letsplay,https://www.youtube.com/shorts/a8R6vK2zZqc
2022-05-16,dell g15 5520,dell g15 5520 - youtube,1949,Not short,acer nitro 5 2022 is better than dell g15! - best gaming laptop under 90k,https://www.youtube.com/watch?v=JhblSKf6AqU
2022-05-16,dell g15 5520,dell g15 5520 - youtube,128,Not short,dell g series launch in india: what's makes it special?,https://www.youtube.com/watch?v=Kdior2-ygUU
2022-05-15,dell g15,dell g15 5520 - youtube,929,Not short,acer nitro 5 vs dell g15 2022 | intel i5 12500h rtx 3050 | best under 90000 🔥,https://www.youtube.com/watch?v=OvzZpgMZi-s
2022-05-14,dell g15 5521,dell g15 5521 - youtube,11714,Not short,speed up your dell g15 5521 / 5520 - ssd upgrade guide,https://www.youtube.com/watch?v=o-Z9JV4f4K0
2022-05-14,dell g15 5520,dell g15 5520 - youtube,8608,Not short,dell g15 5520 intel i5-12500h rtx3050 vs intel i5-11400h rtx3060 asus f15 | best gaming laptop 90000,https://www.youtube.com/watch?v=W_GUutlp88s
2022-05-14,dell g15 5520,dell g15 5520 - youtube,90,Not short,razer blade 15 advanced model 2021 vs dell g15 2022,https://www.youtube.com/watch?v=aG8gBy0PIJw
2022-05-08,dell g15 5511,dell g16 - youtube,27334,Not short,dell g 15 gaming laptop unboxing| rtx 3050| powerful machine,https://www.youtube.com/watch?v=iRnF0cfvhc4
2022-05-07,dell g15,dell g15 5521 - youtube,77285,Not short,dell g15 se 2022 review - finally a well priced 12th gen gaming laptop,https://www.youtube.com/watch?v=Ej_mgN25a_I
2022-05-06,dell g15 5515,dell g15 5525 - youtube,9115,short,special edition dell g15 5515 ryzen 7 5800h rtx 3060 165hz gaming laptop preview,https://www.youtube.com/shorts/gq9qw38jbz4
2022-05-05,dell g15,dell g15 5521 - youtube,1242,Not short,【業界最安！】こういうのが欲しかった！！dell g15 ryzen editionレビュー【格安・高性能】,https://www.youtube.com/watch?v=8aB9HkJgnAw
2022-05-02,dell g15 5511,dell g15 5521 - youtube,393,Not short,5 grandes motivos  para comprar o dell g15 .,https://www.youtube.com/watch?v=uMXNq3UZRSw
2022-05-01,dell g15 5521,dell g15 5521 - youtube,3621,Not short,"dell g15 5521 (2022) special edition, unboxing, impresiones y opinion",https://www.youtube.com/watch?v=r3YY4pl7he8
2022-04-29,dell g15,dell g15 5525 - youtube,21851,Not short,"ซื้อตัวไหนดี dell g15 vs asus tuf dash f15 จับมา battle!! ในงบ 36,990 บาท",https://www.youtube.com/watch?v=xzxMmd-c9jE
2022-04-27,dell g15,dell g15 5521 - youtube,12482,Not short,dell g15 2022 review: 3 big problems | biba laptops,https://www.youtube.com/watch?v=SyZUCociUr4
2022-04-26,dell g15 5525,dell g15 5525 - youtube,2372,Not short,"dell g15 5525 / alienware m15 r7 ปี 2022 สเปก amd ryzen 6000h + geforce rtx 30 เริ่ม 3x,xxx บาท",https://www.youtube.com/watch?v=7G3amnH-4u4
2022-04-25,dell g15 5520,dell g15 5521 - youtube,6216,Not short,worth buying? dell g15 5520 laptop launched in india rtx 3050 3050ti rtx 3060,https://www.youtube.com/watch?v=eYTjNpDFeio
2022-04-24,dell g15 5525,dell g15 5525 - youtube,957,Not short,"dell g15 5525 (2022) - with ryzen 6000, rtx 3070 ti, 120hz and windows 11 !!",https://www.youtube.com/watch?v=mSWk2CzV6M0
2022-04-23,dell g15,dell g15 5525 - youtube,8083,Not short,the most affordable gaming laptop | dell g15 unboxing + setup + review | gameplay included,https://www.youtube.com/watch?v=060LfVoM67Q
2022-04-23,dell g15 5520,dell g15 5521 - youtube,2365,Not short,asus tuf dash f15 2022 vs dell g15 2022,https://www.youtube.com/watch?v=Gx5wkPJf8Fo
2022-04-22,dell g15,dell g16 - youtube,11342,Not short,acer nitro 5 vs dell g15 qual o melhor notebook custo benefício com teste em jogos,https://www.youtube.com/watch?v=nz-UgH7IRK4
2022-04-22,dell g15 5520,dell g15 5521 - youtube,8940,Not short,new dell g15 5520 laptop launched - intel i5-12500h & rtx3050 - india price | i5-12500h vs 6800h,https://www.youtube.com/watch?v=Gxs6M2b1R-k
2022-04-17,dell g15,dell g15 5521 - youtube,1377,Not short,dell g15 gaming laptop review rtx 3060,https://www.youtube.com/watch?v=AjBmZWydExo
2022-04-13,dell g15 5520,dell g15 5521 - youtube,15787,Not short,dell g15 5520 - core i7/rtx 3070 ti - unboxing & first impressions,https://www.youtube.com/watch?v=T3zSpCDVnYU
2022-04-09,dell g15,dell g15 5521 - youtube,942,Not short,rtx 3070 ti | dell g15 gaming laptop (2022) | gta 5 | 1440p benchmarks,https://www.youtube.com/watch?v=LVf8Togaw_8
2022-04-08,dell g15 5515,dell g15 5525 - youtube,19009,Not short,dell g15 (5515) review en español 😱 laptop para gamers y productividad,https://www.youtube.com/watch?v=LxkmG5Z4CB4
2022-04-05,dell g15 5521,dell g15 5521 - youtube,6419,Not short,인텔 12세대 게이밍 노트북 델 g15 5521 출시 사전예약 12700h / rtx3060 / rtx3070ti,https://www.youtube.com/watch?v=GQLvLqaRW1Y
2022-04-01,dell g15,dell g15 5521 - youtube,1532,Not short,"new 델 dell 2022 게이밍 노트북 g15 🚀 인텔 i7-12700h/ ddr5 16g/ 1tb/ rtx 3060, 3070ti",https://www.youtube.com/watch?v=wXMsk-6D5gY
2022-03-31,dell g15,dell g15 5521 - youtube,2668,Not short,dell g15 ryzen edition || unboxing and setup in shop.,https://www.youtube.com/watch?v=zqv91ES94gI
2022-03-29,dell g15,dell g16 - youtube,65697,Not short,esse é o notebook gamer mais procurado agora! // dell g15 rtx3060,https://www.youtube.com/watch?v=FvvzYZHr8ag
2022-03-28,dell g15,dell g15 5525 - youtube,1762,Not short,rtx 3070 ti | dell g15 gaming laptop (2022) | doom eternal | 1080p benchmarks,https://www.youtube.com/watch?v=5rwBiIXeeis
2022-03-25,dell g15 5520,dell g15 5521 - youtube,4765,Not short,【コスパ最強！】intel第12世代 core i7-12700h／dell g15 5520 gaming laptop【開封】,https://www.youtube.com/watch?v=8ma-wKZb8Hs
2022-03-25,dell g15 5520,dell g15 5521 - youtube,4560,Not short,dell g15 5520 missing 2nd ssd slot inside (conclusion),https://www.youtube.com/watch?v=7Gyb5ZLtN14
2022-03-25,dell g15 5520,dell g15 5521 - youtube,6093,Not short,dell g15 5520 12700 - no 2nd ssd slot! (read description),https://www.youtube.com/watch?v=su1kXkN9vUc
2022-03-14,dell g15,dell g15 5521 - youtube,5502,Not short,性能感人，12代酷睿dell游匣g15游戏笔记本 2022款开箱dell g15 gaming laptop unboxing,https://www.youtube.com/watch?v=PPdq87e5Ayg
