﻿counter,post date,model,source,views,video type,title,link
1,2022-08-06,dell g15 5521,dell g15 5521 - youtube,6,Not short,dell g15 5521 12900h 1070 ti 8 gb,https://www.youtube.com/watch?v=JofVeDv0Z2U
2,2022-08-05,dell g16 7620,dell g15 5521 - youtube,491,Not short,"dell g16 7620 is a 16 inch tank of a gaming laptop, but there’s two problems…",https://www.youtube.com/watch?v=OBa-wRVufwM
3,2022-08-05,dell g15 5520,dell g15 5520 - youtube,24,Not short,dell g15 5520 vs predator helios 300| battle of the mid gaming laptops,https://www.youtube.com/watch?v=PGkfOscfaZU
4,2022-08-03,dell g15 5520,dell g15 - youtube,211,short,dell g15 | dell g15 gaming laptop | dell laptop  | best gaming laptop 2022 #computech #dellgaming,https://www.youtube.com/shorts/BHAOqD5pm_s
5,2022-08-02,dell g15 5520,dell g15 5520 - youtube,92390,Not short,dell g15 special edition: the gaming laptop for masses?,https://www.youtube.com/watch?v=v-eFEg0D_Yc
6,2022-07-28,dell g15 5520,dell g15 5520 - youtube,118,Not short,dell g15 5520 vs acer nitro 5 an515 58! full compare!,https://www.youtube.com/watch?v=swRFYAbB25Y
7,2022-07-26,dell g15 5520,dell g15 - youtube,253,Not short,dell g15 5515⚡⚡ new launched ryzen 5600h rtx 3050 unboxing & review 🔥,https://www.youtube.com/watch?v=g-zkO5odYcg
8,2022-07-24,dell g15 5520,dell g15 5520 - youtube,4801,Not short,dell g15 5520 | intel i7 12th gen 12700h rtx 3050ti review | dell g15 2022 gaming laptop review,https://www.youtube.com/watch?v=bfGAec7hpoQ
9,2022-07-22,dell g15 5520,dell g15 5520 - youtube,1684,Not short,"2022 dell g15 5520 gaming laptop review! 😱 intel i7-12700h + rtx 3060 🔥 gaming test, memory upgrade",https://www.youtube.com/watch?v=nR59ZjYnKes
10,2022-07-21,dell g16 7620,dell g16 7620 - youtube,1844,Not short,dell g16 gaming laptop first look and specs: beast at budget?,https://www.youtube.com/watch?v=HKbWvateGK8
11,2022-07-20,dell g15 5520,dell g15 5520 - youtube,985,Not short,dell g15 (2022) i5-12500h | rtx 3050 | 12 games tested,https://www.youtube.com/watch?v=b8_dZKxsS6E
12,2022-07-20,dell g15 5520,dell g15 - youtube,6413,Not short,dell g15 [2022] i5 12th gen rtx 3050 | review and unboxing,https://www.youtube.com/watch?v=noFnXCIAjwY
13,2022-07-19,dell g15 5520,dell g15 5520 - youtube,778,Not short,dell g15 rtx 3050 i5-12500h - laptop gaming por menos de 1000$,https://www.youtube.com/watch?v=OoZWv4Quj4k
14,2022-07-16,dell g15 5520,dell g15 5520 - youtube,2145,Not short,"review of the dell g15 5520 12th gen i7 12700h, rtx 3060 laptop",https://www.youtube.com/watch?v=HqeCA6CdLlA
15,2022-07-11,dell g15 5520,dell g15 5520 - youtube,189,Not short,"dell g15 5520  gaming laptop unboxing and review - i7 12 gen, 4 gb graphic, 16 gb ram",https://www.youtube.com/watch?v=3Mj6IO9dib8
16,2022-07-10,dell g15 5521,dell g15 5521 - youtube,32,Not short,dell g15 5521 se laptop gameplay | halo infinite gameplay 2022  intel 12700h best gaming laptop 2022,https://www.youtube.com/watch?v=th5HCX8x5LE
17,2022-07-10,dell g15 5521,dell g15 5520 - youtube,47,Not short,dell g15 5521 se laptop gameplay | asphalt 9 gameplay 2022 | intel 12700h laptop  best gaming laptop,https://www.youtube.com/watch?v=aEoID7sAtfM
18,2022-07-09,dell g15 5521,dell g15 5520 - youtube,86,Not short,dell g15 5521 se laptop gameplay | forza horizon 5 gameplay 2022 | intel 12700h laptop | rtx 3060,https://www.youtube.com/watch?v=8Zqfapaxct0
19,2022-07-09,dell g15 5521,dell g15 5520 - youtube,624,Not short,dell g15 5521 special edition laptop 2022 |  intel 12700h laptop | rtx 3060 graphics gaming laptop,https://www.youtube.com/watch?v=YZDa7AyhaR8
20,2022-07-09,dell g15 5520,dell g15 5520 - youtube,359,Not short,dell g15 5520 | logitech g402 mouse | logitech g213  keyboard unboxing | oye nadiadi | deep rajput,https://www.youtube.com/watch?v=LC5be9Hv3i0
21,2022-07-08,dell g15 5520,dell g15 5520 - youtube,25,Not short,โน้ตบุ๊กเกมมิ่งยานแม่ dell g15 5520 gaming,https://www.youtube.com/watch?v=OWUBNZgyGFY
22,2022-07-07,dell g16 7620,dell g16 7620 - youtube,941,Not short,dell inspiron 16 plus 7620 internals,https://www.youtube.com/watch?v=7en4L4grA9I
23,2022-07-07,dell g15 5520,dell g15 5520 - youtube,8479,Not short,รีวิว dell g15 5520 สเปก i7-12700h + rtx 3060 + จอ 165hz srgb 100% จบครบทุกความต้องการ ดีไซน์เฉียบ,https://www.youtube.com/watch?v=q3s6eNj5JnA
24,2022-07-06,dell g15 5520,dell g15 5520 - youtube,548,short,dell g15 5520 || i7 12th gen || rtx 3050ti 95w.,https://www.youtube.com/shorts/12lMr77vRp4
25,2022-07-06,dell g15 5520,dell g15 5520 - youtube,466,Not short,*dekho vo aa gya* dell g15 laptop | dell g15 5521 se,https://www.youtube.com/watch?v=IJUJYsjf33s
26,2022-07-05,dell g15 5520,dell g15 5520 - youtube,9222,Not short,dell g15 gaming 2022 🔥 intel i5 12500h + rtx 3050  full review ⚡ best gaming laptop under 90000 😍,https://www.youtube.com/watch?v=GhIpxr6WBPo
27,2022-07-02,dell g15 5521,dell g15 5521 - youtube,306,Not short,dell g15 5521 se ssd upgrade,https://www.youtube.com/watch?v=5BnAbvHnXR0
28,2022-07-02,dell g15 5520,dell g15 5520 - youtube,425,Not short,【pcデスク周り】 メインpcを買い換えました！｜dell,https://www.youtube.com/watch?v=yWvPD1NpjTU
29,2022-06-30,dell g15 5520,dell g15 5520 - youtube,105290,Not short,"best gaming laptop around 50000, 60000, 70000, 80000, 1 lakh, 1.5 lakh!",https://www.youtube.com/watch?v=CmdvqKIYns4
30,2022-06-30,dell g15 5520,dell g15 5520 - youtube,2133,Not short,ازاي تركب هارد للاب توب ديل جي 15 upgrade hard ssd laptop dell g15 5520 i7 12700h,https://www.youtube.com/watch?v=Dgp4yqErHH8
31,2022-06-28,dell g15 5520,dell g15 5520 - youtube,461,Not short,dell g15 5520 i7 12thgen 3050ti,https://www.youtube.com/watch?v=snJ_5zuQNPI
32,2022-06-27,dell g15 5520,dell g15 5520 - youtube,10457,Not short,dell g15 5520 (2022) - i5 12th gen 12500h rtx 3050 - test in 16 games,https://www.youtube.com/watch?v=3tOpdKNDcIQ
33,2022-06-26,dell g15 5525,dell g15 5525 - youtube,53,Not short,dell g15 5525 gaming laptop ||  nvidia geforce rtx 3060 || ryzen 7 6800h || 120 hz refresh rate,https://www.youtube.com/watch?v=FULMW1MTcxw
34,2022-06-26,dell g15 5525,dell g15 5525 - youtube,123,Not short,"dell g15 5525 gaming laptop with amd ryzen 6000h processors, up to 16gb ram launched in india",https://www.youtube.com/watch?v=4UcfSxEsX9w
35,2022-06-26,dell g15 5520,dell g15 5520 - youtube,2434,Not short,كل ما تريده في لابتوب إحترافي |  dell latitude 5520 (2021) review,https://www.youtube.com/watch?v=DZhAEmLClJQ
36,2022-06-26,dell g15 5520,dell g15 5520 - youtube,6592,Not short,مفاجاة سارة من شركة انتل الجيل الثاني عشر ومميزات dell g15 5520 i7 12700h  rtx 3050  وعيوبه,https://www.youtube.com/watch?v=HJVaaFXpeHA
37,2022-06-26,dell g15 5520,dell g15 5520 - youtube,348,Not short,*amiro ka* dell g15 laptop | dell g15 5520,https://www.youtube.com/watch?v=PMKa6tgJ0II
38,2022-06-23,dell g15 5520,dell g15 5520 - youtube,12265,Not short,dell g15 5520 | intel i5 12th gen 12500h rtx 3050 review | dell g15 2022 gaming laptop unboxing,https://www.youtube.com/watch?v=USUolG765-0
39,2022-06-22,dell g15 5520,dell g15 5520 - youtube,3520,Not short,【fun科技】外星人的身体，地球人的心。戴尔g15 5520上手体验,https://www.youtube.com/watch?v=fcgi3ofmsq0
40,2022-06-21,dell g15 5525,dell g15 5520 - youtube,93,Not short,"dell g15 5525 gaming laptop with amd ryzen soc, up to 16gb ram launched in india: all details",https://www.youtube.com/watch?v=YZAaNucZYkk
41,2022-06-20,dell g15 5520,dell g15 5520 - youtube,14293,Not short,dell g15 5520 (2022) - i7 12700h/rtx 3070 ti - nuclear review,https://www.youtube.com/watch?v=sxTv0716oJs
42,2022-06-17,dell g15 5521,dell g15 5521 - youtube,186,Not short,【高い！】m2airかゲーミングノートで悩みませんか？｜dell g15 5521｜m2 macbook air,https://www.youtube.com/watch?v=eVch0ey4oJg
43,2022-06-13,dell g15 5520,dell g15 5520 - youtube,7520,Not short,ชวนคุย nitro 5 / g15 5520 / legion 5i ดูราคา ดีไซน์ ฟีเจอร์ สเปก i7-12700h + rtx 3060 ซื้อรุ่นไหนดี,https://www.youtube.com/watch?v=N9Dy7BaiVxs
44,2022-06-10,dell g15 5520,dell g15 5520 - youtube,1556,Not short,unboxing dell g15 5520 -core i7 (12th gen) specially for gaming 🎮 #dell #dellgaming #youtube,https://www.youtube.com/watch?v=SPpzo00OQ8A
45,2022-05-31,dell g15 5520,dell g15 5520 - youtube,4945,Not short,dell g15 5520 i7 12700h gaming laptop 2022 |  dell g15 5520 unboxing and review in hindi,https://www.youtube.com/watch?v=RLV6FWfrSM0
46,2022-05-30,dell g15 5520,dell g15 5520 - youtube,205,Not short,dell g15 (2022) 240hz ⚡refresh rate rtx 3050 ti,https://www.youtube.com/watch?v=6N4XwY1h9u8
47,2022-05-30,dell g15 5520,dell g15 5520 - youtube,7294,short,brand new dell g15😍,https://www.youtube.com/shorts/jCrFVAoxNJ8
48,2022-05-28,dell g15 5520,dell g15 5520 - youtube,3923,Not short,"dell 2022 g15 5520 i5 12th gen 12500h rtx 3050, ddr5 16 gb ram, unboxing from non youtuber sorry",https://www.youtube.com/watch?v=0PWFvG9m5eA
49,2022-05-26,dell g15 5520,dell g15 5520 - youtube,1041,Not short,amazing 2022 dell g15 gaming laptop 👏 intel i5-12500h & rtx 3050 edition | specs | upgrade options,https://www.youtube.com/watch?v=nco-3kw2C4Y
50,2022-05-25,dell g15 5520,dell g15 5520 - youtube,88,Not short,"dell new g15 5520 gaming laptop,intel i7-12700h, 16gb, 512gb, nvidia rtx 3050 ti (4gb gddr6), 15.6""",https://www.youtube.com/watch?v=0-kW_87Cz-o
51,2022-05-25,dell g15 5520,dell g15 5520 - youtube,1154,Not short,戴尔g15 5520上手体验：新一代真香机？rtx3060 2k 240hz配置稳扎稳打,https://www.youtube.com/watch?v=hZk04tPQZ5E
52,2022-05-24,dell g15 5520,dell g15 5520 - youtube,9135,Not short,dell g15 5520 has some secrets!,https://www.youtube.com/watch?v=TYcg0Ys9sp0
53,2022-05-17,dell g15 5520,dell g15 5520 - youtube,7116,Not short,dell g15 5520 5521 se 2022 india launch [hindi],https://www.youtube.com/watch?v=RCPuTpzH3YA
54,2022-05-17,dell g15 5520,dell g15 5520 - youtube,40,Not short,sony playstation plus | vivo x80 pro price | dell g15 5520 gaming laptop | poco c40 listed on bis,https://www.youtube.com/watch?v=_hZQ0iX1Yx8
55,2022-05-17,dell g15 5520,dell g15 5520 - youtube,846,short,"dell g15 5520, g15 5521 special edition (se) gaming laptops",https://www.youtube.com/shorts/GgUz4fIoBCg
56,2022-05-16,dell g15 5521,dell g15 5521 - youtube,40,Not short,"range rover sports launched,lenovo thinkcentre neo 50s,dell g15 se (5521) launched #ftfamily #ftqna",https://www.youtube.com/watch?v=fubDxOhjZTA
57,2022-05-16,dell g15 5520,dell g15 5520 - youtube,723,Not short,"dell g15 5520, g15 5521 special edition (se) gaming laptops, 12th gen intel core processors launched",https://www.youtube.com/watch?v=HHW8fpF0KR8
58,2022-05-16,dell g15 5520,dell g15 5520 - youtube,1949,Not short,acer nitro 5 2022 is better than dell g15! - best gaming laptop under 90k,https://www.youtube.com/watch?v=JhblSKf6AqU
59,2022-05-16,dell g15 5520,dell g15 5520 - youtube,128,Not short,dell g series launch in india: what's makes it special?,https://www.youtube.com/watch?v=Kdior2-ygUU
60,2022-05-14,dell g15 5521,dell g15 5521 - youtube,11714,Not short,speed up your dell g15 5521 / 5520 - ssd upgrade guide,https://www.youtube.com/watch?v=o-Z9JV4f4K0
61,2022-05-14,dell g15 5520,dell g15 5520 - youtube,8608,Not short,dell g15 5520 intel i5-12500h rtx3050 vs intel i5-11400h rtx3060 asus f15 | best gaming laptop 90000,https://www.youtube.com/watch?v=W_GUutlp88s
62,2022-05-14,dell g15 5520,dell g15 5520 - youtube,90,Not short,razer blade 15 advanced model 2021 vs dell g15 2022,https://www.youtube.com/watch?v=aG8gBy0PIJw
63,2022-05-01,dell g15 5521,dell g15 5521 - youtube,3621,Not short,"dell g15 5521 (2022) special edition, unboxing, impresiones y opinion",https://www.youtube.com/watch?v=r3YY4pl7he8
64,2022-04-26,dell g15 5525,dell g15 5525 - youtube,2372,Not short,"dell g15 5525 / alienware m15 r7 ปี 2022 สเปก amd ryzen 6000h + geforce rtx 30 เริ่ม 3x,xxx บาท",https://www.youtube.com/watch?v=7G3amnH-4u4
65,2022-04-25,dell g15 5520,dell g15 5521 - youtube,6216,Not short,worth buying? dell g15 5520 laptop launched in india rtx 3050 3050ti rtx 3060,https://www.youtube.com/watch?v=eYTjNpDFeio
66,2022-04-24,dell g15 5525,dell g15 5525 - youtube,957,Not short,"dell g15 5525 (2022) - with ryzen 6000, rtx 3070 ti, 120hz and windows 11 !!",https://www.youtube.com/watch?v=mSWk2CzV6M0
67,2022-04-23,dell g15 5520,dell g15 5521 - youtube,2365,Not short,asus tuf dash f15 2022 vs dell g15 2022,https://www.youtube.com/watch?v=Gx5wkPJf8Fo
68,2022-04-22,dell g15 5520,dell g15 5521 - youtube,8940,Not short,new dell g15 5520 laptop launched - intel i5-12500h & rtx3050 - india price | i5-12500h vs 6800h,https://www.youtube.com/watch?v=Gxs6M2b1R-k
69,2022-04-16,dell g15 5520,dell g15 5520 - youtube,4,Not short,m.2 2280 ssd thermal pad kit replacement for dell g15 5520 5510 5511 5515 bracket shield 29gt review,https://www.youtube.com/watch?v=9lpdRor4SCE
70,2022-04-13,dell g15 5520,dell g15 5521 - youtube,15787,Not short,dell g15 5520 - core i7/rtx 3070 ti - unboxing & first impressions,https://www.youtube.com/watch?v=T3zSpCDVnYU
71,2022-04-07,dell g15 5520,dell g15 5520 - youtube,461,Not short,dell g15 5520 vs tuf dash f15 2022! part 2 comparison,https://www.youtube.com/watch?v=Z0RhXRZnxqs
72,2022-04-05,dell g15 5521,dell g15 5521 - youtube,6419,Not short,인텔 12세대 게이밍 노트북 델 g15 5521 출시 사전예약 12700h / rtx3060 / rtx3070ti,https://www.youtube.com/watch?v=GQLvLqaRW1Y
73,2022-03-27,dell g15 5520,dell g15 5520 - youtube,5031,Not short,بررسی لپتاپ گیمینگ دل جی ۱۵ با پردازنده نسل ۱۲ اینتل | dell g15 5520 (2022) review,https://www.youtube.com/watch?v=nv9OX30j-Wg
74,2022-03-25,dell g15 5520,dell g15 5521 - youtube,4765,Not short,【コスパ最強！】intel第12世代 core i7-12700h／dell g15 5520 gaming laptop【開封】,https://www.youtube.com/watch?v=8ma-wKZb8Hs
75,2022-03-25,dell g15 5520,dell g15 5521 - youtube,4560,Not short,dell g15 5520 missing 2nd ssd slot inside (conclusion),https://www.youtube.com/watch?v=7Gyb5ZLtN14
76,2022-03-25,dell g15 5520,dell g15 5521 - youtube,6093,Not short,dell g15 5520 12700 - no 2nd ssd slot! (read description),https://www.youtube.com/watch?v=su1kXkN9vUc
77,2022-03-19,dell g15 5520,dell g15 5520 - youtube,141,Not short,forza horizon 5 | 1920x1080 | 120 hz | high | rtx on | dell g15 5520 | i7 12500h | rtx 3050m-ti,https://www.youtube.com/watch?v=tkm7TtK-nr0
78,2022-03-17,dell g15 5520,dell g15 5520 - youtube,34,Not short,shadow of the tomb raider | 1920x1080 | dell g15 5520 | i7 12500h | rtx 3050m-ti,https://www.youtube.com/watch?v=kKJBKo8-sd4
79,2022-03-17,dell g15 5520,dell g15 5520 - youtube,64,Not short,shadow of the tomb raider | 3840x2160 | dell g15 5520 | i7 12500h | rtx 3050m-ti,https://www.youtube.com/watch?v=eKb8TgksFKE
80,2022-03-17,dell g15 5520,dell g15 5520 - youtube,24,Not short,shadow of the tomb raider | 2560x1440 | dell g15 5520 | i7 12500h | rtx 3050m-ti,https://www.youtube.com/watch?v=qtdedInrCJA
81,2022-03-16,dell g15 5520,dell g15 5520 - youtube,60,Not short,3dmark wildlife extreme | 3840x2160 | dell g15 5520 | i7 12500h | rtx 3050m-ti,https://www.youtube.com/watch?v=9bwvUXCk_0U
82,2022-03-16,dell g15 5520,dell g15 5520 - youtube,57,Not short,blender 3.1 | 3840x2160 | dell g15 5520 | i7 12500h | rtx 3050m-ti,https://www.youtube.com/watch?v=MDjSquewjCg
83,2022-03-15,dell g15 5520,dell g15 5520 - youtube,86,Not short,cinebench r23 | 3840x2160 | dell g15 5520 | i7 12500h | rtx 3050m-ti,https://www.youtube.com/watch?v=fyopHsghPsU
84,2022-03-15,dell g15 5520,dell g15 5520 - youtube,43,Not short,geekbench 5.4.4 | 3840x2160 | dell g15 5520 | i7 12500h | rtx 3050m-ti,https://www.youtube.com/watch?v=O778Lrz6OdA
85,2022-03-15,dell g15 5520,dell g15 5520 - youtube,92,Not short,speedometer 2.0 | google chrome 99.0.4844.51 | 3840x2160 | dell g15 5520 | i7 12500h | rtx 3050m-ti,https://www.youtube.com/watch?v=7iKzjj9UbuY
