﻿counter,post date,model,source,views,video type,title,link
1,6/7/2022,vostro 5620,vostro 5620 - youtube,26,Not short,best laptop 2022 | dell vostro 5620 #shorts,https://www.youtube.com/shorts/14q9VbIS1wU
2,6/3/2022,vostro 5620,vostro 5620 - youtube,697,Not short,asus vivobook s15 oled vs hp pavilion 15 vs dell vostro 5620 | which is better ? | intel i5 12th gen,https://www.youtube.com/watch?v=JSq82d0ZjfI
3,5/31/2022,vostro 5620,vostro 5620 - youtube,704,Not short,review laptop dell vostro 16 5620 70282719 core i5-1240p ram 16gb ssd 512gb 16 inch full hd+ mới ra,https://www.youtube.com/watch?v=3qlNX1lvPaE
4,5/26/2022,vostro 3525,vostro 3525 - youtube,89,Not short,dell vostro 3525 - disassembly and fan cleaning - laptop repair,https://www.youtube.com/watch?v=yUwuErJnMjE
5,5/19/2022,vostro 5620,vostro 5620 - youtube,1289,Not short,dell vostro 5620 vs hp pavilion 15 | which is better ? | dell vostro 5620 | hp pavilion 15 eg2009tu,https://www.youtube.com/watch?v=eS2N06LtIZc
6,5/19/2022,vostro 5620,vostro 5620 - youtube,3711,Not short,10 best laptops with 12th gen. intel core i5/i7 processor 🔥🔥 best intel 12th gen budget laptops 2022,https://www.youtube.com/watch?v=CsEjs0MzayI
7,5/5/2022,vostro 5620,vostro 5620 - youtube,4309,Not short,dell vostro 5625 vs dell vostro 5620 | performance and battery tested,https://www.youtube.com/watch?v=MD0po3UJyGM
8,5/2/2022,vostro 5620,vostro 5620 - youtube,14768,Not short,dell vostro 5620 review in telugu || dell i5 12th gen laptop,https://www.youtube.com/watch?v=UUXAF3MdICA
9,5/1/2022,vostro 5620,vostro 5620 - youtube,10318,Not short,dell vostro 5620 new launched 12th gen intel core i5 | 1240p,https://www.youtube.com/watch?v=341lzzPQFF0
10,4/30/2022,vostro 5620,vostro 5620 - youtube,341,Not short,12th gen dell vostro 5620 with 16inch fhd display || specifications || #12thgen #ddr5 #newlaptop,https://www.youtube.com/watch?v=4NfCK1KvpaE
11,4/26/2022,vostro 5620,vostro 5620 - youtube,38773,Not short,dell vostro 5620 new launched 12th gen intel core i5 exclusive unboxing & first impressions⚡,https://www.youtube.com/watch?v=32jx2_LJRgU
12,4/26/2022,vostro 5620,vostro 5620 - youtube,46020,Not short,dell 12th gen laptop 🔥dell vostro 5620 unboxing 2022,https://www.youtube.com/watch?v=k51xFezEJrQ
13,4/15/2022,vostro 5620,vostro 5620 - youtube,4919,Not short,dell vostro 16 5625 - unboxing & review,https://www.youtube.com/watch?v=fy-Oz7jfiDE
14,4/3/2022,vostro 5620,vostro 5620 - youtube,9724,Not short,intel 12th gen powered dell vostro 5620 complete overview with benchmark | dell vostro 5620 review,https://www.youtube.com/watch?v=0P-qDE3p70E
15,3/23/2022,vostro 3420,vostro 3420 - youtube,691,Not short,"dell vostro 3420 14"" business laptop launched | charging time 80% in 1 hour | all spec, features",https://www.youtube.com/watch?v=UUgtGRrk8ek
