﻿counter,post date,model,source,views,video type,title,link
1,4/17/2022,inspiron 16 5620,inspiron 16 - youtube,319,Not short,"dell inspiron 16 5620/5625 repair guide - battery, dc jack and fan replacement, heatsink cleaning",https://www.youtube.com/watch?v=vrcbDeza7Bc
2,4/16/2022,inspiron 15 3520,inspiron 15 3520 - youtube,2,Not short,gintai power switch on/off button board replacement for dell inspiron 15 3520 n5040 n5050 m50 review,https://www.youtube.com/watch?v=XlGJlHMtO1Y
3,4/16/2022,inspiron 15 3521,inspiron 15 - youtube,0,Not short,todiys power button switch board for dell inspiron 15 3521 3531 3537 p28f 15r 5521 5537 i15rm review,https://www.youtube.com/watch?v=1Q5AjaKpR5o
4,4/15/2022,inspiron 16 5620,inspiron 16 - youtube,579,Not short,"dell inspiron 16 5620/5625 - ram, ssd and wifi upgrade guide",https://www.youtube.com/watch?v=iGxaPn9qedI
5,4/13/2022,inspiron 16 5620,inspiron 15 - youtube,4051,Not short,dell inspiron 16 5620 review - 5000-series gets intel 12th gen core i5-1235u and 16:10 screen,https://www.youtube.com/watch?v=Ng2sH__uGk8
