﻿counter,post date,model,source,views,video type,title,link
1,2022-08-07,vostro 5620,vostro 5620 - youtube,52,Not short,dell vostro 5620 d552272win9se laptop 2022 | 12th gen core i5 1240p + 16 inch display + windows 11,https://www.youtube.com/watch?v=3ipTkkJuUrc
2,2022-08-07,vostro 5620,vostro 5620 - youtube,126,Not short,𝐃𝐞𝐥𝐥 𝐕𝐨𝐬𝐭𝐫𝐨 𝟓𝟔𝟐𝟎 𝐈𝟓 𝟏𝟐𝟒𝟎𝐏  - a complete package for at least *𝟓 𝐘𝐄𝐀𝐑𝐒*,https://www.youtube.com/watch?v=L2n0GoffDEI
3,2022-08-06,vostro 5620,vostro 5620 - youtube,48,Not short,new ⚡⚡ dell inspiron 16 5620  intel core i5-1240p laptop unboxing and review 2022 #dellinspiron,https://www.youtube.com/watch?v=VVB4xfeBLD8
4,2022-08-06,vostro 3420,vostro 3420 - youtube,12,Not short,"dell vostro 3420 || 8gb ddr4 & 512gb ssd, win 11 laptop 2022",https://www.youtube.com/watch?v=R2wYl4tYn6k
5,2022-08-05,vostro 3525,vostro 3525 - youtube,89,Not short,🔬 [ревю] dell vostro 3525 - 120hz дисплей на бизнес лаптоп?,https://www.youtube.com/watch?v=mtUbw71-D_s
6,2022-08-02,vostro 5620,vostro 5620 - youtube,282,Not short,dell vostro 16 5625 vs hp pavilion 14-ec1019au comparison | which is best laptop under 60000 inr ?,https://www.youtube.com/watch?v=Ey4gmczkZWQ
7,2022-08-02,vostro 5620,vostro 5620 - youtube,4783,Not short,dell vostro 16 5620 | 12th gen intel core i5-1240p laptop unboxing and review 2022,https://www.youtube.com/watch?v=IeoSNJroeCY
8,2022-07-31,vostro 3420,vostro 3420 - youtube,17,Not short,dell vostro 3420 d552299win9be intel i3 8gb & 256gb ssd win 11 mso'21 14 fhd laptop under 40000 2022,https://www.youtube.com/watch?v=8V4nobFGcI4
9,2022-07-30,vostro 5620,vostro 5620 - youtube,1598,Not short,dell vostro 16 5620 with intel core i5-1240p processor - dell laptop under 70000,https://www.youtube.com/watch?v=fFldh9wIyec
10,2022-07-30,vostro 5620,vostro 5620 - youtube,439,Not short,laptop dell vostro 5620 - sang trọng và mạnh mẽ với cpu intel gen 12 rất đáng trải nghiệm,https://www.youtube.com/watch?v=1yYghm4BRfI
11,2022-07-28,vostro 5620,vostro 5620 - youtube,919,Not short,"dell vostro 5620 जबरदस्त laptop i5-1240p, 16gb/512gb ssd16.0"" fhd250 nits,  review in हिंदी",https://www.youtube.com/watch?v=TJIMfbd4RLk
12,2022-07-25,vostro 5620,vostro 5620 - youtube,973,short,5 lý do anh em sinh viên nên chọn mua laptop dell vostro 5620 #shorts,https://www.youtube.com/shorts/WdVA6Uw60uU
13,2022-07-24,vostro 5620,vostro 5620 - youtube,4905,Not short,dell 12th gen laptop unboxing | dell vostro 16 5620 laptop unboxing | 16inch | windows 11 | lt hub,https://www.youtube.com/watch?v=vngFvC554IU
14,2022-07-21,vostro 5620,vostro 5620 - youtube,1648,Not short,series vừa review vừa có give away số 9 | laptop dell vostro 5620 | mega technology,https://www.youtube.com/watch?v=BRVPrwovJdI
15,2022-07-20,vostro 5620,vostro 5620 - youtube,828,Not short,new dell vostro 5620 laptop | 12th generation best laptop | not review | latest dell laptop 2022,https://www.youtube.com/watch?v=IIO-gjMBUAQ
16,2022-07-16,vostro 5620,vostro 5620 - youtube,31330,Not short,dell inspiron 16 5620 | 12th gen intel core i5-1240p laptop review 2022,https://www.youtube.com/watch?v=ZMFygd-7cGI
17,2022-07-12,vostro 5620,vostro 5620 - youtube,3628,Not short,dell vostro 5620 vs dell inspiron 16 | which is better ? | intel i5 12th gen,https://www.youtube.com/watch?v=oygfIZlNZb4
18,2022-07-08,vostro 5620,vostro 5620 - youtube,22242,Not short,dell inspiron 5620 12th gen intel core i3🔥 | shocking result 😔 | unboxing & first impressions⚡,https://www.youtube.com/watch?v=oTqxx4THKFM
19,2022-07-02,vostro 5620,vostro 5620 - youtube,2386,short,laptop dell gen 12 core i7 vostro 5620 1260p,https://www.youtube.com/shorts/dGfbgebRzQM
20,2022-06-30,vostro 5620,vostro 5620 - youtube,2045,Not short,asus vivobook s15 oled vs acer swift 3 vs dell vostro 5620 | which is better ? | intel i5 12th gen,https://www.youtube.com/watch?v=0XEENyacybU
21,2022-06-25,vostro 5620,vostro 5620 - youtube,2081,Not short,lenovo thinkpad t15 gen 2 và dell vostro 5620 - ~30tr chọn máy nào phù hợp?? | laptopworld,https://www.youtube.com/watch?v=OH9eSohghtM
22,2022-06-23,vostro 5620,vostro 5620 - youtube,64,Not short,acer swift x vs dell vostro 5620 | best 2022 laptops | gaming,https://www.youtube.com/watch?v=j-ipwZMhFgo
23,2022-06-18,vostro 5620,vostro 5620 - youtube,3995,Not short,"dell vostro 5620 (2022) - màn 16 inch, i7 1260p, tặng office hs bản quyền",https://www.youtube.com/watch?v=bt85UX3AEsM
24,2022-06-14,vostro 5620,vostro 5620 - youtube,422,Not short,dell vostro 5620 khách đặt cấu hình từ website nhà sản xuất - nhập khẩu từ mỹ,https://www.youtube.com/watch?v=Kovl4zpnQps
25,2022-06-10,vostro 5620,vostro 5620 - youtube,1805,Not short,review laptop dell vostro 16 5620 p117f001agr core i7-1260p ram 16gb ssd 512gb 16 inch full hd+ w11,https://www.youtube.com/watch?v=Ue-2ytHUyrE
26,2022-06-07,vostro 5620,vostro 5620 - youtube,424,short,best laptop 2022 | dell vostro 5620 #shorts,https://www.youtube.com/shorts/14q9VbIS1wU
27,2022-06-03,vostro 5620,vostro 5620 - youtube,6121,Not short,asus vivobook s15 oled vs hp pavilion 15 vs dell vostro 5620 | which is better ? | intel i5 12th gen,https://www.youtube.com/watch?v=JSq82d0ZjfI
28,2022-05-31,vostro 5620,vostro 5620 - youtube,3222,Not short,review laptop dell vostro 16 5620 70282719 core i5-1240p ram 16gb ssd 512gb 16 inch full hd+ mới ra,https://www.youtube.com/watch?v=3qlNX1lvPaE
29,2022-05-26,vostro 3525,vostro 3525 - youtube,327,Not short,dell vostro 3525 - disassembly and fan cleaning - laptop repair,https://www.youtube.com/watch?v=yUwuErJnMjE
30,2022-05-19,vostro 5620,vostro 5620 - youtube,5102,Not short,dell vostro 5620 vs hp pavilion 15 | which is better ? | dell vostro 5620 | hp pavilion 15 eg2009tu,https://www.youtube.com/watch?v=eS2N06LtIZc
31,2022-05-19,vostro 5620,vostro 5620 - youtube,7389,Not short,10 best laptops with 12th gen. intel core i5/i7 processor 🔥🔥 best intel 12th gen budget laptops 2022,https://www.youtube.com/watch?v=CsEjs0MzayI
32,2022-05-05,vostro 5620,vostro 5620 - youtube,9427,Not short,dell vostro 5625 vs dell vostro 5620 | performance and battery tested,https://www.youtube.com/watch?v=MD0po3UJyGM
33,2022-05-02,vostro 5620,vostro 5620 - youtube,19828,Not short,dell vostro 5620 review in telugu || dell i5 12th gen laptop,https://www.youtube.com/watch?v=UUXAF3MdICA
34,2022-05-01,vostro 5620,vostro 5620 - youtube,21070,Not short,dell vostro 5620 new launched 12th gen intel core i5 | 1240p,https://www.youtube.com/watch?v=341lzzPQFF0
35,2022-04-30,vostro 5620,vostro 5620 - youtube,542,Not short,12th gen dell vostro 5620 with 16inch fhd display || specifications || #12thgen #ddr5 #newlaptop,https://www.youtube.com/watch?v=4NfCK1KvpaE
36,2022-04-26,vostro 5620,vostro 5620 - youtube,69667,Not short,dell vostro 5620 new launched 12th gen intel core i5 exclusive unboxing & first impressions⚡,https://www.youtube.com/watch?v=32jx2_LJRgU
37,2022-04-26,vostro 5620,vostro 5620 - youtube,90101,Not short,dell 12th gen laptop 🔥dell vostro 5620 unboxing 2022,https://www.youtube.com/watch?v=k51xFezEJrQ
38,2022-04-15,vostro 5620,vostro 5620 - youtube,6721,Not short,new dell vostro 16 5625 unboxing & review 2022 | dell vostro amd ryzen 5 5625 laptop unboxing 2022,https://www.youtube.com/watch?v=fy-Oz7jfiDE
39,2022-04-03,vostro 5620,vostro 5620 - youtube,11958,Not short,intel 12th gen powered dell vostro 5620 complete overview with benchmark | dell vostro 5620 review,https://www.youtube.com/watch?v=0P-qDE3p70E
40,2022-03-23,vostro 3420,vostro 3420 - youtube,1578,Not short,"dell vostro 3420 14"" business laptop launched | charging time 80% in 1 hour | all spec, features",https://www.youtube.com/watch?v=UUgtGRrk8ek
