post date,model,source,views,video type,title,link
2023-02-18,No model name,xps 15 - youtube,1,Not short,new gaming laptops for 2023 - asus zenbook pro duo 15 oled ux582 laptop review | new laptop to buy,https://www.youtube.com/watch?v=7PrDNj1eZ7A
2023-02-18,xps,xps - youtube,4,Not short,i broke my laptop | dell xps series gaming laptop tear down,https://www.youtube.com/watch?v=x2FlJ3FIibQ
2023-02-17,xps 17 9720,xps 17 9720 - youtube,2,Not short,dell xps 17 2022 full review,https://www.youtube.com/watch?v=1-qi1I2u2PY
2023-02-17,xps 17,xps 17 - youtube,1,Not short,dell xps 17 review   i could swap to this! 2,https://www.youtube.com/watch?v=MSDO8UbBvvM
2023-02-17,xps 15 9520,xps 15 9520 - youtube,51,short,xps 15 9520 | dell | xps |12th gen laptops,https://www.youtube.com/shorts/fgYrc4Y2Kvw
2023-02-17,No model name,xps 13 plus 9320 - youtube,2,Not short,델노트북 추천 판매순위 top10 || 가격 평점 후기 비교,https://www.youtube.com/watch?v=NyQNKTOeox8
2023-02-17,xps 13 plus 9320,xps 13 plus - youtube,25,Not short,dell xps 9315 vs dell xps 9320: huynh đệ tương tàn ?,https://www.youtube.com/watch?v=ngX9K3mbiDI
2023-02-17,xps 13,xps 13 9310 - youtube,9,Not short,dell xps 13 (2021) 9310,https://www.youtube.com/watch?v=pZFZBUBqPAM
2023-02-17,xps 13 9315 2in1,xps 13 2 in 1 - youtube,40,Not short,dell xps 13 2 in 1 unboxing and review | goodnotes planner tablet,https://www.youtube.com/watch?v=s5x3Rg_hSTw
2023-02-17,xps 13,xps 13 - youtube,1,Not short,dell xps 13 | best dell loptop 2023,https://www.youtube.com/watch?v=C7fcoYgIMCw
2023-02-16,xps 17 9710,xps 17 9710 - youtube,23,Not short,đập hộp chiếc dell xps 17 9710 với card đồ họa mạnh nhất rtx 3060ti 6gb chỉ có ở thái long computer,https://www.youtube.com/watch?v=v0wpPLLPnIU
2023-02-14,xps,xps 8950 - youtube,6,Not short,unboxing the powerful dell xps desktop 8950,https://www.youtube.com/watch?v=mm-eJMnYHYk
2023-02-14,xps 13,xps 15 9510 - youtube,34,Not short,top 5 best dell laptops || dell xps 13 2023,https://www.youtube.com/watch?v=TXixkj0SQ50
2023-02-10,xps 13 9305,xps 13 9305 - youtube,172,Not short,dell xps 9305 unpack,https://www.youtube.com/watch?v=e_70qQLYsKQ
