post date,model,source,views,video type,title,link
2022-08-07,inspiron 16,inspiron 16 - youtube,1,Not short,bug slow window 11 using an nvme on the dell inspiron 16 7610,https://www.youtube.com/watch?v=3gz3gQAElFU
2022-08-07,inspiron 15,inspiron 15 - youtube,3,Not short,cara setting bios laptop dell inspiron 15 install windows 10 uefi,https://www.youtube.com/watch?v=JCH2M_U5OyQ
2022-08-07,inspiron 15,inspiron 15 - youtube,19,Not short,dell inspiron 15 3000 model 3511 - best budget friendly laptop 2022,https://www.youtube.com/watch?v=cmZeti_Ok5Q
2022-08-07,inspiron,inspiron 15 - youtube,5,Not short,how to repacle battery dell inspiron 5565 (cách thay pin dell inspiron 5565),https://www.youtube.com/watch?v=8YwvUjKea90
2022-08-07,inspiron 14,inspiron 14 - youtube,13,Not short,como aumentar memória  notebook dell inspiron  14 r 5423  fácil demais,https://www.youtube.com/watch?v=p6JisKBHhgY
2022-08-06,inspiron 16 5620,inspiron 16 - youtube,48,Not short,new ⚡⚡ dell inspiron 16 5620  intel core i5-1240p laptop unboxing and review 2022 #dellinspiron,https://www.youtube.com/watch?v=VVB4xfeBLD8
2022-08-06,inspiron 16,inspiron 16 - youtube,36,short,#dell #inspiron 16 #shorts,https://www.youtube.com/shorts/E3T1CYrpyMU
2022-08-06,inspiron 15,inspiron 15 - youtube,36,Not short,dell inspiron 15 3000 series/laptop battery parmanent failure to be replaced.,https://www.youtube.com/watch?v=1nzogSKPN6Y
2022-08-06,inspiron 15,inspiron 15 - youtube,15,short,turn on light in dell inspiron 15 3611,https://www.youtube.com/shorts/OvGuaY_rkjI
2022-08-06,inspiron 15,inspiron 15 - youtube,21,Not short,"dell inspiron 15 3511 intel core 11th gen 15.6"" fhd laptop review (dell new laptop 2022) full review",https://www.youtube.com/watch?v=pt8oerfvhqM
2022-08-06,inspiron,inspiron 14 - youtube,4,Not short,how to repacle battery dell inspiron 7460 (cách thay pin dell inspiron 7460),https://www.youtube.com/watch?v=Y_apwx83T2A
2022-08-06,inspiron 14,inspiron 14 - youtube,195,Not short,buying my 1st laptop | dell inspiron 14 |,https://www.youtube.com/watch?v=_NAjGWH4acg
2022-08-06,inspiron 14,inspiron 14 - youtube,11,Not short,dell inspiron 14 3000 series not turning on solution | bangla tutorial video | towfique robi | lab-i,https://www.youtube.com/watch?v=G61uohuGU-U
2022-08-05,inspiron 15,inspiron 15 - youtube,6,Not short,dell inspiron 15 5518 || boot time,https://www.youtube.com/watch?v=HzamYAkhnhw
2022-08-05,inspiron 15,inspiron 15 - youtube,25,Not short,dell inspiron 15 5510購入レビュー,https://www.youtube.com/watch?v=qzNvCSFcjMs
2022-08-05,inspiron 15,inspiron 15 - youtube,45,Not short,dell inspiron 15 3511 disassembly ram ssd hard drive upgrade battery hinge replacement repair,https://www.youtube.com/watch?v=YwNMM7PvWR0
2022-08-05,inspiron 15,inspiron 15 - youtube,41,Not short,dell inspiron 15 3558 disassembly ram ssd hard drive upgrade battery replacement repair,https://www.youtube.com/watch?v=iIZXwezRT0U
2022-08-05,inspiron,inspiron 15 - youtube,108,Not short,simulation comptia a+ replacing m.2 drive in dell inspiron laptop,https://www.youtube.com/watch?v=KmqzHP6qp_s
2022-08-05,inspiron 15,inspiron 15 - youtube,130,short,dell inspiron 15-3567...#shorts #youtubeshorts #tech #youtube #shortsfeed #pc #technology #laptop,https://www.youtube.com/shorts/KHG5p18AVHw
2022-08-05,inspiron 15,inspiron 15 - youtube,19,Not short,paradise 🤍 dell inspiron 15 3000,https://www.youtube.com/watch?v=rPFQRCFlQC0
2022-08-05,No model name,inspiron 15 - youtube,491,Not short,"dell g16 7620 is a 16 inch tank of a gaming laptop, but there’s two problems…",https://www.youtube.com/watch?v=OBa-wRVufwM
2022-08-05,inspiron,inspiron 14 - youtube,2649,Not short,【おすすめpc】inspiron16とinspiron14を実機で比較！どっちがおススメ？dell超人気コスパ最強pcを紹介！おススメモデルも紹介！,https://www.youtube.com/watch?v=p8v4R85H7nI
2022-08-05,inspiron 7420 2in1,inspiron 14 - youtube,18,Not short,"dell inspiron 7420 2 in 1 (2022) - chỉ 17.xxx - đầm chắc, cảm ứng siêu mượt  | thái long computer",https://www.youtube.com/watch?v=-s2HV9DP_kM
2022-08-05,inspiron 14,inspiron 14 - youtube,17,Not short,new laptop!! ┃dell inspiron 14  unboxing and non review  vlog#1,https://www.youtube.com/watch?v=OiWHqmFnrPU
2022-08-04,inspiron 15,inspiron 15 - youtube,7,Not short,dell inspiron 15 3543 touchscreen laptop (core i5 5th gen/8 gb/256gb ssd/windows 10 pro/2 gb nvidia,https://www.youtube.com/watch?v=twiUhWwksag
2022-08-04,inspiron 15,inspiron 15 - youtube,26,Not short,unboxing dell inspiron 15 3000 model 3525 laptop,https://www.youtube.com/watch?v=CEfElSpCkGA
2022-08-04,inspiron 15,inspiron 15 - youtube,5,Not short,dell inspiron 15 7577 cka50 ckf50 la-e992p rev 1.0 schematic,https://www.youtube.com/watch?v=SRBwZaKyhfg
2022-08-04,inspiron,inspiron 15 - youtube,53,Not short,trocar a tela do notebook dell inspiron 3583,https://www.youtube.com/watch?v=YREFngCIPmo
2022-08-04,inspiron,inspiron 15 - youtube,23,Not short,trocando a tela dell inspiron 3583 - desconectar a bateria abrindo o notebook,https://www.youtube.com/watch?v=b8xrr_2tg9M
2022-08-04,inspiron,inspiron 15 - youtube,47,Not short,trocando a tela dell inspiron 3583 - abrindo caixa tela nova,https://www.youtube.com/watch?v=JjOZzvPdkwU
2022-08-04,inspiron 15,inspiron 15 - youtube,17,Not short,"dell inspiron 15 (7570) von innen - ram, ssd, akku, lüfter wechseln",https://www.youtube.com/watch?v=Tc-2fZy9mLU
2022-08-04,inspiron 15,inspiron 15 - youtube,8,Not short,fix dell laptop desktop wifi not working inspiron latitude xps vostro g15 g3 g7 precision connecting,https://www.youtube.com/watch?v=P_eM-HHvQX0
2022-08-04,No model name,inspiron 15 - youtube,14,Not short,0wdx0r аккумулятор для ноутбука dell.,https://www.youtube.com/watch?v=VSDuNng-Il0
2022-08-03,No model name,inspiron 16 - youtube,408,Not short,dell 7610: chiếc laptop siêu đỉnh dành cho người không chơi game,https://www.youtube.com/watch?v=hxCa-Q2ghfg
2022-08-03,No model name,inspiron 15 - youtube,31,Not short,dell laptop battery wdxor | 11.4v 3500mah 42wh,https://www.youtube.com/watch?v=G9ugJEdryUc
2022-08-03,inspiron,inspiron 15 - youtube,20451,Not short,o novo alienware m15 r7 da dell: 12700h + rtx 3070ti,https://www.youtube.com/watch?v=V-XcHjdd0ik
2022-08-03,inspiron 16,inspiron 14 - youtube,7656,Not short,dell inspiron 16 plus 7620 (2022) - the review,https://www.youtube.com/watch?v=LwM9wjmejpg
2022-08-03,inspiron 14,inspiron 14 - youtube,18,Not short,dell inspiron 14 7425 2 in-1 (2022 summer update part 3 august 3rd 2022),https://www.youtube.com/watch?v=v0B5jMUGvYQ
2022-08-02,No model name,inspiron 16 5625 - youtube,282,Not short,dell vostro 16 5625 vs hp pavilion 14-ec1019au comparison | which is best laptop under 60000 inr ?,https://www.youtube.com/watch?v=Ey4gmczkZWQ
2022-08-02,inspiron 16,inspiron 16 - youtube,9,Not short,[광고] dell inspiron 16 dn5620-ub05kr 소리출력테스트,https://www.youtube.com/watch?v=bdLbEIf4aGk
2022-08-02,inspiron 16 5620,inspiron 16 - youtube,1876,Not short,dell inspiron 16 5620: the most affordable 16-inch laptop from dell!,https://www.youtube.com/watch?v=C-03jSN3Hr4
2022-08-02,inspiron 15,inspiron 16 - youtube,34,Not short,dell inspiron 16 2-in-1 (2022) review,https://www.youtube.com/watch?v=HfWSzTZEsZE
2022-08-02,inspiron,inspiron 16 - youtube,4782,Not short,dell vostro 16 5620 | 12th gen intel core i5-1240p laptop unboxing and review 2022,https://www.youtube.com/watch?v=IeoSNJroeCY
2022-08-02,inspiron 15,inspiron 15 - youtube,129,Not short,dell inspiron 15 3511 core i7 11th gen 2gb nvidia mx330 all in one laptop gaming and business,https://www.youtube.com/watch?v=QMTe460M9Sk
2022-08-01,inspiron 7420 2in1,inspiron 7420 2in1 - youtube,247,short,new dell inspiron 7420 2 in 1,https://www.youtube.com/shorts/bVn5lPPONOs
2022-08-01,inspiron 15 3525,inspiron 15 - youtube,629,Not short,dell inspiron 3525 vs hp pavilion 15 | which is better ? | hp pavilion 15 | dell inspiron 3525,https://www.youtube.com/watch?v=FSSSTNOjbkA
2022-07-31,inspiron 16 5625,inspiron 16 - youtube,48,Not short,dell inspiron 16 5625 스피커,https://www.youtube.com/watch?v=St59l43iOfk
2022-07-31,inspiron 16,inspiron 16 - youtube,173,Not short,dell inspiron 16 7620 || full review and unboxing,https://www.youtube.com/watch?v=UO8clJqCf7A
2022-07-31,inspiron,inspiron 15 - youtube,4281,Not short,"laptop dell inspiron 3511 màn hình cảm ứng - giá hủy diệt , hoàn tiền nếu ờ đâu rẻ hơn | xaha store",https://www.youtube.com/watch?v=KKpYYdwdzNM
2022-07-31,inspiron 16 5620,inspiron 15 - youtube,6197,Not short,chiếc laptop dell cực hay cho sinh viên cntt | dell inspiron 16 5625 (2022),https://www.youtube.com/watch?v=1bqxGhJBLSU
2022-07-30,inspiron 16 5620,inspiron 16 - youtube,1598,Not short,dell vostro 16 5620 with intel core i5-1240p processor - dell laptop under 70000,https://www.youtube.com/watch?v=fFldh9wIyec
2022-07-30,inspiron 15 3525,inspiron 15 3525 - youtube,3,short,smart xreview | dell inspiron 15 3525 | all specs | unboxing & review |11| #smartxreview #shorts,https://www.youtube.com/shorts/cQ8KwYvZEec
2022-07-30,inspiron 15 3525,inspiron 15 3525 - youtube,0,short,smart xreview | dell inspiron 15 3525 | all specs | unboxing & review |12| #smartxreview #shorts,https://www.youtube.com/shorts/jQPrP3bBg9Y
2022-07-30,inspiron 15 3525,inspiron 15 3525 - youtube,6,short,smart xreview | dell inspiron 15 3525 | all specs | unboxing & review |14| #smartxreview #shorts,https://www.youtube.com/shorts/QmvakbIRkJE
2022-07-30,inspiron 15 3525,inspiron 15 3525 - youtube,2,short,smart xreview | dell inspiron 15 3525 | all specs | unboxing & review |13| #smartxreview #shorts,https://www.youtube.com/shorts/Jk7kyRvmhnY
2022-07-30,inspiron 15 3525,inspiron 15 3525 - youtube,3,short,smart xreview | dell inspiron 15 3525 | all specs | unboxing & review |7| #smartxreview #shorts,https://www.youtube.com/shorts/1s60uzEHu1M
2022-07-30,inspiron 15 3525,inspiron 15 3525 - youtube,1,short,smart xreview | dell inspiron 15 3525 | all specs | unboxing & review |5| #smartxreview #shorts,https://www.youtube.com/shorts/NQzy25sD_9o
2022-07-30,inspiron 15 3525,inspiron 15 3525 - youtube,1,short,smart xreview | dell inspiron 15 3525 | all specs | unboxing & review |10| #smartxreview #shorts,https://www.youtube.com/shorts/n6a4bO5QFJM
2022-07-30,inspiron 15 3525,inspiron 15 3525 - youtube,0,short,smart xreview | dell inspiron 15 3525 | all specs | unboxing & review |9| #smartxreview #shorts,https://www.youtube.com/shorts/VUwcB0t7HHE
2022-07-30,inspiron 15 3525,inspiron 15 3525 - youtube,4,short,smart xreview | dell inspiron 15 3525 | all specs | unboxing & review |3| #smartxreview #shorts,https://www.youtube.com/shorts/uZpKsLfVYbg
2022-07-30,inspiron 15 3525,inspiron 15 3525 - youtube,0,short,smart xreview | dell inspiron 15 3525 | all specs | unboxing & review |8| #smartxreview #shorts,https://www.youtube.com/shorts/dw551jysvTI
2022-07-30,inspiron 15 3525,inspiron 15 3525 - youtube,7,short,smart xreview | dell inspiron 15 3525 | all specs | unboxing & review |4| #smartxreview #shorts,https://www.youtube.com/shorts/n8acSqplzGM
2022-07-30,inspiron 15 3525,inspiron 15 3525 - youtube,0,short,smart xreview | dell inspiron 15 3525 | all specs | unboxing & review |2| #smartxreview #shorts,https://www.youtube.com/shorts/HQbssq7X7c4
2022-07-30,inspiron 15 3525,inspiron 15 3525 - youtube,4,short,smart xreview | dell inspiron 15 3525 | all specs | unboxing & review |6| #smartxreview #shorts,https://www.youtube.com/shorts/m9AQQCBoTww
2022-07-30,inspiron 15 3525,inspiron 15 3525 - youtube,0,short,smart xreview | dell inspiron 15 3525 | all specs | unboxing & review |1| #smartxreview #shorts,https://www.youtube.com/shorts/qqfuPBzUE6c
2022-07-30,No model name,inspiron 14 - youtube,1293,Not short,finally new laptop le liya || dell laptop|| vlogs,https://www.youtube.com/watch?v=A__ek-d0d68
2022-07-30,inspiron 14,inspiron 14 - youtube,74,short,memperbaiki dell inspiron 14 matot | preparation | download all dell flashing light error codes,https://www.youtube.com/shorts/WX-OnRoevTg
2022-07-29,inspiron 16,inspiron 16 - youtube,4979,Not short,dell inspiron 16 plus (7620) (2022): live unboxing,https://www.youtube.com/watch?v=4xaJvgmanmw
2022-07-29,inspiron 15,inspiron 15 - youtube,104,Not short,dell inspiron 15-3581 intel core i3 7th generation laptop -মাদারবোর্ড রিভিউ #munna vlogs,https://www.youtube.com/watch?v=d9TBxhmbQxI
2022-07-29,inspiron,inspiron 14 plus 7420 - youtube,56,Not short,"dell inspiron14 plus7420 laptop 14"", 2.2k, intel i7 16gb ram, 1tb ssd,windows 11 pro  @e-shopping",https://www.youtube.com/watch?v=cqOcoF6ra-s
2022-07-28,inspiron 7420 2in1,inspiron 7420 2in1 - youtube,720,Not short,so sánh dell inspiron 7420 với dell 7415- chênh lệch 2tr có xứng đáng ?,https://www.youtube.com/watch?v=E9_47nzAB6A
2022-07-28,inspiron 7420 2in1,inspiron 7420 2in1 - youtube,1423,Not short,đánh giá laptop dell inspiron 7420 2in1 màn cảm ứng tiện dụng,https://www.youtube.com/watch?v=pRAkUJNjhV8
2022-07-28,No model name,inspiron 16 5620 - youtube,919,Not short,"dell vostro 5620 जबरदस्त laptop i5-1240p, 16gb/512gb ssd16.0"" fhd250 nits,  review in हिंदी",https://www.youtube.com/watch?v=TJIMfbd4RLk
2022-07-28,inspiron 15,inspiron 15 - youtube,36,Not short,dell inspiron 15 3000 internal ssd solid state drive | #shortsvideo #tamil,https://www.youtube.com/watch?v=Sp5v1VCVYfc
2022-07-27,inspiron 16 5620,inspiron 16 - youtube,417,Not short,[4k] dell inspiron 16 5620 노트북 프리뷰 영상,https://www.youtube.com/watch?v=gbKtzcI9BHE
2022-07-27,inspiron 14,inspiron 14 - youtube,265,short,unboxing dell 14 inspiron 2 in 1 🔥🔥🔥|#unboxing #pc #subscribe #dell #trending #2022 #latest,https://www.youtube.com/shorts/TSaJsSj5Hpg
2022-07-26,inspiron 16 5625,inspiron 16 5625 - youtube,777,short,#shorts hời hơn ông mặt trời với dell inspiron 5625,https://www.youtube.com/shorts/wJdLVHaWaoo
2022-07-26,inspiron 16,inspiron 16 - youtube,135,Not short,dell inspiron 16 plus 7610 review 2022,https://www.youtube.com/watch?v=Etz9RBg8RJY
2022-07-25,inspiron 16,inspiron 16 - youtube,3876,Not short,review | dell inspiron 16 ซีพียู amd รุ่นตีบวก เครื่องสวย งานประกอบดี มี ram 2 ช่อง,https://www.youtube.com/watch?v=z_MNS2BDC78
2022-07-25,inspiron 16 5620,inspiron 16 - youtube,124,Not short,dell inspiron 16 5620 | 12th gen intel core i5-1240p laptop review 2022,https://www.youtube.com/watch?v=WYpru64MEOk
2022-07-25,inspiron 15 3525,inspiron 15 3525 - youtube,89,Not short,dell inspiron 15 3525 - running faster after ram upgrade???,https://www.youtube.com/watch?v=Bleq0Hse4PQ
2022-07-25,inspiron,inspiron 14 plus 7420 - youtube,2919,Not short,dell inspiron 7420 (2022) - chiếc laptop này dành cho ai??? | laptopworld,https://www.youtube.com/watch?v=WzU_HVUV5ZE
2022-07-25,No model name,inspiron 14 5420 - youtube,100,short,dell laptop 5420 #laptop #newmodel #shorts,https://www.youtube.com/shorts/2lssGlJBBGM
2022-07-24,No model name,inspiron 16 5620 - youtube,4905,Not short,dell 12th gen laptop unboxing | dell vostro 16 5620 laptop unboxing | 16inch | windows 11 | lt hub,https://www.youtube.com/watch?v=vngFvC554IU
2022-07-24,inspiron 16 5620,inspiron 16 - youtube,507,short,laptop dell inspiron 16 5620 i7 1620p gen 12 2022,https://www.youtube.com/shorts/v4V2kOlNqdI
2022-07-24,inspiron 16,inspiron 16 - youtube,45,Not short,dell inspiron 16-7610 dual-boot windows 11 con fedora linux 36 workstation con gnome shell 42.3.,https://www.youtube.com/watch?v=Jm9--bqAZzk
2022-07-24,inspiron 14,inspiron 14 - youtube,23532,Not short,【new inspiron 14】高コスパなdellのノートpcを購入したら最高過ぎた！！【メモリ増設ssd交換もやるぞ！】,https://www.youtube.com/watch?v=R436Bp1PYbk
2022-07-24,No model name,inspiron 14 - youtube,3122,Not short,best intel laptops in 2022 under $1200 - intense competition!,https://www.youtube.com/watch?v=j1QZZbo0sr0
2022-07-23,inspiron 7420 2in1,inspiron 7420 2in1 - youtube,14,Not short,laptop dell inspiron 7420 2in1 i5-1235u 8gb 512gb 14 inch fhd touch on win11 led_kb nhôm bạcmới 100%,https://www.youtube.com/watch?v=qSiqeWQFpEo
2022-07-23,inspiron,inspiron 7420 2in1 - youtube,3535,Not short,"dưới 20 triệu mà có 12th, màn 100%srgb  thêm 2in1 á? review dell inspiron 7420",https://www.youtube.com/watch?v=GkbUbhTfQBY
2022-07-23,inspiron 15 3525,inspiron 15 3525 - youtube,482,Not short,laptop dell inspiron 15 3525 |all specs|dell laptop| laptop unboxing & review 2022 | smart xreview,https://www.youtube.com/watch?v=3DPks9-pwrg
2022-07-22,inspiron,inspiron 7425 2in1 - youtube,144,Not short,"dell inspiron 7425 | ultrabook 2022 xoay gập cảm ứng cực mạnh, màn tỉ lệ 16:10 cao ráo",https://www.youtube.com/watch?v=wNQOSsf926g
2022-07-22,inspiron 16,inspiron 16 - youtube,561,Not short,"dell xps 15 2022 version, very poor craftsmanship. replacement for inspiron 16 plus. dell sucks",https://www.youtube.com/watch?v=NAkTko94O3I
2022-07-22,inspiron 16 5620,inspiron 16 - youtube,353,Not short,💯dell inspiron 16 5620~12th gen intel core i5-1240p💯laptop review 2022..new launch 🤩,https://www.youtube.com/watch?v=KMAdOM6h0MQ
2022-07-22,inspiron 14,inspiron 14 - youtube,21,Not short,dell inspiron 14 3000 series_storage upgrade_hdd to ssd,https://www.youtube.com/watch?v=YifDQN62kd4
2022-07-20,inspiron 16 5620,inspiron 16 - youtube,89,Not short,【ezstick】dell inspiron 16 5620 p117f 鍵盤膜樣式 及 機身貼 螢幕貼 touchpad貼 施工過程 diy 筆電包膜,https://www.youtube.com/watch?v=otkSUxd9pOQ
2022-07-20,inspiron 14,inspiron 14 - youtube,79,Not short,glow up on the go with dell's inspiron 14 2-in-1 laptop | the good guys,https://www.youtube.com/watch?v=-8KJavRIpF8
2022-07-19,inspiron 16 5625,inspiron 16 - youtube,1177,short,"dell inspiron 16 5625 - mẫu laptop cấu hình mạnh, thiết kế đẹp dành cho sinh viên 2022",https://www.youtube.com/shorts/xwh98WdEgmM
2022-07-19,inspiron 16,inspiron 16 - youtube,63,Not short,dell new inspiron 16 2in1 7620 intel 12th core i7 1260p benchmark ベンチマーク,https://www.youtube.com/watch?v=Nss88l6EAIg
2022-07-19,inspiron 15 3525,inspiron 16 - youtube,276,Not short,dell inspiron 16 5620 🤩12th gen intel core i5-1240p | 16gb ram 512gb ssd 2gb nvidia 2022 new launch🤩,https://www.youtube.com/watch?v=VKLN8fAq8-I
2022-07-19,inspiron 14 5420,inspiron 14 5420 - youtube,1824,Not short,laptop dell inspiron 14 n5420: cũng là dell nhưng nó đẹp lắm!!!!,https://www.youtube.com/watch?v=EfbtTZq9srw
2022-07-18,inspiron 7420 2in1,inspiron 7420 2in1 - youtube,781,Not short,trên tay dell inspiron 7420 - intel thế hệ 12  sẽ có sức mạnh như thế nào ?,https://www.youtube.com/watch?v=2IutHpKSwL0
2022-07-18,inspiron 14 5420,inspiron 14 - youtube,1330,Not short,asus vivobook s14 oled vs acer swift 3 vs dell inspiron 14 5420 | which is better ?,https://www.youtube.com/watch?v=q1RIP99sZkQ
2022-07-18,inspiron 14,inspiron 14 - youtube,1455,Not short,dell inspiron 14 plus (2022) -unboxing & hands on review -gaming review,https://www.youtube.com/watch?v=w82RGSw4NI8
2022-07-17,inspiron 15 3525,inspiron 15 3525 - youtube,96,short,dell 3525| dell new inspiron 3525 |#shorts #laptop #laptops,https://www.youtube.com/shorts/4KRt5AHOOMo
2022-07-17,inspiron 14 5420,inspiron 14 5420 - youtube,673,Not short,asus vivobook 14 vs dell inspiron 14 | which is better ? | intel i3 12th gen | 1220p vs 1215u,https://www.youtube.com/watch?v=rmu-c3qOL-Y
2022-07-17,inspiron 14,inspiron 14 - youtube,544,Not short,dell inspiron 14 - 12 gen intel i5 - 5420 - unboxing - july 2022,https://www.youtube.com/watch?v=wsSL03hJRwQ
2022-07-16,inspiron 14,inspiron 7420 2in1 - youtube,699,Not short,inspiron 14 7420 2-in-1 สเปก core i gen 12u + mx550 จอ fhd+ พับ 360 ทัชได้มีปากกา ใช้งานลื่นไหล,https://www.youtube.com/watch?v=qLWPOzBzAxU
2022-07-16,inspiron 16 5620,inspiron 16 5620 - youtube,2123,Not short,"trên tay dell inspiron 5620 - màn ngon, cpu i7 1260p, card mx570 mạnh nhưng..!",https://www.youtube.com/watch?v=ISAyX_DM-Yk
2022-07-16,inspiron 16,inspiron 16 - youtube,71,Not short,dell inspiron 16 laptop - refresh rate,https://www.youtube.com/watch?v=v-6nQIhKiEc
2022-07-16,inspiron 16 5620,inspiron 14 - youtube,31328,Not short,dell inspiron 16 5620 | 12th gen intel core i5-1240p laptop review 2022,https://www.youtube.com/watch?v=ZMFygd-7cGI
2022-07-15,inspiron 7420 2in1,inspiron 7420 2in1 - youtube,2538,Not short,trên tay dell inspiron 7420 2in1 (2022) laptop 2 trong 1 thế hệ mới nhưng chỉ 17 triệu !!!,https://www.youtube.com/watch?v=EEfdk9C-rqw
2022-07-15,inspiron 16 5620,inspiron 16 5620 - youtube,4897,Not short,"dell inspiron 5620 (2022) - mx570 rất mạnh, màn hình 100% srgb | laptopworld",https://www.youtube.com/watch?v=xmk7PJcgt5c
2022-07-15,inspiron 14,inspiron 16 - youtube,412,Not short,dell inspiron 2 in 1 16 inch laptop and tablet  12th gen intel core i7,https://www.youtube.com/watch?v=sXDcwfzBCIs
2022-07-15,inspiron 16 5625,inspiron 16 - youtube,1349,Not short,đánh giá dell inspiron 5625: cứ ngỡ như macbook 16 inch!,https://www.youtube.com/watch?v=0vxX3UM48Wk
2022-07-15,No model name,inspiron 15 3525 - youtube,733,Not short,🛠️ dell vostro 15 3525 - disassembly and upgrade options,https://www.youtube.com/watch?v=DWtF-U9lEuU
2022-07-15,inspiron 14,inspiron 14 - youtube,6957257,Not short,unboxing the dell inspiron 14 2-in-1 | built to last | trakin tech,https://www.youtube.com/watch?v=w82rHVxPJhc
2022-07-14,inspiron,inspiron 16 - youtube,239,short,new arrival 🔥🔥dell inspiron 7610 16’💻*brand new 2022 model *i7-11800h/32gb/1tb ssd .,https://www.youtube.com/shorts/DCKbjqqSZ3w
2022-07-14,inspiron,inspiron 16 - youtube,408,Not short,"dell inspiron 7620 16"" 2 in 1 | 25 triệu màn hình lớn, thiết kế đẹp!!!",https://www.youtube.com/watch?v=TmSxD5UcsUA
2022-07-14,inspiron 16,inspiron 16 - youtube,9926822,Not short,unboxing the dell inspiron 16 2-in-1 | best-in-class | beebom,https://www.youtube.com/watch?v=jlTNlZSG9zc
2022-07-14,inspiron 14,inspiron 14 - youtube,633,Not short,unboxing dell inspiron 14 laptop || #dell #unboxing #studentlife #vlog7,https://www.youtube.com/watch?v=bzqjdmcZhbU
2022-07-13,inspiron 7420 2in1,inspiron 7420 2in1 - youtube,823,Not short,dell inspiron 7420 2 in 1 những cải tiến rất đáng giá và ngon nhất tầm giá 17trieu ?!!,https://www.youtube.com/watch?v=JYM7G5gLkr8
2022-07-13,inspiron 16 5620,inspiron 16 5620 - youtube,3994,Not short,dell inspiron 5620 12th gen intel core i3 - shocking benchmarks + review | mwb,https://www.youtube.com/watch?v=0zlH6wtCW38
2022-07-13,inspiron 16 5620,inspiron 16 - youtube,744,short,dell inspiron 16 12th gen | dell inspiron 16 5620 |dell i512th gen laptop #dell  #unboxing,https://www.youtube.com/shorts/QWR7HdhsniY
2022-07-13,inspiron 16,inspiron 16 - youtube,280,Not short,"dell inspiron 16 plus (2022): features, reviews, and price",https://www.youtube.com/watch?v=Puf7eUoUFBE
2022-07-13,No model name,inspiron 15 3520 - youtube,52,Not short,"dell latitude 15 (3520) von innen - tauschen, wechseln, erweitern",https://www.youtube.com/watch?v=gihUXkfC-1I
2022-07-12,inspiron 14,inspiron 7420 2in1 - youtube,620,Not short,"dell inspiron 14 7425 2-in-1 | 18 triệu thiết kế đẹp, cảm ứng mượt, cấu hình ngon!!",https://www.youtube.com/watch?v=YeP037sUxDg
2022-07-12,No model name,inspiron 16 plus 7620 - youtube,1394,Not short,vostro 7620 in depth review,https://www.youtube.com/watch?v=Wzy2thT_rJw
2022-07-12,inspiron 16 5620,inspiron 16 - youtube,3627,Not short,dell vostro 5620 vs dell inspiron 16 | which is better ? | intel i5 12th gen,https://www.youtube.com/watch?v=oygfIZlNZb4
2022-07-12,inspiron 15,inspiron 15 - youtube,141,Not short,"dell inspiron 15 3565 ssd upgrade , dell inspiron  15 3565  ram upgrade , dell 15 3565 ssd upgrade",https://www.youtube.com/watch?v=9huNHpshZXQ
2022-07-12,inspiron 7420 2in1,inspiron 14 plus 7420 - youtube,482,Not short,dell inspiron 14 7420 2in1 - mẫu laptop đa dụng mới nhất của dell trong năm 2022,https://www.youtube.com/watch?v=WwiqA1EVvF0
2022-07-11,inspiron,inspiron 7420 2in1 - youtube,1671,short,laptop có cảm ứng mượt nhất dưới 18 triệu - dell inspiron 7420 (2022) | laptopworld,https://www.youtube.com/shorts/x-xhC_UDzGE
2022-07-11,inspiron 7420 2in1,inspiron 7420 2in1 - youtube,240,Not short,dell inspiron 7420 2 in 1 new launched ⚡ dell premium intel cori5 12th gen unboxing and review,https://www.youtube.com/watch?v=aSvIunmbSHg
2022-07-11,inspiron 16 5625,inspiron 16 - youtube,2010,Not short,"รีวิว dell inspiron 16 5625 จอ 16"" fhd+ สเปกลื่นไหล ryzen 5000 เบา 1.87 โล ราคา 2x,xxx - 3x,xxx บาท",https://www.youtube.com/watch?v=wBhu44aQkf4
2022-07-11,inspiron 16,inspiron 16 - youtube,6397,Not short,"พรีวิว dell inspiron 16 สเปก ryzen 5, 7 จอ 16"" fhd+ สายทำงานบางเบาครบเครื่อง",https://www.youtube.com/watch?v=gE8Wntv7gmY
2022-07-11,inspiron 15 3525,inspiron 15 3525 - youtube,324,Not short,dell inspiron 15 3525 - upgrade ram *** i can do this??? ***,https://www.youtube.com/watch?v=Ex9kvY2OPhA
2022-07-11,inspiron 14,inspiron 14 plus 7420 - youtube,1168,Not short,review dell inspiron 14 7420 (2 in 1) i5 thế hệ 12 (2022),https://www.youtube.com/watch?v=SdOvTPpu1gk
2022-07-11,inspiron 14 5420,inspiron 14 - youtube,546,Not short,lenovo ideapad slim 3 vs dell inspiron 14 | which is better ? | intel i3 12th gen | dell inspiron 14,https://www.youtube.com/watch?v=dCgW7iVyX-Y
2022-07-10,inspiron,inspiron 7420 2in1 - youtube,68,Not short,dell inspiron 7420 12thgen,https://www.youtube.com/watch?v=Bfbdn-OxF1U
2022-07-10,inspiron 7420 2in1,inspiron 7420 2in1 - youtube,19710,Not short,dell inspiron 7420 2 in 1 new launched ⚡ dell premium intel cori5 12th gen unboxing and  review 🔥,https://www.youtube.com/watch?v=kd9WBMEsQqs
2022-07-10,inspiron 14,inspiron 16 - youtube,204,Not short,dell inspiron 14 plus & inspiron 16 plus with 12th gen intel core h-series soc launched,https://www.youtube.com/watch?v=_LEB2QRd_Ds
2022-07-10,inspiron 14,inspiron 16 - youtube,271,short,dell inspiron 16 plus and inspiron 14 plus launched.,https://www.youtube.com/shorts/7ISbt80HSiI
2022-07-09,inspiron 16 5620,inspiron 16 - youtube,6969,short,dell inspiron 16 5620 i5 12th generation,https://www.youtube.com/shorts/IjUgYyE0j60
2022-07-09,inspiron 16 5620,inspiron 16 - youtube,84,Not short,"[광고] dell inspiron 16 5620 ub05kr 노트북, 게임 오디오 출력",https://www.youtube.com/watch?v=jQ7893HNoXE
2022-07-09,inspiron 16 5620,inspiron 16 - youtube,30,Not short,"[광고] dell inspiron 16 5620 ub05kr 노트북, 오버워치 플레이 영상",https://www.youtube.com/watch?v=BvYpjcC0sBc
2022-07-09,inspiron 14 5425,inspiron 14 - youtube,1043,Not short,dell inspiron 14 5425 review | amd ryzen 7 5825u - 16gb ram - 512gb ssd,https://www.youtube.com/watch?v=ybKoPORMM3M
2022-07-08,inspiron,inspiron 7420 2in1 - youtube,768,Not short,dell inspiron 7420  2 in 1 (2022) | laptop văn phòng tầm trung cho trải nghiệm cực tốt!!,https://www.youtube.com/watch?v=sXtzLGPNSM0
2022-07-08,inspiron 16,inspiron 16 - youtube,300,Not short,dell inspiron 16 plus with geforce rtx 3060 gpu,https://www.youtube.com/watch?v=SAHVNNB_c3k
2022-07-08,inspiron 16,inspiron 16 - youtube,4848,Not short,inspiron 16-inch laptop with 12th gen intel processor,https://www.youtube.com/watch?v=sJQnxYdReW8
2022-07-08,inspiron 16,inspiron 16 - youtube,2971,Not short,asus vivobook s15 oled vs dell inspiron 16 | which is better ? | intel i5 12th gen,https://www.youtube.com/watch?v=m2QMeQLRSHY
2022-07-08,inspiron 16 5620,inspiron 14 - youtube,22237,Not short,dell inspiron 5620 12th gen intel core i3🔥 | shocking result 😔 | unboxing & first impressions⚡,https://www.youtube.com/watch?v=oTqxx4THKFM
2022-07-08,inspiron 14,inspiron 14 - youtube,4950,Not short,dell inspiron 14 / 16 plus 2022 12700h + rtx 3060,https://www.youtube.com/watch?v=pksNaxKARd0
2022-07-08,inspiron 14,inspiron 14 - youtube,1100,Not short,dell inspiron 14 7420 im test | cyberport,https://www.youtube.com/watch?v=yXikqUX6KG8
2022-07-07,inspiron 16 5620,inspiron 16 - youtube,113,Not short,dell inspiron 16 5620 laptop 12th gen intel,https://www.youtube.com/watch?v=Vz-DXwY7368
2022-07-07,inspiron 16,inspiron 16 - youtube,655,Not short,dell inspiron 16 plus 7620  fan noise and decibels,https://www.youtube.com/watch?v=wfG4u7w1gTo
2022-07-07,inspiron 16,inspiron 16 - youtube,941,Not short,dell inspiron 16 plus 7620 internals,https://www.youtube.com/watch?v=7en4L4grA9I
2022-07-07,inspiron 7420 2in1,inspiron 14 plus 7420 - youtube,4697,Not short,"dell inspiron 7420 2 in 1 (2022) - chỉ 17tr đầm chắc, cảm ứng siêu mượt | laptopworld",https://www.youtube.com/watch?v=c7cpWdjc7FY
2022-07-06,inspiron 16 5620,inspiron 16 - youtube,1430,Not short,review laptop dell inspiron 16 5620 n6i5003w1 core i5-1240p ram 16gb ssd 512gb geforce mx570 2gb,https://www.youtube.com/watch?v=g3bMdeN-K7A
2022-07-05,inspiron 16,inspiron 16 - youtube,67144,Not short,dell 12th gen laptop unboxing | dell inspiron 16 7620 2 in 1 laptop unboxing | windows 11 | lt hub,https://www.youtube.com/watch?v=hMwFhpCRgBY
2022-07-05,inspiron 15 3525,inspiron 15 3525 - youtube,390,Not short,dell inspiron 15 3525 - how to upgrade ram,https://www.youtube.com/watch?v=PobjTbCY41I
2022-07-05,inspiron 14 5420,inspiron 14 5420 - youtube,249,Not short,dell inspiron 14 review | the ultimate guide to dell inspiron 14,https://www.youtube.com/watch?v=awmCGIN1ofc
2022-07-04,inspiron 15 3525,inspiron 15 3525 - youtube,155,Not short,"[핫딜 64만원] 델 2022 inspiron 15 3525 🚀 최저가 799,000원+카드할인20%off 639,200원",https://www.youtube.com/watch?v=MVr08On9f2k
2022-07-04,inspiron 14,inspiron 14 - youtube,1835,Not short,unboxing dell inspiron 14 plus 2022 and first look,https://www.youtube.com/watch?v=9ABEG-FCdnE
2022-07-04,inspiron 14,inspiron 14 - youtube,672,Not short,dell inspiron 14 7420 unboxing | cyberport,https://www.youtube.com/watch?v=rX1CYUHhOX4
2022-07-02,inspiron,inspiron 7425 2in1 - youtube,487,Not short,dell inspiron 7425 - chiếc laptop xoay gập 2022 với hiệu năng mạnh mẽ dành cho ai?,https://www.youtube.com/watch?v=54nhyWeDw38
2022-07-02,No model name,inspiron 14 5420 - youtube,217,Not short,list of all i3 12th gen laptops available in july 2022 in india | dell | acer | asus | best top 5 10,https://www.youtube.com/watch?v=nzXhi2F5nX4
2022-07-02,No model name,inspiron 14 5420 - youtube,1200,Not short,i migliori notebook di luglio 2022 per ogni fascia di prezzo - consigli per gli acquisti,https://www.youtube.com/watch?v=dQMJL0bGYkc
2022-07-01,inspiron 14,inspiron 14 - youtube,1108,short,unboxing dell inspiron 14 7415 2-in-1 laptop #dellinspiron14 #inspiron #dell #legion5 #laptop,https://www.youtube.com/shorts/nA7UCVZARms
2022-06-30,inspiron 14,inspiron 7425 2in1 - youtube,2739,Not short,"dell inspiron 14 7425 (2022) máy này chỉ hợp với giám đốc!! webcam full hd, pin trâu, màn cảm ứng...",https://www.youtube.com/watch?v=Gxvbs4EKeqw
2022-06-30,inspiron 16 5620,inspiron 16 - youtube,2134,Not short,review laptop dell inspiron 16 5620 n6i7000w1 core i7-1260p ram 16gb ssd 512gb geforce mx570 2gb,https://www.youtube.com/watch?v=uEuCnWYFykw
2022-06-30,inspiron,inspiron 16 - youtube,15,Not short,notebook dell inspiron i7 16 gb ram 512 ssd,https://www.youtube.com/watch?v=e1JsgnmLdIs
2022-06-30,inspiron 15 3525,inspiron 15 3525 - youtube,4115,Not short,dell inspiron 15⚡️ 3525 ryzen 3050u 8gb 256gb 15.6 w11 best in 30k unboxing & review {hindi}🔥🔥,https://www.youtube.com/watch?v=ksiHe3TegAg
2022-06-30,No model name,inspiron 14 plus 7420 - youtube,780,Not short,戴尔灵越14 plus体验：一款高性能轻薄本 5999元值得买吗？,https://www.youtube.com/watch?v=z7Xb4exgakQ
2022-06-28,inspiron,inspiron 16 plus 7620 - youtube,5275,Not short,dell inspiron plus 7620 unboxed,https://www.youtube.com/watch?v=gXNIJ2baZGI
2022-06-28,inspiron 15 3525,inspiron 15 3525 - youtube,922,Not short,dell inspiron 3525 new launched laptop⚡⚡amd athlon 3050u |  budget laptop in 35k ? unboxing & review,https://www.youtube.com/watch?v=df-_L-RhBQQ
2022-06-28,No model name,inspiron 14 5420 - youtube,119,Not short,"dell latitude 5420 2022,dell latitude 5420 unboxing,dell latitude 5420 business laptopdell latitude",https://www.youtube.com/watch?v=yembq4ELf80
2022-06-27,inspiron 16 5625,inspiron 16 - youtube,1172,Not short,review laptop dell inspiron 16 5625 99vp91 ryzen r7-5825u ram 8gb ssd 512gb 16 inch full hd+ quá đẹp,https://www.youtube.com/watch?v=gaispke3iYs
2022-06-27,inspiron 14,inspiron 14 - youtube,18075,Not short,dell inspiron 14 2-in-1 (7420) (2022) review,https://www.youtube.com/watch?v=0Bc-Hw6rb_8
2022-06-27,inspiron 14,inspiron 14 - youtube,3590,Not short,dell inspiron 14-inch laptop with 12th generation intel® core™ i7-1255u,https://www.youtube.com/watch?v=xS1rX40q5_I
2022-06-26,inspiron 16,inspiron 16 - youtube,5051,Not short,dell inspiron 2 in 1 7620 laptop review,https://www.youtube.com/watch?v=YanthRVhlmE
2022-06-26,inspiron 16,inspiron 16 - youtube,449,Not short,【科技】inspiron 16 plus (inspiron 7610) 创作型笔电值得买吗？品控翻车我决定退货，dell 品牌的 qc 估计我几年内不想考虑 | 不是测评review 、评测影片,https://www.youtube.com/watch?v=ECv_n4h6420
2022-06-26,inspiron,inspiron 16 - youtube,94,Not short,dell inspiron 5310 - chỉ 16 triệu có được chiếc laptop cao cấp tiệm cận xps,https://www.youtube.com/watch?v=I0Xs3XO9wSk
2022-06-26,inspiron,inspiron 14 plus 7420 - youtube,189,Not short,#dell inspiron 7420 12th gen i7 14 core cpu  16gb. 512ssd. windows 11. mso21.  #look,https://www.youtube.com/watch?v=EPMm8_kgTHs
2022-06-25,inspiron 14,inspiron 16 - youtube,123335,Not short,dell inspiron 16 2-in-1 (2022): 4k oled + 12th gen core i7!,https://www.youtube.com/watch?v=624M1n3K3aY
2022-06-25,inspiron 14,inspiron 14 - youtube,369742,Not short,dell inspiron 14 2022 unboxing & first impressions⚡your go-to laptop for everything*,https://www.youtube.com/watch?v=HtOTt2N8fe0
2022-06-24,inspiron 14 5420,inspiron 14 - youtube,289,Not short,【ezstick】dell inspiron 14 5420 5425 p157g 鍵盤膜樣式 及 機身貼 螢幕貼 touchpad 保護貼 施工過程 diy 筆電包膜,https://www.youtube.com/watch?v=a8QPhKdZKJ0
2022-06-23,inspiron,inspiron 16 - youtube,181,Not short,dellinspiron16買った直後に即分解改造！してみた,https://www.youtube.com/watch?v=dW24OgbZEHI
2022-06-23,inspiron 15 3525,inspiron 15 3525 - youtube,5284,Not short,dell new inspiron 3525 laptop amd athlon silver 3050u | dell inspiron athlon dual core 3050u,https://www.youtube.com/watch?v=dHsp0e53zK8
2022-06-23,inspiron 15,inspiron 15 - youtube,21729,Not short,notebook dell bom e barato vale a pena? // inspiron 15 3511 (análise completa),https://www.youtube.com/watch?v=ySiuZnTTjfQ
2022-06-20,inspiron,inspiron 7420 2in1 - youtube,1420,short,dell inspiron 7420#new arrival,https://www.youtube.com/shorts/JJNM-ibKp1c
2022-06-20,inspiron 16,inspiron 16 - youtube,1120,Not short,"inspiron 16 2-in-1 สเปก i7-1260p + mx550 จอ oled uhd+ พับได้ 360 ลำโพง 4 ตัว เบา 2.1 โล เริ่ม 3x,xxx",https://www.youtube.com/watch?v=CdNd5OnqA48
2022-06-20,inspiron 14 5420,inspiron 14 5420 - youtube,170,Not short,inspiron 14 inch laptop with 12th gen intel® core™- dell inspiron 5420 i5-1235u,https://www.youtube.com/watch?v=UI-g4KyrxBA
2022-06-20,inspiron 14 5420,inspiron 14 - youtube,6499,Not short,dell inspiron 14 (2022) full overview - not review | the best 14-inch 12th gen laptop,https://www.youtube.com/watch?v=lbjP1tdzVlQ
2022-06-19,inspiron 14,inspiron 14 - youtube,1171,Not short,dell inspiron 14 2022 unboxing | i5 11th gen processor  💥💥,https://www.youtube.com/watch?v=GqCdFor9B0E
2022-06-19,inspiron 14,inspiron 14 - youtube,1875,Not short,dell inspiron 14 5410 laptop review,https://www.youtube.com/watch?v=4R1Id8N27FE
2022-06-18,inspiron 7420 2in1,inspiron 7420 2in1 - youtube,844,Not short,new dell inspiron 14 7420 2in1 laptop unboxing.....,https://www.youtube.com/watch?v=hbMm7fjgh50
2022-06-18,No model name,inspiron 16 5620 - youtube,3994,Not short,"dell vostro 5620 (2022) - màn 16 inch, i7 1260p, tặng office hs bản quyền",https://www.youtube.com/watch?v=bt85UX3AEsM
2022-06-18,No model name,inspiron 16 - youtube,14541,Not short,why dell laptops are best ? dell laptops at every budget 2022,https://www.youtube.com/watch?v=tySjKUTlcog
2022-06-18,inspiron,inspiron 14 5425 - youtube,774,Not short,dell inspiron14が届いた！現在もお得！楽天リーベイツ12％還元！lenovo祭が残念な結果に！還元予定ポイント公開！来た！デルのノートパソコン、コスパ抜群は16インチモデル！狙い目です。,https://www.youtube.com/watch?v=IAi_U6O8xv8
2022-06-18,inspiron 14,inspiron 14 - youtube,650,Not short,dell inspiron 14 5000 battery replacement,https://www.youtube.com/watch?v=N6O7EdxOXgY
2022-06-17,inspiron 16,inspiron 16 - youtube,29699,Not short,dell inspiron 16 2-in-1 (7620) (2022) review,https://www.youtube.com/watch?v=5Hb1viHCKGo
2022-06-17,inspiron 7420 2in1,inspiron 14 plus 7420 - youtube,11297,Not short,dell inspiron 2-in-1 7420 unboxing & review 2022 | new dell inspiron 7420 unboxing & review 🔥🔥🔥,https://www.youtube.com/watch?v=QOG3tjNmuiI
2022-06-16,inspiron 7420 2in1,inspiron 14 plus 7420 - youtube,1880,Not short,dell laptop  inspiron 7420 2 in 1 | best laptop 2022 | laptop review | dell inspiron series laptop,https://www.youtube.com/watch?v=LPPZhNLRQb0
2022-06-15,inspiron 14,inspiron 7425 2in1 - youtube,6477,Not short,amd의 최신 성능과 펜 필기감이 좋은 2in1 노트북을 찾으신다면 dell inspiron 14 7425 | amd 바르셀로 r7 5825u 하이엔드 저전력 cpu,https://www.youtube.com/watch?v=5hEb-lbDGcI
2022-06-14,inspiron 16,inspiron 16 - youtube,175,Not short,dell inspiron 16 plus 7610 review (touchpad big issue),https://www.youtube.com/watch?v=fivaypLO3Qc
2022-06-14,inspiron 16,inspiron 16 - youtube,31,Not short,inspiron 16 plus touchpad big issue,https://www.youtube.com/watch?v=PjoGuTKrKH4
2022-06-14,inspiron 16 5620,inspiron 16 - youtube,8502,Not short,dell inspiron 16 full overview - not review | the best 16-inch 12th gen laptop,https://www.youtube.com/watch?v=98lYr_kL85g
2022-06-14,inspiron,inspiron 14 plus 7420 - youtube,6479,Not short,new dell inspiron 2in1 7420 laptop unboxing and full review,https://www.youtube.com/watch?v=VcX7svMJabc
2022-06-14,inspiron 14 5425,inspiron 14 5425 - youtube,7670,Not short,6月20日までのデルのセール情報まとめinspiron 14 5425が5.9万円で安い！！,https://www.youtube.com/watch?v=synXahJC2D8
2022-06-13,inspiron 16 5625,inspiron 16 - youtube,352,Not short,dell inspiron 16 5625 running linux,https://www.youtube.com/watch?v=ITvmzWE8OdU
2022-06-13,inspiron 16,inspiron 16 - youtube,1912,Not short,dell inspiron 16 2022 india launched price specs and availability,https://www.youtube.com/watch?v=mYsSSNb6XcU
2022-06-13,inspiron 14 5420,inspiron 14 - youtube,181,Not short,dell inspiron 14 5420,https://www.youtube.com/watch?v=hBuZVXQzEoY
2022-06-12,inspiron 16,inspiron 16 - youtube,264,Not short,"dell inspiron 16 plus 16-inch 3k notebook launched with rtx 3060 | all spec, features and more",https://www.youtube.com/watch?v=s9ixpCgfa8s
2022-06-10,No model name,inspiron 16 5620 - youtube,1805,Not short,review laptop dell vostro 16 5620 p117f001agr core i7-1260p ram 16gb ssd 512gb 16 inch full hd+ w11,https://www.youtube.com/watch?v=Ue-2ytHUyrE
2022-06-10,inspiron,inspiron 16 - youtube,5631,Not short,warning! watch before buying a dell 2022!! beware of dell laptops #dell  #inspiron #laptop,https://www.youtube.com/watch?v=BjnhJp7nmp0
2022-06-09,inspiron 16,inspiron 16 - youtube,339,Not short,inspiron 16 plus laptop | laptop review |,https://www.youtube.com/watch?v=5biB0XHByBg
2022-06-09,inspiron 14,inspiron 14 plus 7420 - youtube,1583,Not short,review laptop dell inspiron 14 7420 p161g001asl core i5-1235u ram 8gb ssd 512gb geforce mx550 2gb,https://www.youtube.com/watch?v=8VZ9u1NVpoc
2022-06-09,inspiron 14 5420,inspiron 14 5420 - youtube,2568,Not short,review laptop dell inspiron 14 5420 p157g001asl core i5-1235u ram 8gb ssd 256gb 14 inch full hd+ w11,https://www.youtube.com/watch?v=hPNbNKUGXiY
2022-06-07,inspiron 16,inspiron 16 - youtube,113,Not short,"dell inspiron 16 7610: đồ họa thì thiếu, văn phòng lại thừa #short",https://www.youtube.com/watch?v=WbRHRXbE6qg
2022-06-07,inspiron 14,inspiron 14 5425 - youtube,1450,Not short,"dell inspiron14大幅値下げ！59,275円！楽天リーベイツの還元％も増加中！lenovo20％還元はかなりお得、これは買いましょう！ノートパソコン急遽値下げがはじまった6月がアツイ！",https://www.youtube.com/watch?v=HqRij5BFOy8
2022-06-06,inspiron,inspiron 16 - youtube,103,Not short,"unboxing dell inspiron 7610 - 16 plus,unboxing dell inspiron 7610, unboxing inspiron 7610, dell 7610",https://www.youtube.com/watch?v=Rx_qvOsz2Qo
2022-06-06,inspiron 15 3525,inspiron 15 3525 - youtube,5270,Not short,(review) dell inspiron 3525 (2022) laptop ngon nhất tầm giá 15 triệu của nhà dell !!!,https://www.youtube.com/watch?v=4511G2D3Tx8
2022-06-06,inspiron 15 3521,inspiron 15 3525 - youtube,1167,Not short,dell new inspiron 3525 vs new inspiron 3521| amd vs intel,https://www.youtube.com/watch?v=9LiKeTY-HUQ
2022-06-06,inspiron 14 5425,inspiron 14 - youtube,7150,Not short,6月13日までデルのpcセール情報inspiron 14 5425 inspiron 16 5625が最安値！,https://www.youtube.com/watch?v=qQHttYJG6-s
2022-06-05,inspiron 16,inspiron 16 - youtube,606,Not short,dell inspiron 16 plus test,https://www.youtube.com/watch?v=rox6FKpUxns
2022-06-05,inspiron 16,inspiron 16 - youtube,6398,Not short,unboxing dell inspiron 16 laptop,https://www.youtube.com/watch?v=swVgwBbWMmE
2022-06-04,inspiron 14,inspiron 14 - youtube,27854,Not short,best 2-in-1 touchscreen laptops with active pen (august 2022),https://www.youtube.com/watch?v=jsCS6_leNBY
2022-06-03,inspiron 16,inspiron 16 - youtube,7,Not short,inspiron 16 laptop,https://www.youtube.com/watch?v=_Ry-sbahKVI
2022-06-02,No model name,inspiron 16 5620 - youtube,1632,Not short,laptop dell vos 5620 i5-1240p  review,https://www.youtube.com/watch?v=4wcxfY-rPmI
2022-06-02,inspiron 15 3525,inspiron 15 3525 - youtube,6759,Not short,15 triệu laptop dell nào chạy mượt nhất?? dell inspiron 3525 (2022),https://www.youtube.com/watch?v=Wk5D-awXZI8
2022-06-02,inspiron,inspiron 14 plus 7420 - youtube,7864,Not short,dell inspiron 7420  2in1 laptop 12th gen processor unboxing #dellindia #dell_inspiron #youtube,https://www.youtube.com/watch?v=pUkx9oFGwBk
2022-06-02,No model name,inspiron 14 5425 - youtube,107188,Not short,here’s a look at some of the best amd ryzen™ powered laptops that students can buy,https://www.youtube.com/watch?v=aE91mv2OGWM
2022-06-01,inspiron,inspiron 16 5625 - youtube,6739,Not short,dellのノートパソコン、inspiron16 amdを買ったのでレビューします。,https://www.youtube.com/watch?v=NM9VCVWXXBw
2022-06-01,inspiron,inspiron 16 - youtube,1793,Not short,inspiroon 16 amd メモリー増設手順,https://www.youtube.com/watch?v=JoMbQ7HX0f4
2022-06-01,inspiron 16,inspiron 16 - youtube,129,Not short,dell inspiron 16 plus 7610 touchpad issue (new laptop issue),https://www.youtube.com/watch?v=tPniP9MRQPI
2022-06-01,inspiron 16,inspiron 16 - youtube,64,Not short,dell inspiron 16 plus touchpad problem,https://www.youtube.com/watch?v=nd1NeE__SFk
2022-06-01,inspiron 16,inspiron 16 - youtube,79,Not short,dell inspiron 16 plus 7610 touchpad issue,https://www.youtube.com/watch?v=HRFl_lXlxfc
2022-06-01,No model name,inspiron 14 5425 - youtube,107,Not short,"[광고] 델 인스피론 14 5425 기본 sw 및 벤치마크, 사운드, 팬소음",https://www.youtube.com/watch?v=jnHRRdFnNEk
2022-06-01,inspiron 14,inspiron 14 - youtube,15133,Not short,fix - update dram for laptop dell inspiron 14,https://www.youtube.com/watch?v=kGsibc1SB4s
2022-06-01,inspiron 14,inspiron 14 - youtube,35708,Not short,dell inspiron 14 2-in-1 (2022) review and unboxing - sheer performance!,https://www.youtube.com/watch?v=kKsEO_zjnVo
2022-05-31,No model name,inspiron 16 5620 - youtube,3221,Not short,review laptop dell vostro 16 5620 70282719 core i5-1240p ram 16gb ssd 512gb 16 inch full hd+ mới ra,https://www.youtube.com/watch?v=3qlNX1lvPaE
2022-05-30,inspiron 16,inspiron 16 plus 7620 - youtube,2607,Not short,dell inspiron 7620 unboxing // dell inspiron 7620 16 inch 2 in 1 laptop unboxing // #artechreviewpk,https://www.youtube.com/watch?v=N9VTVTC8avs
2022-05-27,inspiron 16,inspiron 16 5620 - youtube,3712,Not short,dell inspiron 16 new unboxing,https://www.youtube.com/watch?v=JN86I06r1tM
2022-05-27,inspiron 15 3525,inspiron 15 3525 - youtube,2225,Not short,dell inspiron 3525 vs dell inspiron 3510 amd athlon vs intel pentium quad core processor #youtube,https://www.youtube.com/watch?v=7ZqhjJZUksY
2022-05-26,No model name,inspiron 14 5420 - youtube,8610,Not short,dell latitude 5420 | unboxing & review in sri lanka,https://www.youtube.com/watch?v=sSEqb61GKVE
2022-05-26,inspiron 14,inspiron 14 - youtube,516,Not short,dell inspiron 14 3421 ssd hdd upgrade 💻,https://www.youtube.com/watch?v=1yOTHhQVtA0
2022-05-26,inspiron 14,inspiron 14 - youtube,656,Not short,dell inspiron 14 3421 ram upgrade 💻,https://www.youtube.com/watch?v=U98L_bgA53s
2022-05-25,No model name,inspiron 14 5425 - youtube,328,Not short,[광고] 델 인스피론 14 5425 wh01k 가성비 노트북 디자인,https://www.youtube.com/watch?v=6RcimUxhWs0
2022-05-25,inspiron 14 5425,inspiron 14 5425 - youtube,1994,short,"dell inspiron 5425 laptop 14""",https://www.youtube.com/shorts/SgItcp54J1A
2022-05-25,inspiron 14 5425,inspiron 14 5425 - youtube,1358,Not short,"dell inspiron 5425 |ryzen 5 series 5625u |14"" screen 16:10 ratio |lateet ryzen 5 series processor",https://www.youtube.com/watch?v=IMgmfSCKD1A
2022-05-24,inspiron 16,inspiron 16 plus 7620 - youtube,6046,Not short,unboxing dell inspiron 16 2-in-1 (7620) 2022,https://www.youtube.com/watch?v=5u4qVBxJ-Gc
2022-05-24,inspiron 15,inspiron 15 3525 - youtube,301,Not short,naprawa laptop dell inspiron 15,https://www.youtube.com/watch?v=k20spbn2fPs
2022-05-24,inspiron 14,inspiron 14 5420 - youtube,701,Not short,dell inspiron 14 pro 2022 12500h details,https://www.youtube.com/watch?v=yWo5iDaVFcI
2022-05-23,inspiron 15,inspiron 15 - youtube,67281,Not short,🚀 dell inspiron 3511 // é o novo 🥇rei do custo benefício barato? recebeu bons upgrades!!,https://www.youtube.com/watch?v=k8YwiU_4Bhw
2022-05-23,inspiron 14,inspiron 14 - youtube,534,Not short,upgrade ram dell inspiron 14 5415 / disassembly and assembly,https://www.youtube.com/watch?v=vpx6vXCxYIo
2022-05-21,inspiron 16,inspiron 16 5625 - youtube,282,Not short,dell laptop || inspiron 16 laptop | best laptop | student &home based laptop ||,https://www.youtube.com/watch?v=LOkxW1g3U2s
2022-05-21,inspiron 15 3525,inspiron 15 3525 - youtube,6165,Not short,new dell inspiron 3525 ryzen7 laptop  #dell_inspiron #dell #shorts #youtube,https://www.youtube.com/watch?v=rz-gdlSaNGs
2022-05-20,No model name,inspiron 16 5625 - youtube,4631,Not short,intel core i5-1235u vs amd ryzen 5 5625u - cyberpunk 2077 benchmark,https://www.youtube.com/watch?v=ClpH0tTTL5s
2022-05-18,inspiron 16,inspiron 16 5625 - youtube,17779,Not short,inspiron 16-inch laptop with 12th gen intel processor,https://www.youtube.com/watch?v=zxTOunDsc3c
2022-05-18,inspiron 14,inspiron 14 - youtube,10245,Not short,inspiron 14-inch laptop with 12th gen intel processor,https://www.youtube.com/watch?v=zTraRViPilc
2022-05-17,inspiron 14,inspiron 14 - youtube,2004,Not short,"価格が値上りしたが、ノートパソコンdell new inspiron 14 メモリー大容量モデルに注目！メモリー16gb、ssd512gb、価格差8,300円いいね。即納モデルあり！",https://www.youtube.com/watch?v=x6sgzikXRPc
2022-05-16,inspiron 16 5620,inspiron 16 5620 - youtube,159,Not short,inspiron 5620,https://www.youtube.com/watch?v=dQeQfOomzdk
2022-05-16,inspiron 16,inspiron 16 5620 - youtube,8459,Not short,dell inspiron 16 review time! a beast of a computer!,https://www.youtube.com/watch?v=97Wrwh0-lDc
2022-05-16,inspiron 14 5420,inspiron 14 5420 - youtube,272,Not short,inspiron 5420,https://www.youtube.com/watch?v=ThNFraeRocQ
2022-05-16,inspiron 14,inspiron 14 - youtube,307,Not short,cara ganti keyboard dell inspiron 14 5000 series,https://www.youtube.com/watch?v=dv0X1O_tyOE
2022-05-15,inspiron 15,inspiron 15 - youtube,2253,Not short,dell inspiron 15 3511 11-gen bios setup,https://www.youtube.com/watch?v=5OvCdylTHrE
2022-05-14,inspiron 15 3525,inspiron 15 3525 - youtube,1145,Not short,unboxing dell inspiron 15 3525 laptop|#youtubeshorts #shorts #unboxing #ytshorts #laptop #short,https://www.youtube.com/watch?v=yDlhLIM_jak
2022-05-12,inspiron 16,inspiron 16 plus 7620 - youtube,1692,Not short,dell inspiron 16 7620 2-in-1 (intel),https://www.youtube.com/watch?v=1TBRNPI1-8o
2022-05-12,No model name,inspiron 14 5420 - youtube,456,Not short,review dell latitude 5420 | مراجعة حاسوب,https://www.youtube.com/watch?v=pBtW_Pfq0Fo
2022-05-11,inspiron 14,inspiron 7420 2in1 - youtube,897,Not short,dell inspiron 14 7420 2-in-1 (intel),https://www.youtube.com/watch?v=lvavysiaOtw
2022-05-11,No model name,inspiron 16 5625 - youtube,2102,Not short,🛠️ dell vostro 16 5625 - disassembly and upgrade options,https://www.youtube.com/watch?v=XAtQQ7_-Fkg
2022-05-10,No model name,inspiron 16 5625 - youtube,2264,Not short,dell vostro 5625 amd ryzen 5 edition unboxing and full review,https://www.youtube.com/watch?v=khD9RFhCqt8
2022-05-09,inspiron 16,inspiron 16 plus 7620 - youtube,752,Not short,inspiron 16 plus : touchpad / trackpad repair - replacement,https://www.youtube.com/watch?v=VBjYrZ1VCbw
2022-05-09,No model name,inspiron 16 5625 - youtube,6860,Not short,いまノートpcを買うならどれ？5月16日までのデルのpcセール情報,https://www.youtube.com/watch?v=Rfve-x-VQdo
2022-05-09,inspiron 16 5620,inspiron 16 5620 - youtube,1054,Not short,asus vivobook s15 ke3502 vs dell inspiron 16 5620,https://www.youtube.com/watch?v=SUAsjU9eRpw
2022-05-08,inspiron 14,inspiron 14 - youtube,9050,Not short,dell inspiron 14 5410 2-in-1 - balanced touch screen laptop,https://www.youtube.com/watch?v=Xmv7CG12iQE
2022-05-08,inspiron 14,inspiron 14 - youtube,6335,Not short,dell inspiron 14 5410 non touch - awesome build quality laptop,https://www.youtube.com/watch?v=KreZWc9w3nc
2022-05-07,inspiron 14,inspiron 14 - youtube,138,Not short,"dell inspiron 14 2 in 1 laptop more powerful, more responsive 2022",https://www.youtube.com/watch?v=OZAz4-Kpatc
2022-05-05,No model name,inspiron 16 5625 - youtube,9426,Not short,dell vostro 5625 vs dell vostro 5620 | performance and battery tested,https://www.youtube.com/watch?v=MD0po3UJyGM
2022-05-05,inspiron 15,inspiron 15 - youtube,648516,Not short,dell drops: notebook inspiron 15 3000 – o que tem de novo?,https://www.youtube.com/watch?v=ymdGDsBrtEo
2022-05-02,No model name,inspiron 16 plus 7620 - youtube,1933,Not short,"크리에이터를 위한 고성능 투인원 노트북, dell 인스피론 16 dn7620a-wh03kr",https://www.youtube.com/watch?v=EMoZ3AHWRGE
2022-05-02,inspiron 15 3525,inspiron 15 3525 - youtube,1896,Not short,"dell inspiron 15 3525 ปี 2022 สเปก amd ใหม่ จอ 15.6"" เริ่ม 15,490 คุ้มค่าน่าซื้อ มี office แท้",https://www.youtube.com/watch?v=j-8ua5o0FP4
2022-05-02,inspiron 14,inspiron 14 - youtube,1356,Not short,unboxing dell inspiron 14 2-in-1 convertible laptop | avani’s life,https://www.youtube.com/watch?v=2NGtE1S53Y8
2022-05-01,inspiron,inspiron 16 5620 - youtube,21070,Not short,dell vostro 5620 new launched 12th gen intel core i5 | 1240p,https://www.youtube.com/watch?v=341lzzPQFF0
2022-05-01,inspiron 15 3525,inspiron 15 3525 - youtube,857,Not short,dell inspiron 15 3525 ram upgrade,https://www.youtube.com/watch?v=jcEH53DTV9o
2022-04-30,inspiron 14,inspiron 16 5625 - youtube,4029,Not short,ノートパソコン値上り傾向！dell new inspiron 14、lenovo ideapad slim 560 pro(16)、new inspiron 16、デル、レノボ、甲乙つけ難い。,https://www.youtube.com/watch?v=770QJImOLXE
2022-04-30,No model name,inspiron 16 5620 - youtube,1195,Not short,4년차 직장인 브이로그 | 망원동 투어 | 오레노라멘 | 엔트러사이트 | 델 인스피론 16 5620 | what’s on my laptop | 합정역 혼밥 | intj,https://www.youtube.com/watch?v=_WGR2XTlNg0
2022-04-30,inspiron 14,inspiron 14 - youtube,7466,Not short,inspiron 14 メモリ増設、ssd換装を解説,https://www.youtube.com/watch?v=5UY_uZeTFHA
2022-04-29,inspiron 14,inspiron 14 - youtube,7412,Not short,dell inspiron 14-7425 2-in-1 touch laptop unboxing & first look | windows 11 laptop unboxing| lt hub,https://www.youtube.com/watch?v=27BhyfifPbg
2022-04-29,inspiron 14,inspiron 14 - youtube,71808,Not short,【初心者必見】6万円台で買えるdellおすすめノートパソコン！new inspiron 14 amd プレミアム ryzen5 5625u搭載！パソコン選びの４つの重要ポイントも紹介！2022年最新版,https://www.youtube.com/watch?v=z2UdwhLVjpA
2022-04-27,inspiron,inspiron 16 5625 - youtube,1077,Not short,dell vostro 5625u. ryzen 5 laptop  👏❤️❤️,https://www.youtube.com/watch?v=a5ABP0QqCoM
2022-04-26,inspiron,inspiron 16 5620 - youtube,69666,Not short,dell vostro 5620 new launched 12th gen intel core i5 exclusive unboxing & first impressions⚡,https://www.youtube.com/watch?v=32jx2_LJRgU
2022-04-25,inspiron 16,inspiron 16 5620 - youtube,1488,Not short,mở hộp: dell inspiron 16 plus 7610: i7 11800h màn 3k giá 25 triệu?,https://www.youtube.com/watch?v=KTIC3c_lHLU
2022-04-25,inspiron 14,inspiron 14 5420 - youtube,131,short,dell inspiron 14 5410 convertible laptop 11 gen intel core i5 14 inch touchscreen 256gb ssd 8 gb ram,https://www.youtube.com/shorts/yNYq_JfQE9U
2022-04-24,inspiron 16,inspiron 16 plus 7620 - youtube,4650,Not short,dell inspiron 16 plus internals & upgrading - can it run 64gb ram?,https://www.youtube.com/watch?v=fyodHNpGhrg
2022-04-24,inspiron 14,inspiron 14 5420 - youtube,30,Not short,southernintl replacement for dell inspiron 14tr 14r-5420 5425 14r-7420 1528 m421r h58tk 0h58t review,https://www.youtube.com/watch?v=XM5GxcLZEO0
2022-04-23,inspiron 15,inspiron 15 - youtube,1818,Not short,dell inspiron 15 3501 bios setup,https://www.youtube.com/watch?v=EPIV2f1Xe9g
2022-04-21,inspiron 16 5625,inspiron 16 5620 - youtube,3984,Not short,review laptop dell inspiron 16 5625 70281537 r5-5625u ram 8gb ssd 512gb 16 inch full hd+ windows 11,https://www.youtube.com/watch?v=RKNxZyxgq4s
2022-04-19,No model name,inspiron 16 5620 - youtube,4443,Not short,"가볍게 휴대할 수 있는 16형 대화면 노트북, dell 인스피론 16 5620-ub02kr",https://www.youtube.com/watch?v=AJKdEzUlcT4
2022-04-17,inspiron 16 5620,inspiron 16 5620 - youtube,2338,Not short,"dell inspiron 16 5620/5625 repair guide - battery, dc jack and fan replacement, heatsink cleaning",https://www.youtube.com/watch?v=vrcbDeza7Bc
2022-04-16,inspiron 15,inspiron 15 3520 - youtube,5,Not short,"original dell 65w ac adapter for inspiron 15 (3520), inspiron 15 (3521), inspiron 15 (3537),  review",https://www.youtube.com/watch?v=OjUXe8snbz4
2022-04-16,inspiron 15 3520,inspiron 15 3520 - youtube,5,Not short,gintai power switch on/off button board replacement for dell inspiron 15 3520 n5040 n5050 m50 review,https://www.youtube.com/watch?v=XlGJlHMtO1Y
2022-04-16,inspiron 15,inspiron 15 3520 - youtube,2,Not short,suyitai replacement for dell inspiron 15r-3520 15r-n5040 15r-n5050 15r-m5040 vostro 1540 2520 review,https://www.youtube.com/watch?v=eNV1_kAi_g0
2022-04-16,inspiron,inspiron 14 5420 - youtube,0,Not short,new keyboard replacement for dell inspiron n4050 n4110 14 3420 14r 5420 15 3520 15r 5520 vost review,https://www.youtube.com/watch?v=PDco6M28Ztw
2022-04-15,inspiron 16 5620,inspiron 16 5620 - youtube,8431,Not short,"dell inspiron 16 5620/5625 - ram, ssd and wifi upgrade guide",https://www.youtube.com/watch?v=iGxaPn9qedI
2022-04-15,inspiron 16 5620,inspiron 16 5620 - youtube,6721,Not short,new dell vostro 16 5625 unboxing & review 2022 | dell vostro amd ryzen 5 5625 laptop unboxing 2022,https://www.youtube.com/watch?v=fy-Oz7jfiDE
2022-04-15,inspiron 14,inspiron 14 - youtube,15699,short,dell inspiron14 laptop 5415 - ryzen 5 unboxing #shorts,https://www.youtube.com/shorts/juoIbqG4VEk
2022-04-13,inspiron 16 5620,inspiron 14 5425 - youtube,31845,Not short,dell inspiron 16 5620 review - inspiron 5000 gets intel core i5-1235u and 16:10 screen for 2022,https://www.youtube.com/watch?v=Ng2sH__uGk8
2022-04-12,inspiron 14,inspiron 14 5420 - youtube,1180,Not short,"dell inspiron 14 5415 calidad/precio en 14""",https://www.youtube.com/watch?v=Xk7SR8bzX-Q
2022-04-12,inspiron,inspiron 14 - youtube,972,Not short,"is it worth it? dell inspiron laptop peach dust - 14"" 5415 quick review #laptop #dell #delllaptop",https://www.youtube.com/watch?v=Fbl_W9PYrjk
2022-04-10,No model name,inspiron 15 - youtube,82074,Not short,qual melhor notebook dell custo benefício em 2022? // guia de toda a linha!,https://www.youtube.com/watch?v=qGvpTov0VQY
2022-04-09,inspiron 14,inspiron 14 5425 - youtube,5816,Not short,【新品】dell inspiron 14 amd (5425)で遊んでみます,https://www.youtube.com/watch?v=LcllN-fP-3E
2022-04-08,No model name,inspiron 14 5420 - youtube,3770,Not short,đánh giá laptop dell latitude 5420 cỗ máy siêu bền,https://www.youtube.com/watch?v=-yPuUDqoCrE
2022-04-07,inspiron 16,inspiron 16 5620 - youtube,1549,Not short,"inspiron 16 จอ fhd+ เบา 1.87 โล สเปก i5, i7 gen 12 / ryzen 5000 เริ่ม 2x,xxx #notebookทุกวัน ep36",https://www.youtube.com/watch?v=4MPDkrDNPA4
2022-04-07,inspiron 15,inspiron 15 - youtube,23800,short,dell inspiron 15 3000 blue unboxing + setting up (laptop) #short #shortsvideo #shorts,https://www.youtube.com/shorts/T4T3Ttg7ALM
2022-04-05,inspiron 15,inspiron 15 - youtube,15123,Not short,dell inspiron 15 3511 3515 hinges issue resolved: calibrate hinge of any slim laptop to avoid damage,https://www.youtube.com/watch?v=FsVWQoaZNls
2022-04-03,inspiron 16 5620,inspiron 16 5620 - youtube,11958,Not short,intel 12th gen powered dell vostro 5620 complete overview with benchmark | dell vostro 5620 review,https://www.youtube.com/watch?v=0P-qDE3p70E
2022-04-03,inspiron 15,inspiron 15 - youtube,1402,Not short,dell inspiron 15 5501 lcd panel replacement,https://www.youtube.com/watch?v=VghYZLP9zJo
2022-04-03,inspiron 14,inspiron 14 - youtube,13872,Not short,new inspiron 14 7425レビュー 16:10になり使いやすくなった2-in-1ノートpc,https://www.youtube.com/watch?v=5kWZC7ew1So
2022-04-01,inspiron 15,inspiron 15 - youtube,1136,Not short,"dell inspiron 15 3515 15.6"" laptop - amd ryzen 7, 512 gb ssd, silver - quick look",https://www.youtube.com/watch?v=BBBI_G4hUHM
2022-03-30,No model name,inspiron 16 5625 - youtube,12419,Not short,dell vostro 5625 16 inch laptop unboxing & first look | windows 11 laptop | amd ryzen 5 | lt hub,https://www.youtube.com/watch?v=wnyATdeCraI
2022-03-30,inspiron 14,inspiron 14 - youtube,4282,Not short,【dell inspiron 14 amd 5425】macbookairオーナーがでdellのノートpcでビデオ編集してみた。,https://www.youtube.com/watch?v=hja57LLLTEY
2022-03-29,inspiron 14,inspiron 14 - youtube,438,Not short,dell inspiron 14 5410i 2-in-1 laptop as a tablet in 2022 | tamil laptop review | qatar tamil vlog,https://www.youtube.com/watch?v=uYQqE4Tz17c
2022-03-28,inspiron 14,inspiron 14 - youtube,893,Not short,dell inspiron 14 5000 2 in 1 windows install,https://www.youtube.com/watch?v=ln_09QOIEN0
2022-03-26,inspiron 15,inspiron 15 - youtube,12930,Not short,dell inspiron 15 laptop || i7-11th gen || unboxing || quick review,https://www.youtube.com/watch?v=YvGWQjmwQXk
2022-03-25,inspiron,inspiron 16 5625 - youtube,499,Not short,"16"" fhd+ screen dell vostro 5625 laptop  വേറെ ലെവൽ സ്ക്രീൻ",https://www.youtube.com/watch?v=p1iTugc1oBs
2022-03-24,inspiron,inspiron 14 5425 - youtube,12052,Not short,"【$7,000輕量剪片文書機】dell insprion 16 5625評測｜amd新cpu ryzen 5 5625u跑分表現｜用內顯都做到簡單剪片、執相",https://www.youtube.com/watch?v=RMhytxR2Qqo
