﻿counter,post date,model,source,views,video type,title,link
1,4/17/2022,inspiron 16 5620,inspiron 16 5620 - youtube,193,Not short,"dell inspiron 16 5620/5625 repair guide - battery, dc jack and fan replacement, heatsink cleaning",https://www.youtube.com/watch?v=vrcbDeza7Bc
2,4/16/2022,inspiron 15 3520,inspiron 15 - youtube,0,Not short,gintai power switch on/off button board replacement for dell inspiron 15 3520 n5040 n5050 m50 review,https://www.youtube.com/watch?v=XlGJlHMtO1Y
3,4/15/2022,inspiron 16 5620,inspiron 16 5620 - youtube,491,Not short,"dell inspiron 16 5620/5625 - ram, ssd and wifi upgrade guide",https://www.youtube.com/watch?v=iGxaPn9qedI
4,4/13/2022,inspiron 16 5620,inspiron 16 5620 - youtube,3797,Not short,dell inspiron 16 5620 review - 5000-series gets intel 12th gen core i5-1235u and 16:10 screen,https://www.youtube.com/watch?v=Ng2sH__uGk8
5,3/22/2022,inspiron 15 3525,inspiron 15 3525 - youtube,343,Not short,inspiron 15 3525 wh02kr 언박싱,https://www.youtube.com/watch?v=Z0YOyAnns-M
6,3/8/2022,inspiron 14 5425,inspiron 14 5425 - youtube,24673,Not short,new inspiron 14 5425レビュー コスパ最高の14型ノートpc,https://www.youtube.com/watch?v=CV08yADQ_I0
7,3/6/2022,inspiron 16 5625,inspiron 16 5625 - youtube,24023,Not short,new inspiron 16 5625レビュー コスパ最高のスタンダードノートpc,https://www.youtube.com/watch?v=pVxzFXHuxeM
