﻿counter,post date,model,family grandparent,source,views,video type,title,link
1,2023-02-17,xps 13 9315 2in1,Millennio ADL,xps - youtube,40,Not short,dell xps 13 2 in 1 unboxing and review | goodnotes planner tablet,https://www.youtube.com/watch?v=s5x3Rg_hSTw
2,2023-02-17,xps 17 9720,Stradale ADL,xps - youtube,2,Not short,dell xps 17 2022 full review,https://www.youtube.com/watch?v=1-qi1I2u2PY
3,2023-02-17,xps 13 plus 9320,Tributo ADL,xps - youtube,24,Not short,dell xps 9315 vs dell xps 9320: huynh đệ tương tàn ?,https://www.youtube.com/watch?v=ngX9K3mbiDI
4,2023-02-17,xps 15 9520,Fiorano ADL,xps - youtube,50,short,xps 15 9520 | dell | xps |12th gen laptops,https://www.youtube.com/shorts/fgYrc4Y2Kvw
5,2023-02-17,xps 13 plus 9320,Tributo ADL,xps - youtube,15,Not short,dell xps 15 (2022) unboxing,https://www.youtube.com/watch?v=yzqpFrNTuh4
6,2023-02-15,xps 13 plus 9320,Tributo ADL,xps 13 - youtube,48,Not short,xps 13 plus vs latitude 9000 : le match !,https://www.youtube.com/watch?v=aqD7JAT0ICg
7,2023-02-15,xps 13 plus 9320,Tributo ADL,xps 13 - youtube,2808,Not short,artists and photographers will love this 3k display!,https://www.youtube.com/watch?v=saUCzM8fj-M
8,2023-02-15,xps 13 9315 2in1,Millennio ADL,xps - youtube,16634,Not short,【カッコイイね！】surface pro対抗の「dell xps 13 2 in 1」をレビュー。画質も文句なしですね,https://www.youtube.com/watch?v=-w9-JK50T9w
9,2023-02-14,xps 13 plus 9320,Tributo ADL,xps 13 plus - youtube,64,Not short,dell xps 13 plus unboxing||  first impressions⚡|| laptop house,https://www.youtube.com/watch?v=nOjYl_JJkP0
10,2023-02-14,xps 13 9315,Portofino ADL,xps 13 9315 - youtube,44,Not short,dell xps 9315: ultrabook đáng mua nhất đầu năm 2023!,https://www.youtube.com/watch?v=INF8PBOp9ks
11,2023-02-13,xps 13 plus 9320,Tributo ADL,xps - youtube,8585,Not short,dell xps 13 plus & dell xps 13 - six months later,https://www.youtube.com/watch?v=iwoOC9A9lj0
12,2023-02-12,xps 13 plus 9320,Tributo ADL,xps 13 plus - youtube,141,Not short,[ytp] linus is mad because the xps 13 plus doesn't have a headphone,https://www.youtube.com/watch?v=mn3__ILkTDY
13,2023-02-12,xps 13 9315 2in1,Millennio ADL,xps 13 2 in 1 - youtube,408,short,dell xps 13 2 in 1 laptop / tablet,https://www.youtube.com/shorts/30LfcY-9G80
14,2023-02-12,xps 13 plus 9320,Tributo ADL,xps - youtube,126,short,is dell xps 15 2022 good for gaming?,https://www.youtube.com/shorts/QFZntRdVqiQ
15,2023-02-11,xps 13 9315,Portofino ADL,xps 13 9315 - youtube,97,short,dell xps 13 9315 i7 12th gen| #ytviralvideos #ytnewtrends2023 | techayaz,https://www.youtube.com/shorts/GPdv8o7Zmw4
16,2023-02-10,xps 15 9520,Fiorano ADL,xps 15 - youtube,1,short,dell xps 15 9520: who is it for? #founditonamazon #tiktokmademebuyit,https://www.youtube.com/shorts/iWdvyAMGSxM
17,2023-02-09,xps 13 plus 9320,Tributo ADL,xps - youtube,265,Not short,dell xps 13 plus the most underrated laptop out right now,https://www.youtube.com/watch?v=K8RGno_g0LU
18,2023-02-08,xps 13 9315,Portofino ADL,xps 13 9315 - youtube,3733,Not short,thinkpad x1 carbon gen 10th vs dell xps 13 9315 vs macbook air m2: đâu là ultrabook đỉnh nhất ?,https://www.youtube.com/watch?v=uzgaZxmi1n0
19,2023-02-07,xps 13 plus 9320,Tributo ADL,xps 13 plus 9320 - youtube,40,Not short,dell xps 13 plus 9320 - how to enter bios settings & boot menu options,https://www.youtube.com/watch?v=tFjkftGvrAw
20,2023-02-06,xps 13 plus 9320,Tributo ADL,xps - youtube,49375,short,xps 13 plus coming soon! | dell philippines,https://www.youtube.com/shorts/OTit_Ui9zY8
21,2023-02-06,xps 13 plus 9320,Tributo ADL,xps - youtube,152,short,pros and cons of dell xps 13,https://www.youtube.com/shorts/l97qKdeT8Y0
22,2023-02-05,xps 13 plus 9320,Tributo ADL,xps 13 plus 9320 - youtube,578,short,#leo #dell xps 13 plus 9320 #review tamil #instagram,https://www.youtube.com/shorts/AY5R-mmcmHg
23,2023-02-05,xps 13 plus 9320,Tributo ADL,xps 13 plus - youtube,1016,short,#leo #dell xps 13 plus 9320 #unboxing video tamil,https://www.youtube.com/shorts/NnyZue31MI4
24,2023-02-04,xps 13 plus 9320,Tributo ADL,xps 13 plus 9320 - youtube,23,Not short,"dell xps 13 9320 plus 13.4"" laptop intel details 2023",https://www.youtube.com/watch?v=43eAESt2vC8
25,2023-02-04,xps 13 plus 9320,Tributo ADL,xps 13 plus - youtube,26,short,#dell xps 13 plus fail moment #shorts,https://www.youtube.com/shorts/R_sr43RJpWI
26,2023-02-04,xps 13 plus 9320,Tributo ADL,xps 13 plus - youtube,5521,short,#shorts dell xps 13 plus fail moment,https://www.youtube.com/shorts/wpP5IVX_TZY
27,2023-02-03,xps 13 plus 9320,Tributo ADL,xps 13 plus - youtube,90,short,dell xps 13 plus,https://www.youtube.com/shorts/tO3kE3kVW5I
28,2023-02-02,xps 13 plus 9320,Tributo ADL,xps 13 plus 9320 - youtube,290,Not short,resolvido o problema do dell xps plus 9320. espero receber o novo sem problemas (parte 3 final) 👍👍,https://www.youtube.com/watch?v=A-jFcHUdUyE
29,2023-02-02,xps 13 9315,Portofino ADL,xps - youtube,7072,Not short,dell's lower cost xps 13 9315 laptop review,https://www.youtube.com/watch?v=rSnyBwuiZ5A
30,2023-01-31,xps 13 plus 9320,Tributo ADL,xps - youtube,2434,Not short,is the dell xps 13 plus 9320 the best ultrabook for 2023?,https://www.youtube.com/watch?v=Mul5Fb9kZvU
31,2023-01-30,xps 13 9315 2in1,Millennio ADL,xps 13 2 in 1 - youtube,109,short,dell xps 13 2-in-1 asmr holiday video,https://www.youtube.com/shorts/5Oz35-fGqwQ
32,2023-01-30,xps 13 plus 9320,Tributo ADL,xps 13 - youtube,32621,Not short,"dell xps 13 plus // lindo, potente e compacto - mas vale a pena? (opinião sincera)",https://www.youtube.com/watch?v=ZHms30SM5VQ
33,2023-01-27,xps 13 plus 9320,Tributo ADL,xps 13 plus 9320 - youtube,286,Not short,touch-screen do dell xps plus 13 9320 continua com problema!!! e agora?? (parte 2),https://www.youtube.com/watch?v=e_DeddP9Jmk
34,2023-01-27,xps 13 plus 9320,Tributo ADL,xps 13 9315 - youtube,71,Not short,how to dell xps 13 9315 windows setup | how to clean install windows 10 on xps 13 9315 |,https://www.youtube.com/watch?v=gcIoreJpFQk
35,2023-01-26,xps 13 9315,Portofino ADL,xps 13 9315 - youtube,19,Not short,new dell xps 13 9315 with 12th gen live unboxing,https://www.youtube.com/watch?v=MsHbm3M72iI
36,2023-01-25,xps 13 plus 9320,Tributo ADL,xps 13 plus - youtube,3236,Not short,i7-1260p showdown | dell xps 13 plus vs samsung galaxy book2 pro 360,https://www.youtube.com/watch?v=b97lthJrpa0
37,2023-01-25,xps 13 plus 9320,Tributo ADL,xps 13 plus - youtube,296,Not short,unboxing the brand new dell xps 13 plus,https://www.youtube.com/watch?v=WbM2B-H1vDs
38,2023-01-21,xps 13 plus 9320,Tributo ADL,xps 13 plus - youtube,25,Not short,dell xps 13 plus features and more #dell #laptop2023,https://www.youtube.com/watch?v=kklzPB6Wue4
39,2023-01-21,xps 13 plus 9320,Tributo ADL,xps 13 2 in 1 - youtube,31,Not short,review dell laptop xps 13 2 in 1,https://www.youtube.com/watch?v=bX-uA4rBzYI
40,2023-01-21,xps 13 plus 9320,Tributo ADL,xps 13 2 in 1 - youtube,188,Not short,dell xps 13 2-in-1 full review & impression 🔥,https://www.youtube.com/watch?v=2gVWr4l_Wu4
41,2023-01-16,xps 15 9520,Fiorano ADL,xps 15 - youtube,51,Not short,review of the 2022 dell xps 15 9520 laptop,https://www.youtube.com/watch?v=d7mlVV_XXn4
42,2023-01-16,xps 13 plus 9320,Tributo ADL,xps 13 - youtube,54,Not short,which dell xps 13 laptop should you choose?  dell xps 13 2-in-1 - dell xps 13 plus - dell xps 13,https://www.youtube.com/watch?v=hl68knoNVF8
43,2023-01-15,xps 13 plus 9320,Tributo ADL,xps 13 - youtube,20014,Not short,laptop មហាស្អាត! | dell xps 13 plus unboxing + review,https://www.youtube.com/watch?v=wqpbxrcxfrY
44,2023-01-15,xps 13 plus 9320,Tributo ADL,xps - youtube,17743,Not short,使用體驗再升級！ dell xps 13 plus開箱,https://www.youtube.com/watch?v=vd9BCViDKcw
45,2023-01-13,xps 13 plus 9320,Tributo ADL,xps 13 plus 9320 - youtube,820,Not short,"dan ini dia delll xps plus 13 9320, murah sekarang !!",https://www.youtube.com/watch?v=8undKRNUNNw
46,2023-01-13,xps 13 plus 9320,Tributo ADL,xps 13 plus - youtube,20,short,dell xps 13 plus #shorts,https://www.youtube.com/shorts/h0tHWApyCJA
47,2023-01-13,xps 13 plus 9320,Tributo ADL,xps 13 plus - youtube,360,Not short,unboxing dell xps 13 plus,https://www.youtube.com/watch?v=YzaIh5pz2yE
48,2023-01-13,xps 13 9315 2in1,Millennio ADL,xps 13 2 in 1 - youtube,387,Not short,dell xps 13 2-in-1 sky - great alternative to surface pro 9,https://www.youtube.com/watch?v=Kx0PCUU4yTo
49,2023-01-12,xps 13 plus 9320,Tributo ADL,xps 13 plus 9320 - youtube,233,short,"xps plus 13 9320 2023 keren, 16jutaan #xpsplus #9320",https://www.youtube.com/shorts/0Z1Kd6PqaY8
50,2023-01-12,xps 13 plus 9320,Tributo ADL,xps 13 plus - youtube,217,short,xps 13 plus 9320 quick unboxing,https://www.youtube.com/shorts/vYDIGuz2eRM
51,2023-01-12,xps 13 9315 2in1,Millennio ADL,xps 13 9315 - youtube,19,Not short,xps 13 2-in-1 9315 runescape and old school runescape,https://www.youtube.com/watch?v=Y05GgMlZi8Y
52,2023-01-12,xps 13 9315,Portofino ADL,xps 13 9315 - youtube,923,short,dell xps 13 9315 linux touchpad input lag when pluging in 45 watts charger,https://www.youtube.com/shorts/f3b5xZhKVHc
53,2023-01-12,xps 13 plus 9320,Tributo ADL,xps 13 2 in 1 - youtube,664,short,dell xps 13 2in1 #shorts,https://www.youtube.com/shorts/Z37ibbhvf8s
54,2023-01-11,xps 13 plus 9320,Tributo ADL,xps 13 plus - youtube,33,Not short,my laptops for 2023 alienware x17 and dell xps 13 plus i7,https://www.youtube.com/watch?v=iK7v7bdXS6w
55,2023-01-11,xps 13 9315 2in1,Millennio ADL,xps 13 - youtube,1833,short,dell xps 13 2-in-1 unboxing #shorts #shortvideo,https://www.youtube.com/shorts/WKMpMkMVSjA
56,2023-01-11,xps 13 plus 9320,Tributo ADL,xps - youtube,285681,Not short,dell xps 13 2-in-1 unboxing & first impressions⚡feat. dell shopping days,https://www.youtube.com/watch?v=N-MpPPwxxLE
57,2023-01-10,xps 13 plus 9320,Tributo ADL,xps 13 plus - youtube,59,Not short,dell xps 13 plus slim laptop massive spec 16gb 1tb intel evo i7 large cursor,https://www.youtube.com/watch?v=DGoxcM6gw7o
58,2023-01-10,xps 13 plus 9320,Tributo ADL,xps 13 plus - youtube,136,Not short,best 2 in 1 laptop 2023 | dell xps 13 plus | samsung galaxy book 2 pro 360 |,https://www.youtube.com/watch?v=wFbYh8vr2Tc
59,2023-01-10,xps 13 9315,Portofino ADL,xps 13 9315 - youtube,206,Not short,unbelievable: what we found inside the dell xps 13 9315! | xps 13 9315 disassembly & upgrade option,https://www.youtube.com/watch?v=BPBk9sIK-PQ
60,2023-01-10,xps 13 9315,Portofino ADL,xps 13 - youtube,737,short,dell xps 13 9315 touchpad input lag after replacement,https://www.youtube.com/shorts/p_ZQu6XUmXU
61,2023-01-09,xps 13 9315,Portofino ADL,xps 13 9315 - youtube,7,Not short,"dell xps 13 9315 13.4"" fhd+ laptop, intel evo core i5-1230u, 8gb ram, 256gb ssd, backlit k",https://www.youtube.com/watch?v=lKuHwI8rCgA
62,2023-01-07,xps 15 9520,Fiorano ADL,xps 15 - youtube,244,short,[fixed] dell xps 15 9560 broken hinge with super glue,https://www.youtube.com/shorts/r2VJXR-zXak
63,2023-01-05,xps 13 plus 9320,Tributo ADL,xps 13 plus - youtube,20,Not short,xps 13 plus,https://www.youtube.com/watch?v=8ft0GdGv_eQ
64,2023-01-05,xps 13 plus 9320,Tributo ADL,xps - youtube,1632,Not short,bateria do dell xps plus 9320 com 4k e tela touch. será que melhorou? o que vc acha??,https://www.youtube.com/watch?v=bnT15KLstcw
65,2023-01-04,xps 13 plus 9320,Tributo ADL,xps 13 plus - youtube,1,Not short,xps 13 plus laptop - đẳng cấp nên thương hiệu,https://www.youtube.com/watch?v=ci1XsoYOxGU
66,2023-01-03,xps 13 plus 9320,Tributo ADL,xps 13 plus - youtube,112,Not short,【製品紹介】dell xps 13 plusレヴュー！ 話題のpcの真相,https://www.youtube.com/watch?v=THRtcOhx4Tc
67,2023-01-03,xps 13 plus 9320,Tributo ADL,xps 13 plus - youtube,413,Not short,dell xps 13 plus all around great computer with video and photo editing,https://www.youtube.com/watch?v=WUF4_5ihmqk
68,2023-01-01,xps 13 plus 9320,Tributo ADL,xps 13 plus 9320 - youtube,7012,Not short,"đánh giá dell xps 9320: chỉ 2 từ thôi ""siêu phẩm""",https://www.youtube.com/watch?v=NVqUVJ_T25A
69,2022-12-31,xps 13 9315 2in1,Millennio ADL,xps 13 9315 - youtube,25,Not short,best workstation dell xps 13 2 in 1 9315 review a cheaper surface pro alternative3,https://www.youtube.com/watch?v=FxWTcEsHvwg
70,2022-12-31,xps 13 9315,Portofino ADL,xps 13 9315 - youtube,1140,Not short,đánh giá dell xps 13 9315 (2022) đỉnh cao của sự tối giản và mỏng nhẹ của một chiếc laptop...?,https://www.youtube.com/watch?v=suQUearIZUA
71,2022-12-31,xps 13 9315 2in1,Millennio ADL,xps 13 9315 - youtube,22,Not short,dell xps 13 2 in 1 9315 review a cheaper surface pro alternative 1,https://www.youtube.com/watch?v=JfUI1Bc80xc
72,2022-12-31,xps 13 9315 2in1,Millennio ADL,xps 13 9315 - youtube,9,Not short,dell xps 13 2 in 1 9315 review a cheaper surface pro alternative2,https://www.youtube.com/watch?v=jp5QwxrA9-g
73,2022-12-30,xps 13 plus 9320,Tributo ADL,xps 13 plus 9320 - youtube,1239,Not short,dell xps plus 9320 vs dell xps 9300. será que valeu o upgrade??,https://www.youtube.com/watch?v=XiWssiKKUqU
74,2022-12-30,xps 13 plus 9320,Tributo ADL,xps 13 plus 9320 - youtube,172,Not short,dell xps 13 9320 recenzija,https://www.youtube.com/watch?v=-i2kMxVRHIk
75,2022-12-28,xps 13 plus 9320,Tributo ADL,xps 13 plus - youtube,204,Not short,dell xps 13 plus,https://www.youtube.com/watch?v=53mDCiSOfco
76,2022-12-28,xps 13 9315,Portofino ADL,xps 13 9315 - youtube,83,Not short,dell xps 13 9315 core i7 12th gen 16gb 1tb ssd 13 4 fhd touch win11 laptop,https://www.youtube.com/watch?v=MJr_l3RRYbQ
77,2022-12-26,xps 13 plus 9320,Tributo ADL,xps 13 plus 9320 - youtube,589,Not short,so sánh dell xps 13 plus và macbook air m2 | thế giới laptop,https://www.youtube.com/watch?v=5HVXHw5rK7s
78,2022-12-25,xps 13 plus 9320,Tributo ADL,xps 13 plus - youtube,1023,Not short,laptop dell xps 13 plus 9320 chính hãng - thế hệ chip 12 | máy tính đông á,https://www.youtube.com/watch?v=YgVzNkXmKCA
79,2022-12-24,xps 13 plus 9320,Tributo ADL,xps 13 plus - youtube,42,Not short,dell xps 13 plus unboxing,https://www.youtube.com/watch?v=djKsOrSh0sc
80,2022-12-24,xps 13 plus 9320,Tributo ADL,xps 13 9315 - youtube,2857,Not short,dell xps 9315 (2022) | chiếc 'macbook air' dành cho những người ghét macos,https://www.youtube.com/watch?v=yp8ErlHjYZ4
81,2022-12-24,xps 13 9315 2in1,Millennio ADL,xps 13 2 in 1 - youtube,529,Not short,2022 dell xps 13 2n1 review || core i7-1250u,https://www.youtube.com/watch?v=X8POWSotk2I
82,2022-12-23,xps 13 9315,Portofino ADL,xps 13 9315 - youtube,684,Not short,"xps 13 9315 หนึ่งใน intel evo สายพรีเมียม สเปก i7-1250u ลื่นไหล จอ 13.4"" fhd+ ทัชได้ ราคา 64,990 บาท",https://www.youtube.com/watch?v=w4z9yXR-nu8
83,2022-12-23,xps 13 9315 2in1,Millennio ADL,xps - youtube,1316861,Not short,dell just destroyed the surface pro! - dell xps 13 2-in-1,https://www.youtube.com/watch?v=BV1O7RR-VoA
84,2022-12-21,xps 13 plus 9320,Tributo ADL,xps 13 plus 9320 - youtube,6,Not short,dell xps 9320 mới nhất 2022,https://www.youtube.com/watch?v=AfTRjNylVj0
85,2022-12-21,xps 13 plus 9320,Tributo ADL,xps 13 plus 9320 - youtube,111,Not short,terminal ep. 400: dell xps 13 9320 | the game awards 2022,https://www.youtube.com/watch?v=p7pr_PvEnAQ
86,2022-12-21,xps 13 plus 9320,Tributo ADL,xps 13 plus - youtube,176,Not short,dell xps 15 9520 (2022) vs xps 13 plus 9320 full comparison,https://www.youtube.com/watch?v=jS0vxzVXg9Q
87,2022-12-21,xps 13 9315,Portofino ADL,xps 13 9315 - youtube,27,Not short,trên tay mở hộp dell xps 13 9315,https://www.youtube.com/watch?v=HtlFQTZgv3o
88,2022-12-20,xps 13 plus 9320,Tributo ADL,xps 13 plus 9320 - youtube,51,Not short,dell xps 13 9320 - laptop doanh nhân cao cấp - laptop365,https://www.youtube.com/watch?v=o4AL0ogewz4
89,2022-12-19,xps 13 9315,Portofino ADL,xps 13 9315 - youtube,263,short,dell xps 9315 đẹp cỡ nào,https://www.youtube.com/shorts/1E8uqNQMwo4
90,2022-12-18,xps 13 9315,Portofino ADL,xps 13 9315 - youtube,9290,Not short,"đánh giá dell xps 13 9315: thiết kế đẳng cấp, hiệu năng mạnh mẽ!",https://www.youtube.com/watch?v=zE0juqnrsn8
91,2022-12-17,xps 13 plus 9320,Tributo ADL,xps 13 plus 9320 - youtube,1403,Not short,dell xps13 plus much faster than apple macbook pro: full review,https://www.youtube.com/watch?v=mQD60Yqrf94
92,2022-12-17,xps 13 plus 9320,Tributo ADL,xps 13 plus - youtube,45,Not short,dell xps 13 plus 9320 laptop review#pc,https://www.youtube.com/watch?v=VuO31zMyJSA
93,2022-12-17,xps 13 plus 9320,Tributo ADL,xps 13 plus - youtube,3239,Not short,ultrabook tốt nhất nhưng có vài vấn đề... dell xps 13 plus,https://www.youtube.com/watch?v=dU2IbK0ciks
94,2022-12-16,xps 13 plus 9320,Tributo ADL,xps 13 plus 9320 - youtube,79,short,"the all new dell xps 13!!! 9320, 2022, i7 1260p, 32gb ram, 2tb nvme ssd, 3.5k oled touch screen 👌🦜🌈",https://www.youtube.com/shorts/jO4874G982w
95,2022-12-15,xps 13 plus 9320,Tributo ADL,xps 13 plus 9320 - youtube,915,Not short,dell xps 13 plus - laptop độc lạ nhất năm 2022 | thế giới laptop,https://www.youtube.com/watch?v=h5KlokuTXhw
96,2022-12-15,xps 13 plus 9320,Tributo ADL,xps 13 plus 9320 - youtube,466,short,chill cũng dell xps 9320,https://www.youtube.com/shorts/R1MYRLrebbs
97,2022-12-15,xps 13 plus 9320,Tributo ADL,xps 13 plus - youtube,2808,Not short,unboxing novo dell xps 13 plus 9320. será que é top??,https://www.youtube.com/watch?v=h1ta-10O52s
98,2022-12-13,xps 13 plus 9320,Tributo ADL,xps 13 plus - youtube,3,short,dell xps 13 plus laptop review,https://www.youtube.com/shorts/6VbUhT3f51g
99,2022-12-12,xps 13 plus 9320,Tributo ADL,xps 13 plus 9320 - youtube,980,Not short,💻dell xps 13 plus (2022): macbook pre windows opäť. aký je?,https://www.youtube.com/watch?v=FnLaAR5dwtA
100,2022-12-12,xps 13 9315,Portofino ADL,xps 13 9315 - youtube,18490,Not short,thinkpad x1 carbon 10th vs dell xps 13 9315 vs macbook air m2: đâu là ultrabook đỉnh nhất?,https://www.youtube.com/watch?v=K9pfi87wbGA
101,2022-12-11,xps 13 plus 9320,Tributo ADL,xps 13 plus 9320 - youtube,5932,Not short,"sau 5 tháng trải nghiệm, dell xps 9320 có còn đã?",https://www.youtube.com/watch?v=b8EJC0O8sfY
102,2022-12-08,xps 13 plus 9320,Tributo ADL,xps 13 plus - youtube,310,short,dell xps 13 plus 9020 i5-1240p ram 16gb (2022),https://www.youtube.com/shorts/GD0IhCm4hOc
103,2022-12-08,xps 13 plus 9320,Tributo ADL,xps 13 plus - youtube,223,Not short,dell xps 13 plus 9320 review,https://www.youtube.com/watch?v=GnDLuwO1Ohw
104,2022-12-07,xps 13 plus 9320,Tributo ADL,xps 13 plus - youtube,5,Not short,xps 13 plus - the speed of creativity,https://www.youtube.com/watch?v=SX6YkmbIy8U
105,2022-12-07,xps 13 plus 9320,Tributo ADL,xps 13 plus - youtube,58,Not short,dell xps 13 plus 9320 (graphite platinum),https://www.youtube.com/watch?v=0CdLlpFCTjQ
106,2022-12-07,xps 13 9315,Portofino ADL,xps 13 9315 - youtube,594,Not short,dell xps 13 9315 laptop review#pc,https://www.youtube.com/watch?v=1gWZflbPrtY
107,2022-12-06,xps 13 plus 9320,Tributo ADL,xps 13 plus 9320 - youtube,238532,Not short,dell xps 13 plus พร้อมให้คุณเป็นเจ้าของแล้ว #dellthailand,https://www.youtube.com/watch?v=JHGRdDpXfTQ
108,2022-12-06,xps 13 plus 9320,Tributo ADL,xps 13 plus - youtube,156,Not short,dell xps 13 plus laptop review#pc,https://www.youtube.com/watch?v=wpGKbwtf56o
109,2022-12-06,xps 13 plus 9320,Tributo ADL,xps 13 plus - youtube,31486,Not short,trải nghiệm dell xps 13 plus: xứng đáng ultrabook ấn tượng nhất năm!,https://www.youtube.com/watch?v=DPJvhgAf4IE
110,2022-12-04,xps 13 plus 9320,Tributo ADL,xps 13 plus - youtube,1,short,new xps 13 plus laptop (2022),https://www.youtube.com/shorts/KpRnCaj0wRM
111,2022-12-04,xps 13 plus 9320,Tributo ADL,xps 13 plus - youtube,26,short,dell xps 13 plus #shorts,https://www.youtube.com/shorts/bAC7VLd117I
112,2022-12-04,xps 13 plus 9320,Tributo ADL,xps 13 plus - youtube,277,short,dell xps 13 plus #shorts #trending #rabby_khan #rabbykhan,https://www.youtube.com/shorts/IqdoBfjybXc
113,2022-12-04,xps 13 9315 2in1,Millennio ADL,xps 13 2 in 1 - youtube,2333,Not short,dell xps 13 2-in-1 vs ipad pro with magic keyboard,https://www.youtube.com/watch?v=1gbw_fnx-PQ
114,2022-12-03,xps 13 plus 9320,Tributo ADL,xps 13 plus 9320 - youtube,79,Not short,xps 13 plus laptop   dell xps laptop computers   dell usa,https://www.youtube.com/watch?v=4zVPNLrtQpw
115,2022-12-02,xps 13 plus 9320,Tributo ADL,xps 13 plus - youtube,235,Not short,dell xps 13 plus 13.4” oled touch-screen laptop - the best laptop you'll ever use,https://www.youtube.com/watch?v=G9aC7TmtAn0
116,2022-12-02,xps 13 plus 9320,Tributo ADL,xps 13 plus - youtube,148,short,dell xps 13 plus | unboxing | the most beautiful laptop #shorts #rjworld,https://www.youtube.com/shorts/TFoju4Dv08U
117,2022-12-01,xps 13 plus 9320,Tributo ADL,xps 13 plus - youtube,34,short,the new dell xps 13 plus is stunning @ unboxtherapy,https://www.youtube.com/shorts/q7tj8sL08uc
118,2022-12-01,xps 13 plus 9320,Tributo ADL,xps 13 plus - youtube,1450,short,dell's most beautiful laptop // dell xps 13 plus!,https://www.youtube.com/shorts/0rpG0IMrlxc
119,2022-12-01,xps 13 plus 9320,Tributo ADL,xps 13 plus - youtube,360,short,dell's most beautiful laptop // dell xps 13 plus!,https://www.youtube.com/shorts/-BedpgozdU8
120,2022-11-30,xps 13 plus 9320,Tributo ADL,xps 13 plus - youtube,105,Not short,dell xps 13 plus 2022 - the next-gen ultrabook | 12th gen intel,https://www.youtube.com/watch?v=TGMZxjU2I1o
121,2022-11-30,xps 13 plus 9320,Tributo ADL,xps 13 - youtube,68270,Not short,2022 dell xps 13 and xps 13 plus review,https://www.youtube.com/watch?v=Smitkw-0hIo
122,2022-11-29,xps 13 plus 9320,Tributo ADL,xps 13 plus - youtube,18,Not short,"dell xps 13 plus 2022   trailer ultrabook mỏng nhẹ, sang trọng, mạnh mẽ",https://www.youtube.com/watch?v=Lue7gQqivzk
123,2022-11-27,xps 13 plus 9320,Tributo ADL,xps 13 plus - youtube,892,Not short,dell xps 13 plus - a retrospective,https://www.youtube.com/watch?v=YLzB2MM1X-A
124,2022-11-27,xps 13 9315 2in1,Millennio ADL,xps 13 2 in 1 - youtube,2630,Not short,ist dell xps 13 2-1 das bessere surface pro 9 ? der vergleich!,https://www.youtube.com/watch?v=zEYnhAi4kes
125,2022-11-26,xps 13 plus 9320,Tributo ADL,xps 13 plus - youtube,454,short,dell xps 13 plus #shorts #dell #xps13  new addd,https://www.youtube.com/shorts/WCaeyMs8R14
126,2022-11-26,xps 13 plus 9320,Tributo ADL,xps 13 9315 - youtube,1458,Not short,so sánh laptop dell xps 13 9320 và dell xps 13 9315,https://www.youtube.com/watch?v=r0viyInRtAM
127,2022-11-26,xps 13 plus 9320,Tributo ADL,xps 13 - youtube,141913,Not short,dell's most beautiful laptop // dell xps 13 plus!,https://www.youtube.com/watch?v=T0oVkhKkcAw
128,2022-11-25,xps 13 plus 9320,Tributo ADL,xps 13 plus - youtube,403,Not short,dell xps 13 plus 9320 unboxing,https://www.youtube.com/watch?v=QCBqQnt3hyI
129,2022-11-25,xps 13 9315,Portofino ADL,xps 13 9315 - youtube,1967,Not short,đánh giá laptop dell xps 13 9315 chuyên dành cho các chủ tịch,https://www.youtube.com/watch?v=pzm5EAFpJJc
130,2022-11-25,xps 13 9315,Portofino ADL,xps 13 9315 - youtube,9116,Not short,dell xps 9315 2in1: đẹp hơn cả ipad pro nhưng….,https://www.youtube.com/watch?v=zWoSGG6-UJo
131,2022-11-24,xps 13 plus 9320,Tributo ADL,xps 13 plus - youtube,238,Not short,is the dell xps 13 plus 9320 the best ultra book for 2023?,https://www.youtube.com/watch?v=mtPlFsj70RI
132,2022-11-24,xps 13 9315 2in1,Millennio ADL,xps 13 2 in 1 - youtube,322,Not short,dell xps 13 2-in-1: latest premium laptop from dell enters microsoft surface space,https://www.youtube.com/watch?v=hGqZNpklRzs
133,2022-11-23,xps 13 plus 9320,Tributo ADL,xps 13 plus - youtube,25,short,one of the best laptop | xps 13 plus review#trending #ytshorts #bestlaptop,https://www.youtube.com/shorts/66o_XT2Xym8
134,2022-11-22,xps 13 9315,Portofino ADL,xps 13 9315 - youtube,35118,Not short,trên tay dell xps 13 9315 (2022): chạy đua...sự tối giản?,https://www.youtube.com/watch?v=b5Qc84AGNkA
135,2022-11-22,xps 13 9315 2in1,Millennio ADL,xps 13 2 in 1 - youtube,399,Not short,"dell xps 13 2-in-1 (2022) | 12th gen intel core i5, full hd webcam & windows 11 pro",https://www.youtube.com/watch?v=tn4AanCbTjM
136,2022-11-21,xps 13 9315,Portofino ADL,xps 13 9315 - youtube,7901,Not short,unbox dell xps 9315: “iphone 14 deep purple” phiên bản laptop! nuột thật sự!,https://www.youtube.com/watch?v=RC2_FIuCniE
137,2022-11-21,xps 13 9315,Portofino ADL,xps 13 9315 - youtube,105,Not short,laptop dell xps 13 9315 - ultrabook siêu tối giản | techcare.vn,https://www.youtube.com/watch?v=upwLVlWf55s
138,2022-11-21,xps 13 9315 2in1,Millennio ADL,xps 13 2 in 1 - youtube,2689,Not short,dell xps 13 2 in 1 | 40k 2 in 1 best laptop | best 2 in 1 laptop,https://www.youtube.com/watch?v=PWQwc_RoKxE
139,2022-11-20,xps 13 plus 9320,Tributo ADL,xps 13 9315 - youtube,3786,Not short,2022 dell xps 13 umber color vs sky color,https://www.youtube.com/watch?v=sHJla_w-u94
140,2022-11-18,xps 13 plus 9320,Tributo ADL,xps 13 plus - youtube,99,Not short,new dell xps 13 plus | first impressions,https://www.youtube.com/watch?v=JtG9jMlBcrA
141,2022-11-18,xps 13 plus 9320,Tributo ADL,xps 13 plus - youtube,326,Not short,dell xps 13 plus review: is it worth the purchase?,https://www.youtube.com/watch?v=sxvCGnsEeLM
142,2022-11-18,xps 13 9315 2in1,Millennio ADL,xps 13 9315 - youtube,4987,Not short,"dell's xps 13 2-in-1: now, it's a desirable detachable with excellent cameras",https://www.youtube.com/watch?v=xTU-qKm4Rok
143,2022-11-18,xps 13 9315,Portofino ADL,xps 13 9315 - youtube,3932,Not short,hp spectre x360 14 2022 vs dell xps 13 9315 detailed comparison: two best windows laptops!,https://www.youtube.com/watch?v=OKWN2dztcXw
144,2022-11-17,xps 13 plus 9320,Tributo ADL,xps 13 plus - youtube,20,Not short,xps 13 plus,https://www.youtube.com/watch?v=iHhTZCUo8Xs
145,2022-11-17,xps 13 plus 9320,Tributo ADL,xps 13 plus - youtube,404,Not short,dell xps 13 plus 9320  - 2022 toàn cảnh bóc tem - cấu hình khách từ website nhà sản xuất tại mỹ,https://www.youtube.com/watch?v=fgnRQiextmo
146,2022-11-17,xps 13 9315 2in1,Millennio ADL,xps 13 9315 - youtube,103,Not short,surface pro 8 konkurrenz: dell xps 13 9315 2-in-1,https://www.youtube.com/watch?v=-Oel8GmTFPM
147,2022-11-17,xps 13 plus 9320,Tributo ADL,xps 13 - youtube,76720,Not short,dell xps 13 2-in-1 review - forget surface pro 9,https://www.youtube.com/watch?v=AhEIaK7-Y-4
148,2022-11-16,xps 13 9315,Portofino ADL,xps 13 9315 - youtube,773,Not short,"dell xps 9315 model 2022, đèn nền gây khó ....😏",https://www.youtube.com/watch?v=6SMjG2-WbBQ
149,2022-11-14,xps 13 plus 9320,Tributo ADL,xps 13 plus - youtube,422,short,#short#dell xps 13 plus unboxing# short#,https://www.youtube.com/shorts/BBS5_nlmRWE
150,2022-11-14,xps 13 9315 2in1,Millennio ADL,xps 13 9315 - youtube,179,Not short,dell xps 13 9315 2 in 1 review | 2022,https://www.youtube.com/watch?v=W09N_ZqAYIo
151,2022-11-14,xps 13 9315,Portofino ADL,xps 13 9315 - youtube,746,Not short,2022 xps 13 9315 | look inside | what can you upgrade,https://www.youtube.com/watch?v=ilyw8U1NFeQ
152,2022-11-13,xps 13 plus 9320,Tributo ADL,xps 13 plus - youtube,18,Not short,dell xps 13 plus - latest laptop,https://www.youtube.com/watch?v=H-THvr9G0zs
153,2022-11-12,xps 13 plus 9320,Tributo ADL,xps 13 9315 - youtube,733,Not short,dell xps 13 inch 9315 (2022) | sang chảnh nhưng vẫn thiếu!,https://www.youtube.com/watch?v=8khc-WS53S0
154,2022-11-11,xps 13 plus 9320,Tributo ADL,xps 13 plus - youtube,1930,Not short,"dell xps 13 plus ""donnez vie à vos idées à une vitesse fulgurante"" pub 30s",https://www.youtube.com/watch?v=9DFnMG6nra8
155,2022-11-10,xps 13 9315 2in1,Millennio ADL,xps 13 2 in 1 - youtube,727,Not short,microsoft surface pro 9 vs dell xps 13 2 in 1,https://www.youtube.com/watch?v=036NV7KGKuQ
156,2022-11-10,xps 13 9315,Portofino ADL,xps 13 - youtube,8142,Not short,dell xps 13 9315 with intel core i7 12th gen unboxing & review: slimmest & redesigned xps!,https://www.youtube.com/watch?v=Z34Imi0TNBM
157,2022-11-08,xps 13 plus 9320,Tributo ADL,xps 13 plus - youtube,371,Not short,microsoft surface laptop 5 vs dell xps 13 plus,https://www.youtube.com/watch?v=M3z7T5ivVw4
158,2022-11-08,xps 13 plus 9320,Tributo ADL,xps 13 plus - youtube,3711,Not short,where performance meets design 💣 dell xps 13 plus,https://www.youtube.com/watch?v=wP6by8YWA5o
159,2022-11-08,xps 13 plus 9320,Tributo ADL,xps 13 plus - youtube,2887,Not short,dell xps 13 plus (9320) designer review,https://www.youtube.com/watch?v=jM3SCtg7fZU
160,2022-11-08,xps 13 9315 2in1,Millennio ADL,xps 13 9315 - youtube,9970,Not short,one week later - dell xps 13 2-in-1 | surface pro 9 with 5g,https://www.youtube.com/watch?v=d0QIHUF7H7M
161,2022-11-08,xps 13 9315 2in1,Millennio ADL,xps 13 9315 - youtube,454,Not short,dell xps 13 2-in-1 (9315) review,https://www.youtube.com/watch?v=2LzSvqS6aFM
162,2022-11-07,xps 13 plus 9320,Tributo ADL,xps 13 plus - youtube,203,Not short,dell xps 13 plus vs apple macbook air m2,https://www.youtube.com/watch?v=gi1txoWyL7Q
163,2022-11-07,xps 13 plus 9320,Tributo ADL,xps 13 plus - youtube,635,Not short,dell xps 13 plus vs apple macbook air m1,https://www.youtube.com/watch?v=VqWBJkITrMs
164,2022-11-07,xps 13 plus 9320,Tributo ADL,xps 13 plus - youtube,658,Not short,dell xps 13 plus review | best laptop 2022,https://www.youtube.com/watch?v=iUO569A-UfY
165,2022-11-07,xps 13 plus 9320,Tributo ADL,xps 13 plus - youtube,924,Not short,dell xps 13 | xps 13 review | xps 13 2022 | xps 13 plus | laptop video | compuserve,https://www.youtube.com/watch?v=JjIzSql4728
166,2022-11-06,xps 13 plus 9320,Tributo ADL,xps 13 plus - youtube,29945,short,dell xps 13 plus unboxing & first impressions⚡dell xps 13 with 4k display 🤯 | intel®️ core i7 evo 🚀,https://www.youtube.com/shorts/j7xnT47U1EU
167,2022-11-03,xps 13 plus 9320,Tributo ADL,xps 13 - youtube,197113,Not short,⚡this laptop is value for money❗😲 dell xps 13 plus 💻unboxing & first impression | tamil tech,https://www.youtube.com/watch?v=ziSfMrhsHY0
168,2022-11-02,xps 13 plus 9320,Tributo ADL,xps 13 plus 9320 - youtube,335,Not short,"dell xps 13 plus 9320, core i7 1260p, ram 32gb, ssd 512gb",https://www.youtube.com/watch?v=858sD3Xuzw8
169,2022-11-01,xps 13 plus 9320,Tributo ADL,xps 13 plus 9320 - youtube,34393,Not short,รีวิว dell xps 13 plus โน้ตบุ๊กสายทำงานที่อัดแน่นด้วย cpu ถึง 12 core !,https://www.youtube.com/watch?v=dRzGNH3tMoI
170,2022-10-30,xps 13 plus 9320,Tributo ADL,xps 13 - youtube,4337,Not short,miał być laptop marzenie a wyszedł... - recenzja dell xps 13 plus,https://www.youtube.com/watch?v=TWwFBvztyvQ
171,2022-10-28,xps 13 plus 9320,Tributo ADL,xps 13 9315 - youtube,216526,Not short,dell xps 13 2-in-1 (2022) - the better surface pro 9?,https://www.youtube.com/watch?v=SwFdLT85FY8
172,2022-10-26,xps 13 plus 9320,Tributo ADL,xps 13 plus 9320 - youtube,304,short,dell xps 13 plus review,https://www.youtube.com/shorts/ugdPWrntrRk
173,2022-10-23,xps 13 plus 9320,Tributo ADL,xps 13 plus 9320 - youtube,7582,Not short,dell xps 13 plus review - sleek but not perfect!,https://www.youtube.com/watch?v=ZS1uEoa25AI
174,2022-10-23,xps 13 plus 9320,Tributo ADL,xps 13 - youtube,108889,Not short,back to school with the dell xps 13 plus review | m2 macbook air alternative ?,https://www.youtube.com/watch?v=exq5fQGFzjo
175,2022-10-23,xps 13 plus 9320,Tributo ADL,xps 13 - youtube,13667,Not short,surface pro 9 vs dell xps 13 2-in-1 | what to choose?,https://www.youtube.com/watch?v=c36MDRZxhWw
176,2022-10-22,xps 15 9520,Fiorano ADL,xps 15 - youtube,140925,short,a mini day in the life with the dell xps 15!,https://www.youtube.com/shorts/YnhC0BIlw5I
177,2022-10-21,xps 13 9315,Portofino ADL,xps 13 9315 - youtube,7069,Not short,dell xps 9315 (2022) - mỏng đẹp và sang trọng| laptopworld,https://www.youtube.com/watch?v=DWZj_n-HKEc
178,2022-10-20,xps 13 plus 9320,Tributo ADL,xps 13 plus 9320 - youtube,4395,Not short,รีวิว dell xps 13 plus สเปก intel evo gen 12 จอ oled 3.5k ทัขได้ ดีไซน์พรีเมียมและมินิมอลที่สุด !!!,https://www.youtube.com/watch?v=1Qpo39-SGHY
179,2022-10-20,xps 13 plus 9320,Tributo ADL,xps 13 plus 9320 - youtube,6778,Not short,รีวิว dell xps 13 plus สุดยอดโน้ตบุ๊คทำงาน ที่ใครๆ ก็ชอบ,https://www.youtube.com/watch?v=028VQX0BRog
180,2022-10-20,xps 13 9315,Portofino ADL,xps 13 9315 - youtube,2285,Not short,dell xps 9315 và xps 9315 2 in 1 (2022) - ultrabook cao cấp nhưng vẫn thiếu...  | laptopworld,https://www.youtube.com/watch?v=9kDixncOsL4
181,2022-10-19,xps 13 plus 9320,Tributo ADL,xps 13 plus 9320 - youtube,12823,short,dell xps 13 plus 9320 asmr unboxing,https://www.youtube.com/shorts/DKlCErUmbjY
182,2022-10-19,xps 13 9315 2in1,Millennio ADL,xps 13 9315 - youtube,31632,Not short,xps 13 2in1 vs surface pro 8,https://www.youtube.com/watch?v=i8NONWWu5rw
183,2022-10-18,xps 13 plus 9320,Tributo ADL,xps 13 plus 9320 - youtube,243,Not short,trên tay đánh giá dell xps 9320 plus dòng cao cấp doanh nhân chuẩn mỹ tại laptopxachtayshop,https://www.youtube.com/watch?v=gVhB1adkMI8
184,2022-10-18,xps 13 9315,Portofino ADL,xps 13 9315 - youtube,9692,Not short,dell xps 9315 2 in 1 và surface pro 9 - out trình nhưng đắt... | laptopworld,https://www.youtube.com/watch?v=-uBn7EXKaKs
185,2022-10-17,xps 13 9315 2in1,Millennio ADL,xps 13 9315 - youtube,1951,Not short,new xps 13 2-in-1 開封動画,https://www.youtube.com/watch?v=XlpBU2ULe2s
186,2022-10-17,xps 13 plus 9320,Tributo ADL,xps 13 9315 - youtube,4054,Not short,bleeding edge or tried and true? dell xps 13 (plus) comparison review,https://www.youtube.com/watch?v=-1kaPO_SVzQ
187,2022-10-16,xps 13 plus 9320,Tributo ADL,xps 13 plus 9320 - youtube,25,short,"dell xps 13 plus laptop, intel i7-1260p, 16gb, 1tb ssd, win 11 + mso'21, 13.4"" (34.036cms) uhd+ ar",https://www.youtube.com/shorts/6MVq7cB11KY
188,2022-10-16,xps 13 plus 9320,Tributo ADL,xps 13 plus 9320 - youtube,23,short,"dell xps 13 plus laptop, intel i7-1260p, 16gb, 1tb ssd, win 11 + mso'21, 13.4"" (34.036cms) uhd+ ar",https://www.youtube.com/shorts/YkEcrCg5zUo
189,2022-10-16,xps 13 plus 9320,Tributo ADL,xps 13 plus 9320 - youtube,6,short,"dell xps 13 plus laptop, intel i7-1260p, 16gb, 1tb ssd, win 11 + mso'21, 13.4"" (34.036cms) uhd+ ar",https://www.youtube.com/shorts/xcrBPRP46NY
190,2022-10-16,xps 13 plus 9320,Tributo ADL,xps 13 9315 - youtube,28219,Not short,hp spectre x360 14 vs dell xps 13 plus 9320 - fight!,https://www.youtube.com/watch?v=rPRsaZdPagY
191,2022-10-16,xps 13 plus 9320,Tributo ADL,xps 13 9310 - youtube,69,Not short,dell xps 13 review || best laptop in 2023 || anas academy,https://www.youtube.com/watch?v=FrSMFx2DMGE
192,2022-10-14,xps 13 plus 9320,Tributo ADL,xps 13 plus 9320 - youtube,291,short,khui thùng dell xps 9320 plus chuẩn mỹ,https://www.youtube.com/shorts/36II_aK9634
193,2022-10-14,xps 13 9315 2in1,Millennio ADL,xps 13 9315 - youtube,26551,Not short,[trên tay] dell xps 9315 2 in 1 (2022) - rất đẹp nhưng... | laptopworld,https://www.youtube.com/watch?v=b6_nvTnwQwU
194,2022-10-14,xps 13 plus 9320,Tributo ADL,xps 13 2 in 1 - youtube,117,Not short,dell xps 13 plus || faster than a macbook! | manha tech |  #shorts,https://www.youtube.com/watch?v=7TwNFzCUtQc
195,2022-10-13,xps 13 plus 9320,Tributo ADL,xps 13 plus 9320 - youtube,2380,Not short,kompaktní pracant i bavič | dell xps 13 plus | czc vs atishow,https://www.youtube.com/watch?v=zrkW-Siqpog
196,2022-10-13,xps 13 9315 2in1,Millennio ADL,xps 13 2 in 1 - youtube,130,Not short,new dell  xps 13 2-in-1  oct 2022,https://www.youtube.com/watch?v=X_SprbyNPVo
197,2022-10-12,xps 13 plus 9320,Tributo ADL,xps 13 plus 9320 - youtube,36,Not short,dell xps 13 plus (9320) review: spec | laptop3mien,https://www.youtube.com/watch?v=7oXMbauWMYI
198,2022-10-11,xps 13 9315,Portofino ADL,xps 13 9315 - youtube,36,Not short,dell xps 13 9315 review: spec | laptop3mien,https://www.youtube.com/watch?v=W7f8iODDBGU
199,2022-10-10,xps 13 plus 9320,Tributo ADL,xps 13 plus 9320 - youtube,33,Not short,dell xps 13 plus review dell laptop 2022 ashley roberts,https://www.youtube.com/watch?v=3ibd9ERvPjM
200,2022-10-09,xps 13 plus 9320,Tributo ADL,xps 13 plus 9320 - youtube,492,short,unboxing my dell xps 13 plus (9320) #dell #xps13plus #shorts,https://www.youtube.com/shorts/Vrn7t7g7ABI
201,2022-10-08,xps 13 plus 9320,Tributo ADL,xps 13 plus 9320 - youtube,32,Not short,dell xps 13 plus review | premium laptop,https://www.youtube.com/watch?v=gSIylvaWh9c
202,2022-10-08,xps 13 plus 9320,Tributo ADL,xps 13 - youtube,37660,Not short,dell xps 13 (9315) review | taking on the macbook air,https://www.youtube.com/watch?v=So-jWm3rjDw
203,2022-10-07,xps 13 plus 9320,Tributo ADL,xps 13 - youtube,1202754,Not short,the new dell xps 13 plus is stunning,https://www.youtube.com/watch?v=kKHW0AlMkFo
204,2022-10-05,xps 13 plus 9320,Tributo ADL,xps 13 9315 - youtube,6811,Not short,dell xps 13 9315 (2022)  - a battery like macbook,https://www.youtube.com/watch?v=FJiwyh-R0Tg
205,2022-10-05,xps 13 9315 2in1,Millennio ADL,xps 13 9315 - youtube,47777,Not short,dell xps 13 2in1 review,https://www.youtube.com/watch?v=iD94wpV0NZE
206,2022-10-05,xps 13 plus 9320,Tributo ADL,xps 13 - youtube,699830,Not short,dell xps 13 plus unboxing & first impressions⚡this laptop is from future,https://www.youtube.com/watch?v=KA5z_KeoTnw
207,2022-10-04,xps 13 9315 2in1,Millennio ADL,xps 13 9315 - youtube,4316,Not short,xps 13 2in1 2022: chiếc xps cực lạ (9315),https://www.youtube.com/watch?v=0H7fyEFY9VY
208,2022-10-04,xps 13 9315 2in1,Millennio ADL,xps 13 2 in 1 - youtube,1986,Not short,xps 13 2 in 1 | dell india,https://www.youtube.com/watch?v=z7eUs3h8IdA
209,2022-10-04,xps 13 9315,Portofino ADL,xps 13 - youtube,11439,Not short,new dell xps 13 in umber,https://www.youtube.com/watch?v=Dxmgd10AP8w
210,2022-10-03,xps 13 9315 2in1,Millennio ADL,xps 13 9315 - youtube,4558,Not short,"dell xps 13 2 in 1 (model 9315) is getting returned to dell, here's why! 12th gen i7 1250u",https://www.youtube.com/watch?v=_khDxPICOkY
211,2022-10-03,xps 13 plus 9320,Tributo ADL,xps 13 - youtube,7553,Not short,【3c老實說】dell xps 13 plus 開箱：商務筆電的時尚巔峰,https://www.youtube.com/watch?v=AGN4AJBIpyg
212,2022-10-01,xps 13 9315,Portofino ADL,xps 13 9315 - youtube,38,short,new xps 13 9315 official video,https://www.youtube.com/shorts/3jxSSbkcm4A
213,2022-10-01,xps 13 9315,Portofino ADL,xps 13 9315 - youtube,17,Not short,dell xps 9315,https://www.youtube.com/watch?v=S9vJPLhAQNY
214,2022-09-30,xps 13 plus 9320,Tributo ADL,xps 13 - youtube,1667335,Not short,dope tech: the hottest laptop design!,https://www.youtube.com/watch?v=bFBIrkzy_gM
215,2022-09-29,xps 13 plus 9320,Tributo ADL,xps 13 - youtube,204000,Not short,dell xps 13 plus (xps 9320): this is stunning!,https://www.youtube.com/watch?v=uthVoXXYK-Y
216,2022-09-29,xps 13 9315,Portofino ADL,xps 13 - youtube,1499,Not short,new dell xps 13 9315 with 12th gen live unboxing,https://www.youtube.com/watch?v=R1tIZXrFN40
217,2022-09-28,xps 13 plus 9320,Tributo ADL,xps 13 9315 - youtube,9634,Not short,dell xps 13 (2022) in umber - live unboxing,https://www.youtube.com/watch?v=AOS_c05d6GM
218,2022-09-28,xps 13 plus 9320,Tributo ADL,xps 13 - youtube,840796,Not short,best laptops 2022: top 10 thin & light laptops you can buy!,https://www.youtube.com/watch?v=YZtN6UNJIV4
219,2022-09-26,xps 15 9520,Fiorano ADL,xps 15 - youtube,1423,Not short,dell xps 15 (9520) laptop review: is the xps 15 9520 good for gaming?,https://www.youtube.com/watch?v=-7r8ll5AnQ8
220,2022-09-26,xps 13 9315,Portofino ADL,xps 13 9315 - youtube,7337,Not short,dell xps 13 9315 review,https://www.youtube.com/watch?v=FWgoT8Ji8ng
221,2022-09-25,xps 13 plus 9320,Tributo ADL,xps 13 9315 - youtube,3266,Not short,laptop o którym marzyłem! - unboxing dell xps 13 plus,https://www.youtube.com/watch?v=TgIoW9hLnMA
222,2022-09-24,xps 13 plus 9320,Tributo ADL,xps 13 9315 - youtube,1822,Not short,new dell xps 13 for 2022,https://www.youtube.com/watch?v=ivvEUYsnSWs
223,2022-09-24,xps 13 plus 9320,Tributo ADL,xps 13 9305 - youtube,186,Not short,dell xps 13 9305 laptop,https://www.youtube.com/watch?v=Du2uYbwnpYM
224,2022-09-23,xps 13 9315 2in1,Millennio ADL,xps 13 9315 - youtube,653,Not short,unboxing the dell xps 13 2-in-1,https://www.youtube.com/watch?v=yNcWQkcSgC0
225,2022-09-23,xps 13 9315 2in1,Millennio ADL,xps 13 9315 - youtube,572,Not short,dell xps 13 2-in-1 feature guide.,https://www.youtube.com/watch?v=ae8tGa1xaq0
226,2022-09-22,xps 13 9315,Portofino ADL,xps 13 - youtube,1983,Not short,dell new xps 13 9315 2022 | 12th generation intel® core i5 | windows 11 | india | college students,https://www.youtube.com/watch?v=E0YypQRcFns
227,2022-09-22,xps 13 9315 2in1,Millennio ADL,xps 13 - youtube,1054,short,#technology #dell #dell xps 13 2 in 1 2022#shorts,https://www.youtube.com/shorts/ZkcmlybWJ5Y
228,2022-09-21,xps 13 9315 2in1,Millennio ADL,xps 13 9315 - youtube,136479,Not short,dell xps 13 | 2-in-1 unboxing and first impressions (12th gen i5 1230u),https://www.youtube.com/watch?v=sP16VNVEhq0
229,2022-09-21,xps 13 plus 9320,Tributo ADL,xps 13 - youtube,678,Not short,dell xps 13 9315 intel core 12th gen 13 fhd dell laptop review (dell xps 9315 new 2022) full review,https://www.youtube.com/watch?v=zUgr7rtsItE
230,2022-09-20,xps 13 plus 9320,Tributo ADL,xps 13 9315 - youtube,6595,Not short,hp spectre x360 vs dell xps 13 2-in-1 | ultrabook battle continues!,https://www.youtube.com/watch?v=_lTsp5sw6b0
231,2022-09-19,xps 15 9520,Fiorano ADL,xps 15 - youtube,8683,Not short,dell xps 15 9520 review - the jack of all trades!,https://www.youtube.com/watch?v=b6ETHchupR8
232,2022-09-19,xps 13 9315 2in1,Millennio ADL,xps 13 2 in 1 - youtube,40,Not short,dell xps 13 2 in 1 review the convertible king#pc #laptop #technology,https://www.youtube.com/watch?v=Aoa4semzW1A
233,2022-09-18,xps 13 9315,Portofino ADL,xps 13 9315 - youtube,3774,Not short,apple m2 macbook air vs dell xps 13 | make it simple,https://www.youtube.com/watch?v=8LV65_ciLSg
234,2022-09-18,xps 13 plus 9320,Tributo ADL,xps 13 - youtube,436,Not short,dell xps 13 plus laptop review: is the xps 13 plus good for gaming?,https://www.youtube.com/watch?v=gdtIZ-33oWw
235,2022-09-15,xps 13 plus 9320,Tributo ADL,xps 15 - youtube,391,Not short,"2022 dell xps 15 review || beauty outside, beast inside",https://www.youtube.com/watch?v=ifR4pU2zAkE
236,2022-09-14,xps 15 9520,Fiorano ADL,xps 15 - youtube,488,Not short,dell xps 15 9520 gaming benchmark 2022,https://www.youtube.com/watch?v=HJ3cJ54ojg0
237,2022-09-14,xps 13 9315 2in1,Millennio ADL,xps 13 - youtube,112174,Not short,xps 13 2-in-1,https://www.youtube.com/watch?v=xZ6PDe8Evfk
238,2022-09-13,xps 13 9315,Portofino ADL,xps 13 9315 - youtube,235,short,new dell xps 13 9315 sky,https://www.youtube.com/shorts/BPvQaiLNC3M
239,2022-09-12,xps 13 9315 2in1,Millennio ADL,xps 13 9315 - youtube,35899,Not short,unboxing the all new detachable dell xps 13 2-in-1,https://www.youtube.com/watch?v=yHQs3aKa510
240,2022-09-09,xps 13 9315 2in1,Millennio ADL,xps 13 2 in 1 - youtube,4691,short,dell xps 13 2 in 1 (2019) might be upgrading to a xps 15 in the near future,https://www.youtube.com/shorts/3lu_zIKTkus
241,2022-09-07,xps 13 9315 2in1,Millennio ADL,xps 13 2 in 1 - youtube,235,Not short,"dell new xps 13 2-in-1 pc launched with detachable folio keyboard - explained all spec, features",https://www.youtube.com/watch?v=doz3t0RTFi4
242,2022-09-04,xps 13 plus 9320,Tributo ADL,xps 13 - youtube,53807,Not short,"dell xps 13 9315 (2022) review - double the battery life, half the performance",https://www.youtube.com/watch?v=md6sockUcYU
243,2022-09-03,xps 13 9315 2in1,Millennio ADL,xps 13 2 in 1 - youtube,21344,Not short,surface pro 8 vs xps 13 2-in-1 smackdown! | make it simple,https://www.youtube.com/watch?v=_jotE2na-WI
244,2022-08-30,xps 13 9315 2in1,Millennio ADL,xps 13 2 in 1 - youtube,12481,Not short,dell xps 13 vs samsung galaxy book 2 360 // 13in windows laptop showdown,https://www.youtube.com/watch?v=5Wbmo1wEfTQ
245,2022-08-30,xps 13 plus 9320,Tributo ADL,xps 13 2 in 1 - youtube,343,Not short,dell xps 13: game-changing 2-in-1 laptop - what you need to know!,https://www.youtube.com/watch?v=Z__dkvZ7GGQ
246,2022-08-25,xps 13 plus 9320,Tributo ADL,xps 13 9310 - youtube,929,short,what to know about dells all new xps 13 plus.,https://www.youtube.com/shorts/_FaJUHplNEU
247,2022-08-24,xps 13 plus 9320,Tributo ADL,xps 13 2 in 1 - youtube,16124,Not short,this laptop will ruin you - xps 13 plus long term review,https://www.youtube.com/watch?v=DaKyOoE8JN0
248,2022-08-23,xps 13 plus 9320,Tributo ADL,xps 13 - youtube,63581,Not short,dell xps 13 plus is unusual 🤔 (full review),https://www.youtube.com/watch?v=QNsHyzzPYUQ
249,2022-08-21,xps 13 plus 9320,Tributo ADL,xps 13 - youtube,1142,Not short,dell xps 13 plus / did i just dodge a bullet?,https://www.youtube.com/watch?v=NZOSoU3xkJw
250,2022-08-19,xps 15 9520,Fiorano ADL,xps 15 - youtube,21727,Not short,dell xps 15 9520 (2022) - nuclear review,https://www.youtube.com/watch?v=yxV4VYWsknw
251,2022-08-18,xps 13 plus 9320,Tributo ADL,xps 13 - youtube,152360,Not short,dell xps 13 plus: a quality control disaster,https://www.youtube.com/watch?v=bZpwCpubr_0
252,2022-08-17,xps 15 9520,Fiorano ADL,xps 15 - youtube,364,Not short,dell xps 15 9520-wp06kr wavesnx 터치스크린 테스트,https://www.youtube.com/watch?v=xZtaXiN25iU
253,2022-08-16,xps 13 plus 9320,Tributo ADL,xps 15 - youtube,12912,Not short,dell xps 15 2022 vs hp spectre 16 - which is the best business laptop?,https://www.youtube.com/watch?v=cNk47hPdV1o
254,2022-08-13,xps 15 9520,Fiorano ADL,xps 15 - youtube,11343,Not short,dell xps 9520 (2022) sự thật về chiếc xps 15 đắt nhất của dell...,https://www.youtube.com/watch?v=pU00KVHAhps
255,2022-08-07,xps 17 9720,Stradale ADL,xps 17 - youtube,2,Not short,[광고] dell xps 17 9720-wp06kr 게임 사운드,https://www.youtube.com/watch?v=e2pRwOzLAF8
256,2022-08-05,xps 13 plus 9320,Tributo ADL,xps 17 - youtube,1127,Not short,xps 13 plus gaming review + egpu & od-oled alienware aw3423dw gaming monitor,https://www.youtube.com/watch?v=EmLah6AnFlU
257,2022-08-05,xps 15 9520,Fiorano ADL,xps 15 9520 - youtube,4,Not short,dell xps 15 9520 full review,https://www.youtube.com/watch?v=B8TaO5WYmTU
258,2022-08-05,xps 15 9520,Fiorano ADL,xps 15 9520 - youtube,514,Not short,🔬[review] dell xps 15 9520 - high-end alternative of macbook pro,https://www.youtube.com/watch?v=E1MS1rhfFms
259,2022-08-04,xps 15 9520,Fiorano ADL,xps 15 9520 - youtube,50,Not short,issues i've been having with my dell xps 15 9520,https://www.youtube.com/watch?v=jrtp6jxb54s
260,2022-08-03,xps 15 9520,Fiorano ADL,xps 15 9520 - youtube,55,Not short,🔬 [ревю] dell xps 15 9520 - конкурент на macbook pro от най-висок клас,https://www.youtube.com/watch?v=9LE8VEEgrTg
261,2022-08-01,xps 13 plus 9320,Tributo ADL,xps 13 2 in 1 - youtube,3078,Not short,plus在哪儿？全新戴尔xps 13 plus极速开箱,https://www.youtube.com/watch?v=lgEEu-iUG2g
262,2022-07-29,xps 15 9520,Fiorano ADL,xps 15 - youtube,19641,Not short,dell xps 15 9520 unboxing & first impressions!,https://www.youtube.com/watch?v=u8LJ_1C4vhM
263,2022-07-29,xps 13 9315 2in1,Millennio ADL,xps 13 2 in 1 - youtube,20865,Not short,the new dell xps 13 2-in-1: everything you need to know,https://www.youtube.com/watch?v=DWySqUzedIU
264,2022-07-26,xps 17 9720,Stradale ADL,xps 17 - youtube,2196,Not short,m1 max macbook pro 16 vs dell xps 17 9720 | best video editing laptop in 2022!,https://www.youtube.com/watch?v=lyT74xh7nsM
265,2022-07-25,xps 17 9720,Stradale ADL,xps 17 9710 - youtube,49,Not short,dell xps 17 9720 full review,https://www.youtube.com/watch?v=hdAd-T7Tlww
266,2022-07-25,xps 17 9720,Stradale ADL,xps 17 - youtube,74,Not short,🔬 [ревю]  dell xps 17 9720,https://www.youtube.com/watch?v=8fWVUPra730
267,2022-07-25,xps 15 9520,Fiorano ADL,xps 15 - youtube,76866,Not short,2022 dell xps 15 (9520) review,https://www.youtube.com/watch?v=7JaUe_7P968
268,2022-07-24,xps 17 9720,Stradale ADL,xps 17 - youtube,933,Not short,"🔬[review] dell xps 17 9720 - thin, light, and versatile",https://www.youtube.com/watch?v=6UTQ7qwhIpU
269,2022-07-24,xps 13 plus 9320,Tributo ADL,xps 13 9305 - youtube,445388,Not short,m2 macbook air vs xps 13 plus - the results shocked us! 🤯,https://www.youtube.com/watch?v=Lf9sjtv3LYs
270,2022-07-23,xps 13 plus 9320,Tributo ADL,xps 17 9720 - youtube,5864,Not short,dell xps 13 plus (core i5 fhd+ graphite): live unboxing,https://www.youtube.com/watch?v=_dihiaABCQA
271,2022-07-21,xps 13 plus 9320,Tributo ADL,xps 13 9305 - youtube,99,Not short,dell xps 13 plus review: most powerful laptop🔥 with 12th gen intel core processors?,https://www.youtube.com/watch?v=qDip9i2LdJ8
272,2022-07-20,xps 15 9520,Fiorano ADL,xps 15 9520 - youtube,1466,Not short,🛠️ dell xps 15 9520 - disassembly and upgrade options,https://www.youtube.com/watch?v=5xwezEshgtQ
273,2022-07-20,xps 13 plus 9320,Tributo ADL,xps 13 9310 - youtube,16348,Not short,i am returning my dell xps 13 plus - here's why,https://www.youtube.com/watch?v=Kqqd1IMu2e8
274,2022-07-20,xps 13 plus 9320,Tributo ADL,xps 13 9305 - youtube,15970,Not short,xps 13 plus 9320 review | xps 13 2022 | xps 13 plus | mrs.wealth tips | dell xps 13 plus 9320 kaufen,https://www.youtube.com/watch?v=vnO6m-6vt6E
275,2022-07-16,xps 13 plus 9320,Tributo ADL,xps 15 9520 - youtube,14276,Not short,dell xps 13 plus 9320 (2022) (oled): the review,https://www.youtube.com/watch?v=TnTH4NNvFe8
276,2022-07-15,xps 15 9520,Fiorano ADL,xps 15 9520 - youtube,792,Not short,dell xps 15 9520 - gaming performance (or lack thereof),https://www.youtube.com/watch?v=enERmYaItYo
277,2022-07-15,xps 15 9520,Fiorano ADL,xps 15 - youtube,7024,Not short,dell xps 15 9520 (2022) unboxing und erster eindruck,https://www.youtube.com/watch?v=M_iy8El81D0
278,2022-07-14,xps 15 9520,Fiorano ADL,xps 15 9520 - youtube,97,Not short,6分で判る！xps 15 9520の全て,https://www.youtube.com/watch?v=HstlQNvenEc
279,2022-07-09,xps 15 9520,Fiorano ADL,xps 15 9520 - youtube,44,Not short,[광고] dell xps 15 9520 대학생 노트북 - 디아블로 3 게임 성능,https://www.youtube.com/watch?v=zTgyhRolMvw
280,2022-07-09,xps 15 9520,Fiorano ADL,xps 15 9520 - youtube,95,Not short,[광고] dell xps 15 9520 대학생 노트북 - 윈도우 11 부팅 속도,https://www.youtube.com/watch?v=zCak1Ygdh30
281,2022-07-09,xps 15 9520,Fiorano ADL,xps 15 9520 - youtube,30,Not short,[광고] dell xps 15 9520 대학생 노트북 - waves maxxaudio pro 사운드,https://www.youtube.com/watch?v=OguWr89LqCo
282,2022-07-07,xps 15 9520,Fiorano ADL,xps 15 9520 - youtube,30,Not short,"[광고] dell xps 15 9520 wp06kr 게이밍 노트북, 배틀그라운드 플레이 영상",https://www.youtube.com/watch?v=P79RDGUl4PQ
283,2022-07-07,xps 15 9520,Fiorano ADL,xps 15 9520 - youtube,32,Not short,"[광고] dell xps 15 9520 wp06kr 게이밍 노트북, 오버워치 플레이 영상",https://www.youtube.com/watch?v=7xbAnQRXDMg
284,2022-07-07,xps 15 9520,Fiorano ADL,xps 15 9520 - youtube,71,Not short,"[광고] dell xps 15 9520 wp06kr 게이밍 노트북, 타건 영상",https://www.youtube.com/watch?v=1Lap0FGUWa4
285,2022-07-07,xps 15 9520,Fiorano ADL,xps 15 9520 - youtube,59,Not short,[광고]dell xps 15 9520 wp06kr waves nx 오디오 테스트,https://www.youtube.com/watch?v=iSyGfSD7z28
286,2022-07-07,xps 13 plus 9320,Tributo ADL,xps 13 9310 - youtube,62,Not short,dell xps 13 9310 ms30s - notebook premium!,https://www.youtube.com/watch?v=2AJn7ZreD18
287,2022-07-05,xps 15 9520,Fiorano ADL,xps 15 9520 - youtube,536,Not short,dell xps 15 9520 follow up review,https://www.youtube.com/watch?v=e4LNYJsI0QA
288,2022-07-03,xps 15 9520,Fiorano ADL,xps 15 9520 - youtube,6420,Not short,"new dell xps 15 9520. как macbook, но на windows 11! ноутбук 2022 с intel 12th gen i5 12500h iris xe",https://www.youtube.com/watch?v=D3jt5kkwVP8
289,2022-07-02,xps 17 9720,Stradale ADL,xps 17 - youtube,9347,Not short,dell xps 17 9720 performance testing,https://www.youtube.com/watch?v=j1_MZhBv93A
290,2022-06-30,xps 13 plus 9320,Tributo ADL,xps 13 9310 - youtube,1576,Not short,dell xps 13 plus 9320 vs xps 9310: cải tiến có chắc đã tốt hơn?,https://www.youtube.com/watch?v=zqGkEm2O204
291,2022-06-30,xps 13 plus 9320,Tributo ADL,xps 13 - youtube,59,Not short,dell xps 13 plus 9320 vs xps 9310: cải tiến có chắc đã tốt hơn?,https://www.youtube.com/watch?v=_7NSH3axGj8
292,2022-06-30,xps 13 plus 9320,Tributo ADL,xps - youtube,173,Not short,want a better look at the new dell xps 13 & 13 plus?,https://www.youtube.com/watch?v=4Qq8CYj6xZw
293,2022-06-30,xps 13 plus 9320,Tributo ADL,xps - youtube,10,Not short,factory reset any dell laptop (xps g15 inspiron 15 3000 5000 2-in-1 13 16 plus touch system restore),https://www.youtube.com/watch?v=VuOzZ9jLFlc
294,2022-06-29,xps 13 plus 9320,Tributo ADL,xps 13 9310 - youtube,34804,Not short,dell xps 13 vs xps 13 plus - windows fights back!,https://www.youtube.com/watch?v=j-lQL2v0j5M
295,2022-06-29,xps 13 plus 9320,Tributo ADL,xps 13 - youtube,249,Not short,unboxing dell xps 13 plus 9320 - cao cấp trên từng đường nét,https://www.youtube.com/watch?v=CvVu2S1XT7g
296,2022-06-29,xps 13 plus 9320,Tributo ADL,xps - youtube,1416,Not short,dell xps 13 plus review 2022,https://www.youtube.com/watch?v=x-Ni2mkc9zE
297,2022-06-29,xps 13 plus 9320,Tributo ADL,xps - youtube,282,Not short,indecisive - my honest thoughts on the dell xps 13 plus,https://www.youtube.com/watch?v=gbnlAb9G3h0
298,2022-06-28,xps 13 plus 9320,Tributo ADL,xps - youtube,424,Not short,dell xps 13 plus cinebench + adobe performance,https://www.youtube.com/watch?v=L64g7cDAxfY
299,2022-06-28,xps 13 plus 9320,Tributo ADL,xps - youtube,80,Not short,dell xps 13 plus (new laptop 2022) full review !,https://www.youtube.com/watch?v=Qm2TiK8KgKY
300,2022-06-27,xps 17 9720,Stradale ADL,xps 17 - youtube,2022,Not short,🛠️ dell xps 17 9720 - disassembly and upgrade options,https://www.youtube.com/watch?v=zHr2XCX1UEA
301,2022-06-27,xps 13 plus 9320,Tributo ADL,xps 13 9310 - youtube,64748,Not short,dell xps 13 2022 review,https://www.youtube.com/watch?v=tjV5-JN-SWM
302,2022-06-27,xps 13 plus 9320,Tributo ADL,xps - youtube,638,Not short,new 2022 xps 13 plus 9320 unboxing | first impression | look inside | how to upgrade sdd,https://www.youtube.com/watch?v=HMcKTAPAIyA
303,2022-06-26,xps 15 9520,Fiorano ADL,xps 15 - youtube,263600,Not short,so close to perfect - dell xps 15 9520 review,https://www.youtube.com/watch?v=1OIzFwC3pd8
304,2022-06-26,xps 13 plus 9320,Tributo ADL,xps - youtube,1575,Not short,델 xps13 9320 (plus) 언박싱 & 잡담,https://www.youtube.com/watch?v=GfWYpv4KJIQ
305,2022-06-26,xps 13 plus 9320,Tributo ADL,xps - youtube,523,Not short,"comparing the macbook air vs the dell xps 13 plus - power, performance & price",https://www.youtube.com/watch?v=tuCR8H0MSb8
306,2022-06-26,xps 13 plus 9320,Tributo ADL,xps - youtube,1825,Not short,dell xps 13 plus - pros and cons,https://www.youtube.com/watch?v=myCLLq6tnGE
307,2022-06-26,xps 13 plus 9320,Tributo ADL,xps - youtube,68,Not short,xps 13 plus - cleaner and faster than a macbook!,https://www.youtube.com/watch?v=GgH5OkH7R0g
308,2022-06-25,xps 13 plus 9320,Tributo ADL,xps 15 9520 - youtube,13559,Not short,dell xps 13 plus (9320): one week later,https://www.youtube.com/watch?v=h7HBJiNp8Ts
309,2022-06-25,xps 13 plus 9320,Tributo ADL,xps - youtube,1229,Not short,unbox dell xps 13 plus 9320 (2022): đầu tiên tại việt nam.,https://www.youtube.com/watch?v=c1ObJqyf-6s
310,2022-06-25,xps 13 plus 9320,Tributo ADL,xps - youtube,16643,Not short,the most beautiful laptop in a decade | xps 13 plus first impressions,https://www.youtube.com/watch?v=W1rMBZM5lus
311,2022-06-24,xps 15 9520,Fiorano ADL,xps 15 9520 - youtube,1481,Not short,dell xps 15 9520 - unboxing & first impressions,https://www.youtube.com/watch?v=X8-GTNWg9dA
312,2022-06-24,xps 13 plus 9320,Tributo ADL,xps 15 - youtube,457930,Not short,dell xps 15 (2022) full review!,https://www.youtube.com/watch?v=yLMGzih8CSE
313,2022-06-24,xps 13 plus 9320,Tributo ADL,xps - youtube,1513,Not short,dell xps 13 plus unboxing and first impressions,https://www.youtube.com/watch?v=WI1yuQuZ7JE
314,2022-06-23,xps 13 plus 9320,Tributo ADL,xps 13 - youtube,114203,Not short,m2 vs i7 1280p - does intel's best laptop cpu destroy m2?,https://www.youtube.com/watch?v=Q7RibmBWwHU
315,2022-06-22,xps 17 9720,Stradale ADL,xps 17 - youtube,127,Not short,dell xps 17 9720 rtx 3060 vs. rtx 3050: 25 percent faster performance at no additional power cost,https://www.youtube.com/watch?v=bQlDQliNcUA
316,2022-06-22,xps 13 plus 9320,Tributo ADL,xps 13 - youtube,4979,Not short,how to apply a dbrand xps 13 plus skin,https://www.youtube.com/watch?v=EnLKeKWkEgg
317,2022-06-21,xps 15 9520,Fiorano ADL,xps 15 9520 - youtube,17,Not short,xps 15 9520 介紹！,https://www.youtube.com/watch?v=1SybOYMToqM
318,2022-06-21,xps 13 plus 9320,Tributo ADL,xps 13 - youtube,11468,Not short,dell xps 13 plus - full throttle 12 cores in a tiny package!,https://www.youtube.com/watch?v=w20bzsxPbsY
319,2022-06-19,xps 13 plus 9320,Tributo ADL,xps 15 9520 - youtube,46868,Not short,dell xps 13 plus (9320) (2022): simply stunning!,https://www.youtube.com/watch?v=Eh3ExQ_6XrI
320,2022-06-19,xps 15 9520,Fiorano ADL,xps 15 9520 - youtube,1924,Not short,dell xps 15 9520 (2022) review- full of joy 😊 💛🤗,https://www.youtube.com/watch?v=20HEwlAlAQw
321,2022-06-19,xps 15 9520,Fiorano ADL,xps 15 - youtube,2105,Not short,dell xps 15 9520 (2022) review 🤩 still the best ?,https://www.youtube.com/watch?v=_4TyuHJ6U4M
322,2022-06-19,xps 13 plus 9320,Tributo ADL,xps 13 - youtube,9015,Not short,dell xps 13 plus unboxing and initial impressions | absolutely gorgeous!,https://www.youtube.com/watch?v=rtWspZPPJbY
323,2022-06-18,xps 13 plus 9320,Tributo ADL,xps 15 9520 - youtube,14024,Not short,dell xps 13 plus (9320) (2022): live unboxing,https://www.youtube.com/watch?v=FIBnK64Dbto
324,2022-06-13,xps 15 9520,Fiorano ADL,xps 15 9520 - youtube,654,Not short,dell xps 9520: với core i7-12700h + rtx 3050 chơi game sẽ ra sao,https://www.youtube.com/watch?v=zs9EsDie-uk
325,2022-06-11,xps 15 9520,Fiorano ADL,xps 15 9520 - youtube,149,Not short,"dell xps 9520: bí mật bên trong chiếc hộp ""đen""",https://www.youtube.com/watch?v=o45HnKiVXiw
326,2022-06-11,xps 15 9520,Fiorano ADL,xps 15 - youtube,22363,Not short,dell xps 15 9520 performance testing,https://www.youtube.com/watch?v=D_s8kPrZMTg
327,2022-06-10,xps 15 9520,Fiorano ADL,xps 15 9520 - youtube,4182,Not short,dell xps 9520 review (watch before buying!),https://www.youtube.com/watch?v=YDs63y-PtcA
328,2022-06-09,xps 15 9520,Fiorano ADL,xps 15 9520 - youtube,508,short,dell xps 9520: laptop mới nhất 2022 có gì đặc biệt,https://www.youtube.com/shorts/q3AGyv2y7vo
329,2022-06-09,xps 15 9520,Fiorano ADL,xps 15 9520 - youtube,248,Not short,dell xps 15 9520 | specs review |,https://www.youtube.com/watch?v=QChmYBTjar4
330,2022-06-09,xps 13 9315,Portofino ADL,xps 13 9305 - youtube,1716,Not short,dell xps 13 9315: 13.4-inch laptop announced with 15 w processors,https://www.youtube.com/watch?v=Wx8aYGaAL3I
331,2022-06-05,xps 15 9520,Fiorano ADL,xps 15 9520 - youtube,1810,Not short,dell xps 9520 - trên tay nhanh chiếc laptop hot nhất 2022,https://www.youtube.com/watch?v=ym-IKAtq3fk
332,2022-06-04,xps 15 9520,Fiorano ADL,xps 15 9520 - youtube,798,Not short,dell xps 9520 - bóc luôn seal khi vừa về hàng,https://www.youtube.com/watch?v=VEiMyyyWqK4
333,2022-06-02,xps 17 9720,Stradale ADL,xps 17 - youtube,48307,Not short,2022 dell xps 17 (9720) review,https://www.youtube.com/watch?v=f9l4QBC2mOE
334,2022-05-30,xps 17 9720,Stradale ADL,xps 17 - youtube,25018,Not short,dell xps 17 9720 (2022) review,https://www.youtube.com/watch?v=LG0ZXjiVlCM
335,2022-05-26,xps 15 9520,Fiorano ADL,xps 17 - youtube,8939,Not short,dell xps 17 9720 (2022): live unboxing,https://www.youtube.com/watch?v=woLMnH5UVO4
336,2022-05-26,xps 15 9520,Fiorano ADL,xps 15 9520 - youtube,601,Not short,my new dell xps 15 9520 / ramboli bregoli,https://www.youtube.com/watch?v=7MUG2qvmdsk
337,2022-05-26,xps 15 9520,Fiorano ADL,xps 15 - youtube,3611,Not short,dell xps 15 (2022) full overview - not review | 12th gen intel core i9 & rtx 3050 ti,https://www.youtube.com/watch?v=wapTcKshdlA
338,2022-05-26,xps 17 9720,Stradale ADL,xps 15 - youtube,508135,Not short,dell xps 17 (2022) full review,https://www.youtube.com/watch?v=ymmp-5ym5r8
339,2022-05-24,xps 15 9520,Fiorano ADL,xps 15 9520 - youtube,3273,Not short,the best video editing laptop // new dell xps 15 9520 // solo vanlife travel vlog 2022,https://www.youtube.com/watch?v=WCy8snLWjI4
340,2022-05-23,xps 15 9520,Fiorano ADL,xps 15 - youtube,97247,Not short,dell xps 15 9520 review: 12th gen cpu + 3.5k oled,https://www.youtube.com/watch?v=2vOyNe4ZaH0
341,2022-05-21,xps 15 9520,Fiorano ADL,xps 15 9520 - youtube,631,Not short,[dell xps 9520 và dell xps 9720] 2022 có thật sự nâng cấp,https://www.youtube.com/watch?v=IrRGKJzWYbw
342,2022-05-20,xps 15 9520,Fiorano ADL,xps 15 9520 - youtube,451,Not short,"dell xps 15 9520 (latest model 2022), non-touch.",https://www.youtube.com/watch?v=eRh7rMeO0tQ
343,2022-05-20,xps 15 9520,Fiorano ADL,xps 15 - youtube,4233,Not short,dell xps 15 9520 unboxing: intel 12th gen core i7 + uhd+ tough screen display (latest 2022 model),https://www.youtube.com/watch?v=DnKKoJbwBps
344,2022-05-20,xps 15 9520,Fiorano ADL,xps 15 - youtube,15098,Not short,dell xps 15 9520 unboxing (live stream replay),https://www.youtube.com/watch?v=QyDXMtgOFAo
345,2022-05-17,xps 15 9520,Fiorano ADL,xps 15 - youtube,23977,Not short,xps 15 4k uhd vs. 3.5k oled vs. macbook pro  //  should you buy an oled laptop?,https://www.youtube.com/watch?v=ImVO7WvW5TQ
346,2022-05-14,xps 15 9520,Fiorano ADL,xps 15 9520 - youtube,2923,Not short,xps 15 9520 ปี 2022 สาย creator จอ oled 3.5k สเปก i9-12900hk + rtx 3050ti เบา 1.96 โล,https://www.youtube.com/watch?v=zzMTvtrz6cg
347,2022-05-13,xps 15 9520,Fiorano ADL,xps 15 - youtube,23515,Not short,dell xps 15 4k review - 2022 w/ i7 intel 12th gen & 64gb glory,https://www.youtube.com/watch?v=tsTPL2U1zuM
348,2022-05-09,xps 13 plus 9320,Tributo ADL,xps 13 - youtube,1,short,dell xps 13 plus ra mắt với thiết kế tuyệt đẹp,https://www.youtube.com/shorts/0cEnZiiO7Dk
349,2022-05-09,xps 13 plus 9320,Tributo ADL,xps - youtube,13,Not short,dell xps 13 plus 9320 is available worldwide spring 2022,https://www.youtube.com/watch?v=d2DdZs142bg
350,2022-05-08,xps 13 plus 9320,Tributo ADL,xps 13 - youtube,24,Not short,review laptop dell xps 13 plus | laptop dengan desaign yang unik! terbaru 2022,https://www.youtube.com/watch?v=xVdX6Rp1BjA
351,2022-05-07,xps 17 9720,Stradale ADL,xps 17 - youtube,1912,Not short,dell xps 17 (2022) full overview - not review | 12th gen intel core i9,https://www.youtube.com/watch?v=z8LtndTvPpM
352,2022-05-06,xps 15 9520,Fiorano ADL,xps 15 - youtube,2722,Not short,終於把xps 15 9520筆電拆了~還送背包鍵鼠禮品卡  #xps9520 teardowm,https://www.youtube.com/watch?v=4-XShdE3o2U
353,2022-05-06,xps 13 plus 9320,Tributo ADL,xps - youtube,26,Not short,new xps 13 plus laptop (2022) @technical amin,https://www.youtube.com/watch?v=WX6S8eRlpgc
354,2022-05-05,xps 13 plus 9320,Tributo ADL,xps 13 - youtube,96,Not short,top best laptops of 2022,https://www.youtube.com/watch?v=77MfDqjqunE
355,2022-05-05,xps 13 plus 9320,Tributo ADL,xps 13 - youtube,32,Not short,объявлена цена на ноутбук dell xps 13 plus,https://www.youtube.com/watch?v=FxTr2u6IUZA
356,2022-05-05,xps 13 plus 9320,Tributo ADL,xps - youtube,14,short,new xps 13 plus laptop (2022) short clip,https://www.youtube.com/shorts/gnzwmRks9w0
357,2022-05-05,xps 13 plus 9320,Tributo ADL,xps - youtube,30356,Not short,dell xps 13 plus với i7 1280p đánh bật macbook pro m1 !!?,https://www.youtube.com/watch?v=3BE4jOycy_Q
358,2022-05-04,xps 13 plus 9320,Tributo ADL,xps 13 - youtube,90,Not short,best laptop for 2022: here are 14 laptops we recommend,https://www.youtube.com/watch?v=vZshAm5ncK4
359,2022-05-02,xps 13 plus 9320,Tributo ADL,xps 13 - youtube,486,short,dell xps 13 plus 2022 #shorts #delllaptop,https://www.youtube.com/shorts/s-Y5hkraOQc
360,2022-05-02,xps 13 plus 9320,Tributo ADL,xps - youtube,929,Not short,dell xps 13 plus (2022) full overview - not review | 12th gen intel core i7 light weight laptop,https://www.youtube.com/watch?v=uFoV0Pj4rCU
361,2022-05-01,xps 13 plus 9320,Tributo ADL,xps 13 9320 - youtube,65,Not short,dell xps 13 plus . tanvirccm [abdur rahman] digital marketer,https://www.youtube.com/watch?v=WWumq6JvNW8
362,2022-05-01,xps 13 plus 9320,Tributo ADL,xps 13 9310 - youtube,7461,Not short,laptop terbaru 2022 - dell xps 13 plus | intel gen 12 | paling canggih | desain terbaik | hobi it,https://www.youtube.com/watch?v=A6ojBg7FEYI
363,2022-05-01,xps 13 plus 9320,Tributo ADL,xps - youtube,761,Not short,dell xps 13 plus - macbook ortda qoldimi?,https://www.youtube.com/watch?v=EuP5N0lJFkY
364,2022-04-30,xps 13 plus 9320,Tributo ADL,xps 15 - youtube,2552808,Not short,i can’t believe i liked this… - dell xps 13 plus review,https://www.youtube.com/watch?v=ELsYC-N7hgc
365,2022-04-30,xps 13 plus 9320,Tributo ADL,xps 13 9320 - youtube,126,Not short,dell xps plus 13 9320 new 2022 dell notebook available !! (twice as powerful as before),https://www.youtube.com/watch?v=v-xNusso4qs
366,2022-04-30,xps 13 plus 9320,Tributo ADL,xps - youtube,47,Not short,"new xps 13 plus 2022 notebook (simplified, modern, seamless)",https://www.youtube.com/watch?v=6ilZBOafgDc
367,2022-04-29,xps 13 plus 9320,Tributo ADL,xps 15 - youtube,2435776,Not short,xps 13 plus - cleaner and faster than a macbook!,https://www.youtube.com/watch?v=6fPj6mj-M_k
368,2022-04-29,xps 13 plus 9320,Tributo ADL,xps 13 - youtube,2191,Not short,dell xps 13 plus is now available worldwide,https://www.youtube.com/watch?v=76fQ9pj-lAg
369,2022-04-29,xps 13 plus 9320,Tributo ADL,xps - youtube,94677,Not short,new xps 13 plus laptop (2022),https://www.youtube.com/watch?v=7WrHNF9KKso
370,2022-04-27,xps 13 plus 9320,Tributo ADL,xps 13 9320 - youtube,656,Not short,[review #174] dell xps 13 plus 9320 (2022) | sự thay đổi đột phá 😱😱😱,https://www.youtube.com/watch?v=0RkoqoM7SjA
371,2022-04-25,xps 15 9520,Fiorano ADL,xps 15 - youtube,16509,Not short,【首發】夢寐以求2022 xps 15 9520終於到手了~人生第一台筆記本電腦 #xps159520,https://www.youtube.com/watch?v=Qx9k2D8M-e4
372,2022-04-25,xps 13 plus 9320,Tributo ADL,xps - youtube,891,Not short,【xps 13 plus】尖りまくりの変態pc、国内発表！発売日未定。,https://www.youtube.com/watch?v=lt8EtwHUHq4
373,2022-04-23,xps 17 9720,Stradale ADL,xps 17 - youtube,2935,Not short,2022 xps 17 9720 开箱并安装manjaro i3,https://www.youtube.com/watch?v=j0xTGsx5m_M
374,2022-04-23,xps 13 plus 9320,Tributo ADL,xps 13 9320 - youtube,83,Not short,dell xps 13 plus - weekly recap 2022年4月23日,https://www.youtube.com/watch?v=l3BBwFDNHsw
375,2022-04-17,xps 13 plus 9320,Tributo ADL,xps 13 9310 - youtube,1235,Not short,dell xps 13 plus review : simply stunning ! watch this before you buy,https://www.youtube.com/watch?v=Heym3dFkJQY
376,2022-04-15,xps 13 plus 9320,Tributo ADL,xps 13 9320 - youtube,994,Not short,dell xps 13 plus 9320 is now available worldwide to buy spring 2022,https://www.youtube.com/watch?v=cOwq_O91CJY
377,2022-04-14,xps 15 9520,Fiorano ADL,xps 15 9520 - youtube,6353,Not short,dell xps 2022 (9520): giá mềm hơn nhưng  ….,https://www.youtube.com/watch?v=EBy_xExVd74
378,2022-04-12,xps 13 plus 9320,Tributo ADL,xps 13 9320 - youtube,1529,Not short,xps 13 plus สุดมินิมอล core i gen 12p จอ oled 4k+ และ concept luna notebook ต้นแบบสุดล้ำรักโลก,https://www.youtube.com/watch?v=GvivM9hHXuY
379,2022-04-09,xps 13 plus 9320,Tributo ADL,xps 13 9320 - youtube,445,Not short,dell xps 13 plus 9320 is release worldwide (spring 2022),https://www.youtube.com/watch?v=NhEircCFJH0
380,2022-04-08,xps 15 9520,Fiorano ADL,xps 15 9520 - youtube,54189,Not short,dell xps 2022 (9520 vs 9720) ra mắt. không thể mãi thế này được!!,https://www.youtube.com/watch?v=49HwCjfVdu4
381,2022-04-05,xps 15 9520,Fiorano ADL,xps 15 - youtube,732,Not short,dell xps 15 2022 | dell xps 17 2022  | dell xps 15 9520 |  dell xps 17 9720 | release date | price,https://www.youtube.com/watch?v=m6_Wb2Mg1mc
382,2022-04-02,xps 13 plus 9320,Tributo ADL,xps 15 9510 - youtube,863,Not short,xps 15 vs yoga 9i battle of gtx 1650ti ultrabook,https://www.youtube.com/watch?v=xaYm1aPxXB0
383,2022-04-02,xps 13 plus 9320,Tributo ADL,xps 13 9310 - youtube,1381,Not short,new dell xps 9320 vs dell xps 9310 model comparison challenge,https://www.youtube.com/watch?v=1vNa1Ae-A48
384,2022-03-28,xps 15 9520,Fiorano ADL,xps 15 9520 - youtube,425,Not short,花了两万元买了刚上市的2022 xps 15 9520笔记本~绝世颜值超开心,https://www.youtube.com/watch?v=7Iompjx7RtU
385,2022-03-26,xps 15 9520,Fiorano ADL,xps 15 9520 - youtube,155,Not short,dell xps 15 9520 17 9720 2022 ra mắt tại us,https://www.youtube.com/watch?v=RliMqNxOfcc
386,2022-03-24,xps 15 9520,Fiorano ADL,xps 17 - youtube,15476,Not short,new xps 15 & xps 17 is here - with i9 12900hk,https://www.youtube.com/watch?v=K0d2-UT4I5c
