﻿counter,post date,model,source,views,video type,title,link
1,6/30/2022,xps 13 plus 9320,xps 13 - youtube,59,Not short,dell xps 13 plus 9320 vs xps 9310: cải tiến có chắc đã tốt hơn?,https://www.youtube.com/watch?v=_7NSH3axGj8
2,6/30/2022,xps 13 plus 9320,xps - youtube,173,Not short,want a better look at the new dell xps 13 & 13 plus?,https://www.youtube.com/watch?v=4Qq8CYj6xZw
3,6/30/2022,xps 13 plus 9320,xps - youtube,10,Not short,factory reset any dell laptop (xps g15 inspiron 15 3000 5000 2-in-1 13 16 plus touch system restore),https://www.youtube.com/watch?v=VuOzZ9jLFlc
4,6/29/2022,xps 13 plus 9320,xps 13 - youtube,249,Not short,unboxing dell xps 13 plus 9320 - cao cấp trên từng đường nét,https://www.youtube.com/watch?v=CvVu2S1XT7g
5,6/29/2022,xps 13 plus 9320,xps - youtube,1416,Not short,dell xps 13 plus review 2022,https://www.youtube.com/watch?v=x-Ni2mkc9zE
6,6/29/2022,xps 13 plus 9320,xps - youtube,1084,Not short,dell xps 13 vs xps 13 plus,https://www.youtube.com/watch?v=j-lQL2v0j5M
7,6/29/2022,xps 13 plus 9320,xps - youtube,282,Not short,indecisive - my honest thoughts on the dell xps 13 plus,https://www.youtube.com/watch?v=gbnlAb9G3h0
8,6/28/2022,xps 13 plus 9320,xps - youtube,424,Not short,dell xps 13 plus cinebench + adobe performance,https://www.youtube.com/watch?v=L64g7cDAxfY
9,6/28/2022,xps 13 plus 9320,xps - youtube,80,Not short,dell xps 13 plus (new laptop 2022) full review !,https://www.youtube.com/watch?v=Qm2TiK8KgKY
10,6/27/2022,xps 13 plus 9320,xps - youtube,4399,Not short,dell xps 13 2022 review,https://www.youtube.com/watch?v=tjV5-JN-SWM
11,6/27/2022,xps 17 9720,xps - youtube,565,Not short,🛠️ dell xps 17 9720 - disassembly and upgrade options,https://www.youtube.com/watch?v=zHr2XCX1UEA
12,6/27/2022,xps 13 plus 9320,xps - youtube,638,Not short,new 2022 xps 13 plus 9320 unboxing | first impression | look inside | how to upgrade sdd,https://www.youtube.com/watch?v=HMcKTAPAIyA
13,6/26/2022,xps 13 plus 9320,xps - youtube,1575,Not short,델 xps13 9320 (plus) 언박싱 & 잡담,https://www.youtube.com/watch?v=GfWYpv4KJIQ
14,6/26/2022,xps 13 plus 9320,xps - youtube,523,Not short,"comparing the macbook air vs the dell xps 13 plus - power, performance & price",https://www.youtube.com/watch?v=tuCR8H0MSb8
15,6/26/2022,xps 13 plus 9320,xps - youtube,1825,Not short,dell xps 13 plus - pros and cons,https://www.youtube.com/watch?v=myCLLq6tnGE
16,6/26/2022,xps 15 9520,xps - youtube,87819,Not short,so close to perfect - dell xps 15 9520 review,https://www.youtube.com/watch?v=1OIzFwC3pd8
17,6/26/2022,xps 13 plus 9320,xps - youtube,68,Not short,xps 13 plus - cleaner and faster than a macbook!,https://www.youtube.com/watch?v=GgH5OkH7R0g
18,6/25/2022,xps 13 plus 9320,xps - youtube,1229,Not short,unbox dell xps 13 plus 9320 (2022): đầu tiên tại việt nam.,https://www.youtube.com/watch?v=c1ObJqyf-6s
19,6/25/2022,xps 13 plus 9320,xps - youtube,7668,Not short,dell xps 13 plus (9320): one week later,https://www.youtube.com/watch?v=h7HBJiNp8Ts
20,6/25/2022,xps 13 plus 9320,xps - youtube,16643,Not short,the most beautiful laptop in a decade | xps 13 plus first impressions,https://www.youtube.com/watch?v=W1rMBZM5lus
21,6/24/2022,xps 13 plus 9320,xps - youtube,1513,Not short,dell xps 13 plus unboxing and first impressions,https://www.youtube.com/watch?v=WI1yuQuZ7JE
22,6/24/2022,xps 13 plus 9320,xps - youtube,97093,Not short,dell xps 15 (2022) full review!,https://www.youtube.com/watch?v=yLMGzih8CSE
23,6/24/2022,xps 15 9520,xps - youtube,257,Not short,dell xps 15 9520 - unboxing & hardware impressions,https://www.youtube.com/watch?v=X8-GTNWg9dA
24,6/23/2022,xps 13 plus 9320,xps 13 - youtube,114203,Not short,m2 vs i7 1280p - does intel's best laptop cpu destroy m2?,https://www.youtube.com/watch?v=Q7RibmBWwHU
25,6/22/2022,xps 17 9720,xps 17 9720 - youtube,64,Not short,dell xps 17 9720 rtx 3060 vs. rtx 3050: 25 percent faster performance at no additional power cost,https://www.youtube.com/watch?v=bQlDQliNcUA
26,6/22/2022,xps 13 plus 9320,xps 13 - youtube,4979,Not short,how to apply a dbrand xps 13 plus skin,https://www.youtube.com/watch?v=EnLKeKWkEgg
27,6/21/2022,xps 15 9520,xps 15 9520 - youtube,17,Not short,xps 15 9520 介紹！,https://www.youtube.com/watch?v=1SybOYMToqM
28,6/21/2022,xps 13 plus 9320,xps 13 - youtube,11468,Not short,dell xps 13 plus - full throttle 12 cores in a tiny package!,https://www.youtube.com/watch?v=w20bzsxPbsY
29,6/19/2022,xps 15 9520,xps 15 9520 - youtube,456,Not short,dell xps 15 9520 (2022) review- full of joy 😊 💛🤗,https://www.youtube.com/watch?v=20HEwlAlAQw
30,6/19/2022,xps 13 plus 9320,xps 15 - youtube,34623,Not short,dell xps 13 plus (9320) (2022): simply stunning!,https://www.youtube.com/watch?v=Eh3ExQ_6XrI
31,6/19/2022,xps 15 9520,xps 15 - youtube,938,Not short,dell xps 15 9520 (2022) review 🤩 still the best ?,https://www.youtube.com/watch?v=_4TyuHJ6U4M
32,6/19/2022,xps 13 plus 9320,xps 13 - youtube,9015,Not short,dell xps 13 plus unboxing and initial impressions | absolutely gorgeous!,https://www.youtube.com/watch?v=rtWspZPPJbY
33,6/18/2022,xps 13 plus 9320,xps 15 9520 - youtube,10088,Not short,dell xps 13 plus (9320) (2022): live unboxing,https://www.youtube.com/watch?v=FIBnK64Dbto
34,6/13/2022,xps 15 9520,xps 15 9520 - youtube,261,Not short,dell xps 9520: với core i7-12700h + rtx 3050 chơi game sẽ ra sao,https://www.youtube.com/watch?v=zs9EsDie-uk
35,6/11/2022,xps 15 9520,xps 15 9520 - youtube,81,Not short,"dell xps 9520: bí mật bên trong chiếc hộp ""đen""",https://www.youtube.com/watch?v=o45HnKiVXiw
36,6/11/2022,xps 15 9520,xps 15 - youtube,13678,Not short,dell xps 15 9520 performance testing,https://www.youtube.com/watch?v=D_s8kPrZMTg
37,6/10/2022,xps 15 9520,xps 15 9520 - youtube,2264,Not short,dell xps 9520 review (watch before buying!),https://www.youtube.com/watch?v=YDs63y-PtcA
38,6/9/2022,xps 15 9520,xps 15 9520 - youtube,267,short,dell xps 9520: laptop mới nhất 2022 có gì đặc biệt,https://www.youtube.com/shorts/q3AGyv2y7vo
39,6/9/2022,xps 15 9520,xps 15 9520 - youtube,139,Not short,dell xps 15 9520 | specs review |,https://www.youtube.com/watch?v=QChmYBTjar4
40,6/9/2022,xps 13 9315,xps 13 9305 - youtube,1426,Not short,dell xps 13 9315: 13.4-inch laptop announced with 15 w processors,https://www.youtube.com/watch?v=Wx8aYGaAL3I
41,6/5/2022,xps 15 9520,xps 15 9520 - youtube,974,Not short,dell xps 9520 - trên tay nhanh chiếc laptop hot nhất 2022,https://www.youtube.com/watch?v=ym-IKAtq3fk
42,6/4/2022,xps 15 9520,xps 15 9520 - youtube,440,Not short,dell xps 9520 - bóc luôn seal khi vừa về hàng,https://www.youtube.com/watch?v=VEiMyyyWqK4
43,6/2/2022,xps 17 9720,xps 15 - youtube,39649,Not short,2022 dell xps 17 (9720) review,https://www.youtube.com/watch?v=f9l4QBC2mOE
44,5/30/2022,xps 17 9720,xps 17 - youtube,19864,Not short,dell xps 17 9720 (2022) review,https://www.youtube.com/watch?v=LG0ZXjiVlCM
45,5/26/2022,xps 15 9520,xps 17 - youtube,7667,Not short,dell xps 17 9720 (2022): live unboxing,https://www.youtube.com/watch?v=woLMnH5UVO4
46,5/26/2022,xps 15 9520,xps 15 9520 - youtube,499,Not short,my new dell xps 15 9520 / ramboli bregoli,https://www.youtube.com/watch?v=7MUG2qvmdsk
47,5/26/2022,xps 15 9520,xps 15 9520 - youtube,1222,Not short,dell xps 15 (2022) full overview - not review | 12th gen intel core i9 & rtx 3050 ti,https://www.youtube.com/watch?v=wapTcKshdlA
48,5/24/2022,xps 15 9520,xps 15 - youtube,2547,Not short,the best video editing laptop // new dell xps 15 9520 // solo vanlife travel vlog 2022,https://www.youtube.com/watch?v=WCy8snLWjI4
49,5/23/2022,xps 15 9520,xps 15 - youtube,63240,Not short,dell xps 15 9520 review: 12th gen cpu + 3.5k oled,https://www.youtube.com/watch?v=2vOyNe4ZaH0
50,5/21/2022,xps 15 9520,xps 15 9520 - youtube,429,Not short,[dell xps 9520 và dell xps 9720] 2022 có thật sự nâng cấp,https://www.youtube.com/watch?v=IrRGKJzWYbw
51,5/20/2022,xps 15 9520,xps 15 9520 - youtube,403,Not short,"dell xps 15 9520 (latest model 2022), non-touch.",https://www.youtube.com/watch?v=eRh7rMeO0tQ
52,5/20/2022,xps 15 9520,xps 15 9520 - youtube,1116,Not short,dell xps 15 9520 unboxing: intel 12th gen core i7 + uhd+ tough screen display (latest 2022 model),https://www.youtube.com/watch?v=DnKKoJbwBps
53,5/20/2022,xps 15 9520,xps 15 - youtube,11140,Not short,dell xps 15 9520 unboxing (live stream replay),https://www.youtube.com/watch?v=QyDXMtgOFAo
54,5/17/2022,xps 15 9520,xps 15 - youtube,6360,Not short,xps 15 4k uhd vs. 3.5k oled vs. macbook pro  //  should you buy an oled laptop?,https://www.youtube.com/watch?v=ImVO7WvW5TQ
55,5/14/2022,xps 15 9520,xps 15 9520 - youtube,2857,Not short,xps 15 9520 ปี 2022 สาย creator จอ oled 3.5k สเปก i9-12900hk + rtx 3050ti เบา 1.96 โล,https://www.youtube.com/watch?v=zzMTvtrz6cg
56,5/13/2022,xps 15 9520,xps 15 - youtube,13229,Not short,dell xps 15 4k review - 2022 w/ i7 intel 12th gen & 64gb glory,https://www.youtube.com/watch?v=tsTPL2U1zuM
57,5/9/2022,xps 13 plus 9320,xps 13 - youtube,1,short,dell xps 13 plus ra mắt với thiết kế tuyệt đẹp,https://www.youtube.com/shorts/0cEnZiiO7Dk
58,5/9/2022,xps 13 plus 9320,xps - youtube,13,Not short,dell xps 13 plus 9320 is available worldwide spring 2022,https://www.youtube.com/watch?v=d2DdZs142bg
59,5/8/2022,xps 13 plus 9320,xps 13 - youtube,24,Not short,review laptop dell xps 13 plus | laptop dengan desaign yang unik! terbaru 2022,https://www.youtube.com/watch?v=xVdX6Rp1BjA
60,5/7/2022,xps 17 9720,xps 17 - youtube,1503,Not short,dell xps 17 (2022) full overview - not review | 12th gen intel core i9,https://www.youtube.com/watch?v=z8LtndTvPpM
61,5/6/2022,xps 15 9520,xps 15 - youtube,1437,Not short,終於把xps 15 9520筆電拆了~還送背包鍵鼠禮品卡  #xps9520 teardowm,https://www.youtube.com/watch?v=4-XShdE3o2U
62,5/6/2022,xps 13 plus 9320,xps - youtube,26,Not short,new xps 13 plus laptop (2022) @technical amin,https://www.youtube.com/watch?v=WX6S8eRlpgc
63,5/5/2022,xps 13 plus 9320,xps 13 - youtube,96,Not short,top best laptops of 2022,https://www.youtube.com/watch?v=77MfDqjqunE
64,5/5/2022,xps 13 plus 9320,xps 13 - youtube,32,Not short,объявлена цена на ноутбук dell xps 13 plus,https://www.youtube.com/watch?v=FxTr2u6IUZA
65,5/5/2022,xps 13 plus 9320,xps - youtube,14,short,new xps 13 plus laptop (2022) short clip,https://www.youtube.com/shorts/gnzwmRks9w0
66,5/5/2022,xps 13 plus 9320,xps - youtube,30356,Not short,dell xps 13 plus với i7 1280p đánh bật macbook pro m1 !!?,https://www.youtube.com/watch?v=3BE4jOycy_Q
67,5/4/2022,xps 13 plus 9320,xps 13 - youtube,90,Not short,best laptop for 2022: here are 14 laptops we recommend,https://www.youtube.com/watch?v=vZshAm5ncK4
68,5/2/2022,xps 13 plus 9320,xps 13 - youtube,486,short,dell xps 13 plus 2022 #shorts #delllaptop,https://www.youtube.com/shorts/s-Y5hkraOQc
69,5/2/2022,xps 13 plus 9320,xps - youtube,929,Not short,dell xps 13 plus (2022) full overview - not review | 12th gen intel core i7 light weight laptop,https://www.youtube.com/watch?v=uFoV0Pj4rCU
70,5/1/2022,xps 13 plus 9320,xps 13 9320 - youtube,65,Not short,dell xps 13 plus . tanvirccm [abdur rahman] digital marketer,https://www.youtube.com/watch?v=WWumq6JvNW8
71,5/1/2022,xps 13 plus 9320,xps 13 - youtube,357,Not short,laptop terbaru 2022 - dell xps 13 plus | intel gen 12 | paling canggih | desain terbaik | hobi it,https://www.youtube.com/watch?v=A6ojBg7FEYI
72,5/1/2022,xps 13 plus 9320,xps - youtube,761,Not short,dell xps 13 plus - macbook ortda qoldimi?,https://www.youtube.com/watch?v=EuP5N0lJFkY
73,4/30/2022,xps 13 plus 9320,xps 15 - youtube,2028608,Not short,i can’t believe i liked this… - dell xps 13 plus review,https://www.youtube.com/watch?v=ELsYC-N7hgc
74,4/30/2022,xps 13 plus 9320,xps 13 9320 - youtube,126,Not short,dell xps plus 13 9320 new 2022 dell notebook available !! (twice as powerful as before),https://www.youtube.com/watch?v=v-xNusso4qs
75,4/30/2022,xps 13 plus 9320,xps - youtube,47,Not short,"new xps 13 plus 2022 notebook (simplified, modern, seamless)",https://www.youtube.com/watch?v=6ilZBOafgDc
76,4/29/2022,xps 13 plus 9320,xps 15 - youtube,1718942,Not short,xps 13 plus - cleaner and faster than a macbook!,https://www.youtube.com/watch?v=6fPj6mj-M_k
77,4/29/2022,xps 13 plus 9320,xps 13 - youtube,2191,Not short,dell xps 13 plus is now available worldwide,https://www.youtube.com/watch?v=76fQ9pj-lAg
78,4/29/2022,xps 13 plus 9320,xps - youtube,94677,Not short,new xps 13 plus laptop (2022),https://www.youtube.com/watch?v=7WrHNF9KKso
79,4/27/2022,xps 13 plus 9320,xps 13 9320 - youtube,656,Not short,[review #174] dell xps 13 plus 9320 (2022) | sự thay đổi đột phá 😱😱😱,https://www.youtube.com/watch?v=0RkoqoM7SjA
80,4/25/2022,xps 15 9520,xps 15 - youtube,10789,Not short,【首發】夢寐以求2022 xps 15 9520終於到手了~人生第一台筆記本電腦 #xps159520,https://www.youtube.com/watch?v=Qx9k2D8M-e4
81,4/25/2022,xps 13 plus 9320,xps - youtube,891,Not short,【xps 13 plus】尖りまくりの変態pc、国内発表！発売日未定。,https://www.youtube.com/watch?v=lt8EtwHUHq4
82,4/23/2022,xps 17 9720,xps 17 - youtube,2546,Not short,2022 xps 17 9720 开箱并安装manjaro i3,https://www.youtube.com/watch?v=j0xTGsx5m_M
83,4/23/2022,xps 13 plus 9320,xps 13 9320 - youtube,83,Not short,dell xps 13 plus - weekly recap 2022年4月23日,https://www.youtube.com/watch?v=l3BBwFDNHsw
84,4/17/2022,xps 13 plus 9320,xps 13 9310 - youtube,1235,Not short,dell xps 13 plus review : simply stunning ! watch this before you buy,https://www.youtube.com/watch?v=Heym3dFkJQY
85,4/15/2022,xps 13 plus 9320,xps 13 9320 - youtube,994,Not short,dell xps 13 plus 9320 is now available worldwide to buy spring 2022,https://www.youtube.com/watch?v=cOwq_O91CJY
86,4/14/2022,xps 15 9520,xps 15 9520 - youtube,5595,Not short,dell xps 2022 (9520): giá mềm hơn nhưng  ….,https://www.youtube.com/watch?v=EBy_xExVd74
87,4/12/2022,xps 13 plus 9320,xps 13 9320 - youtube,1529,Not short,xps 13 plus สุดมินิมอล core i gen 12p จอ oled 4k+ และ concept luna notebook ต้นแบบสุดล้ำรักโลก,https://www.youtube.com/watch?v=GvivM9hHXuY
88,4/9/2022,xps 13 plus 9320,xps 13 9320 - youtube,445,Not short,dell xps 13 plus 9320 is release worldwide (spring 2022),https://www.youtube.com/watch?v=NhEircCFJH0
89,4/8/2022,xps 15 9520,xps 15 - youtube,48653,Not short,dell xps 2022 (9520 vs 9720) ra mắt. không thể mãi thế này được!!,https://www.youtube.com/watch?v=49HwCjfVdu4
90,4/5/2022,xps 15 9520,xps 17 - youtube,395,Not short,dell xps 15 2022 | dell xps 17 2022  | dell xps 15 9520 |  dell xps 17 9720 | release date | price,https://www.youtube.com/watch?v=m6_Wb2Mg1mc
91,4/2/2022,xps 13 plus 9320,xps 15 - youtube,654,Not short,xps 15 vs yoga 9i battle of gtx 1650ti ultrabook,https://www.youtube.com/watch?v=xaYm1aPxXB0
92,3/28/2022,xps 15 9520,xps 15 9520 - youtube,405,Not short,花了两万元买了刚上市的2022 xps 15 9520笔记本~绝世颜值超开心,https://www.youtube.com/watch?v=7Iompjx7RtU
93,3/26/2022,xps 15 9520,xps 15 9520 - youtube,153,Not short,dell xps 15 9520 17 9720 2022 ra mắt tại us,https://www.youtube.com/watch?v=RliMqNxOfcc
94,3/24/2022,xps 15 9520,xps 15 - youtube,15221,Not short,new xps 15 & xps 17 is here - with i9 12900hk,https://www.youtube.com/watch?v=K0d2-UT4I5c
