﻿counter,post date,model,source,views,video type,title,link
1,2022-08-07,alienware x17 r2,alienware x17 r2 - youtube,17,Not short,alienware x17 r2 cheleando y probando juegos a eleccion,https://www.youtube.com/watch?v=7JCxJT1T9qA
2,2022-08-07,alienware x15 r2,alienware x15 r2 - youtube,6,Not short,forza horizon 5 | rtx 3080 ti | ultra graphics | alienware x15 r2,https://www.youtube.com/watch?v=Kjf4BPSwRaA
3,2022-08-06,alienware x17 r2,alienware x17 r2 - youtube,84,Not short,"unboxing. alienware area 51 r2 17"". opinia po roku- nie kupujcie tego g.wna! alienware x17 r2- swap.",https://www.youtube.com/watch?v=tiwW19ekaWg
4,2022-08-06,alienware x17 r2,alienware x17 r2 - youtube,510,short,👽 alienware x17 r2  [análise / review]   #shorts,https://www.youtube.com/shorts/AqO2yyZdmK4
5,2022-08-06,alienware x15 r2,alienware x15 r2 - youtube,4515,Not short,"alienware x15 r2 vs razer blade 15 2022 - which is the best 15"" gaming laptop?",https://www.youtube.com/watch?v=E1ay5_Aa0yk
6,2022-08-06,alienware m17 r5 amd,alienware m17 r5 amd - youtube,42,Not short,alienware m17 r5 - amd's god gaming laptop 2022,https://www.youtube.com/watch?v=3fN_XdtVhKU
7,2022-08-05,alienware x14,alienware x14 - youtube,22,Not short,alienware x14 (2022) review,https://www.youtube.com/watch?v=bhWUOB-kpiE
8,2022-08-05,alienware m15 r7,alienware m15 r7 - youtube,122,Not short,dell alienware m15 r7 aw15-i1200-m10p - rtx3070ti - lançamento,https://www.youtube.com/watch?v=H2VvEdsCDnU
9,2022-08-05,alienware m15 r7,alienware m15 r7 - youtube,94,short,dell alienware m15 r7 aw15-i1200-m10p com rtx 3070ti core i7 12700h notebook gamer para jogos,https://www.youtube.com/shorts/jWDkKrYrul0
10,2022-08-05,alienware m15 r7,alienware m15 r7 - youtube,17,Not short,alienware m15 r7 gaming laptop best vs worst user reviews,https://www.youtube.com/watch?v=w5z5E21vUEE
11,2022-08-05,alienware aurora r13,alienware aurora r13 - youtube,125,Not short,dell alienware aurora r10/r11/r12/r13/r14 nvidia rtx 3080 gpu vram temperature fix no thermal pads,https://www.youtube.com/watch?v=sDPoJP_KEEI
12,2022-08-05,alienware aurora r13,alienware aurora r13 - youtube,442,Not short,did it improve? || alienware aurora r13 review,https://www.youtube.com/watch?v=x8hFd1IPFT0
13,2022-08-04,alienware aurora r13,alienware x14 - youtube,10,Not short,fix wifi connection alienware gaming laptop (x14 m15 x17 51m x15 m17 r2 13r3 15 14 aurora area wi-fi,https://www.youtube.com/watch?v=6xf0DyM2uK4
14,2022-08-04,alienware aurora ryzen r14,alienware aurora ryzen r14 - youtube,22,Not short,"alienware aurora r14 liquid cooled gaming desktop & 27 gaming monitor - aw2721d - 240hz, 27 inch qhd",https://www.youtube.com/watch?v=3gPzHGWr6Pg
15,2022-08-04,alienware m15 r7,alienware - youtube,309,Not short,"how to change' display 17.3"" alienware gaming laptop | tamil | vels tv/9842183605",https://www.youtube.com/watch?v=WqkwufR5hSY
16,2022-08-03,alienware x17 r2,alienware x17 r2 - youtube,635,Not short,review v2 [updated benchmarks] | alienware x17 r2 | i9-12900hk | rtx 3080ti,https://www.youtube.com/watch?v=lX5ips1E5Ok
17,2022-08-03,alienware m15 r7,alienware m15 r7 - youtube,20403,Not short,o novo alienware m15 r7 da dell: 12700h + rtx 3070ti,https://www.youtube.com/watch?v=V-XcHjdd0ik
18,2022-08-03,alienware m15 r7,alienware m15 r7 - youtube,481,short,alienware m15 r7 fan noise,https://www.youtube.com/shorts/CJIjpzcVobU
19,2022-08-02,alienware m15 r7,alienware m15 r7 - youtube,203,short,👽 alienware m15 r7 [análise / review] #shorts,https://www.youtube.com/shorts/OzYaHceBGJA
20,2022-08-02,alienware aurora r13,alienware aurora r13 - youtube,374,Not short,alienware aurora r13 - asmr unboxing,https://www.youtube.com/watch?v=V6G2O1FCFzM
21,2022-08-01,alienware x17 r2,alienware x17 r2 - youtube,229,Not short,respondendo aos comentários do review e unboxing do alienware x17 r2 !,https://www.youtube.com/watch?v=ZMNavUpJ0ME
22,2022-08-01,alienware x17 r2,alienware x17 r2 - youtube,74,Not short,dell alienware x17 r2 gaming laptop,https://www.youtube.com/watch?v=equ59oIT4Wg
23,2022-08-01,alienware x15 r2,alienware x15 r2 - youtube,49,Not short,rtx 3070 ti laptop | alienware x15 r2 2022 | god of war | 1080p,https://www.youtube.com/watch?v=kLKN6jcFsUg
24,2022-08-01,alienware x14,alienware x14 - youtube,18,Not short,nowy alienware x14,https://www.youtube.com/watch?v=7ksHBP-ubhc
25,2022-08-01,alienware aurora ryzen r14,alienware aurora ryzen r14 - youtube,228,short,alienware aurora r14 showcase,https://www.youtube.com/shorts/iZi_apU4R80
26,2022-07-31,alienware x17 r2,alienware x17 r2 - youtube,142,Not short,alienware x17 r2 👽 review latinoamérica,https://www.youtube.com/watch?v=6rQyRSPOjDs
27,2022-07-31,alienware x14,alienware x14 - youtube,29,Not short,alienware外星人x14 超薄游戏本或许才是未来,https://www.youtube.com/watch?v=sSat2m6LdXw
28,2022-07-31,alienware m17 r5 amd,alienware m17 r5 amd - youtube,242,Not short,alienware m17 r5 unboxing und erste eindrücke - amd's god gaming laptop 2022,https://www.youtube.com/watch?v=Y3YobewCsTs
29,2022-07-30,alienware x15 r2,alienware x17 r2 - youtube,80,Not short,rtx 3070 ti laptop | alienware x17 r2 2022 | god of war | 1080p,https://www.youtube.com/watch?v=-44ctCXqwl4
30,2022-07-30,alienware x17 r2,alienware x15 r2 - youtube,4769,Not short,alienware x17 r2 upgrading ssd and ram,https://www.youtube.com/watch?v=h-WkKLqwSH0
31,2022-07-30,alienware m15 r7,alienware m15 r7 - youtube,52,Not short,"alienware m15 r7 amd 15.6"" gaming laptop review 2022",https://www.youtube.com/watch?v=lnhlDQS1WJU
32,2022-07-29,alienware m15 r7,alienware m15 r7 - youtube,16493,Not short,review of dell alienware m15 r7 gaming laptop| 12th gen intel® core™ i7 processor telugu,https://www.youtube.com/watch?v=XCMEGP-alIc
33,2022-07-29,alienware aurora ryzen r14,alienware aurora ryzen r14 - youtube,6,Not short,alienware aurora r14 vr ready gaming pc #gaming #gamingpc #shorts,https://www.youtube.com/watch?v=yxw3z3fyOj4
34,2022-07-28,alienware x17 r2,alienware x17 r2 - youtube,1489,Not short,alienware x17 r2 - review completo e minha opinião!,https://www.youtube.com/watch?v=u-JEzE0_BjA
35,2022-07-28,alienware x14,alienware x14 - youtube,175,short,alienware x14 - the beast is here 🔥 #muditastore #buyfrommudita #alienware,https://www.youtube.com/shorts/36En6yHQAas
36,2022-07-28,alienware aurora r13,alienware aurora r13 - youtube,382,Not short,alienware aurora r13 review - 2022,https://www.youtube.com/watch?v=aOV5peKkXzE
37,2022-07-28,alienware aurora r13,alienware aurora r13 - youtube,98,Not short,alienware aurora r13,https://www.youtube.com/watch?v=mdx_TYs1FOU
38,2022-07-27,alienware x17 r2,alienware x15 r2 - youtube,157,Not short,alienware x17 r2 2022 vs apple macbook pro 16 2021,https://www.youtube.com/watch?v=6igDDNxydsg
39,2022-07-27,alienware x14,alienware x14 - youtube,285,Not short,alienware x14 unboxing,https://www.youtube.com/watch?v=-8tpeKJ6Mc8
40,2022-07-27,alienware m15 r7,alienware m15 r7 - youtube,1335203,Not short,alienware m15 r7 supreme gaming experience | 8bit thug | powered by intel,https://www.youtube.com/watch?v=IFY-_0ZC3ZQ
41,2022-07-26,alienware m17 r5 amd,alienware x17 r2 - youtube,300,Not short,"alienware m17 r5 vs alienware x17 r2 | amd vs nvidia, 480hz 1080p & diversity for the win !!!",https://www.youtube.com/watch?v=1sOO3FzNhcE
42,2022-07-26,alienware aurora r13,alienware aurora r13 - youtube,26,Not short,alienware aurora r13 gaming desktop,https://www.youtube.com/watch?v=N4O3Ir0kY9c
43,2022-07-25,alienware x17 r2,alienware x17 r2 - youtube,50,short,alienware x17 r2 vr ready gaming laptop #shorts,https://www.youtube.com/shorts/RUuagd-2U_M
44,2022-07-25,alienware x15 r2,alienware x15 r2 - youtube,341,Not short,2022 | unboxing the alienware x15 r2,https://www.youtube.com/watch?v=1QRBX0Z7Cyg
45,2022-07-25,alienware x14,alienware x14 - youtube,18,Not short,dell alienware x14 gaming laptop.#shorts,https://www.youtube.com/watch?v=l1asP2R3iow
46,2022-07-25,alienware m17 r5 amd,alienware m17 r5 amd - youtube,155,short,amd gaming beast| dell alienware m17 r5 (2022) officially released #shorts,https://www.youtube.com/shorts/yfnS4Gh_ARM
47,2022-07-24,alienware x17 r2,alienware x17 r2 - youtube,41,Not short,"alienware x17 r2 gets slimmer, gains intel's 12th gen cpus (2022) #laptop",https://www.youtube.com/watch?v=0QOfYsaGInw
48,2022-07-24,alienware x17 r2,alienware x17 r2 - youtube,61,Not short,alienware m17 r5 and alienware x17 r2 ultimate amd advantage laptop launched with 480hz display,https://www.youtube.com/watch?v=NAa-RD0tiGc
49,2022-07-24,alienware x17 r2,alienware x17 r2 - youtube,404,Not short,alienware x17 r2 vs msi titan gt77 12uhs,https://www.youtube.com/watch?v=LGaONqSjEZQ
50,2022-07-24,alienware x14,alienware x14 - youtube,130,short,"dell storedell alienware x14 gaming laptop, intel i7-12700h, 14 “(35.5cm) fhd",https://www.youtube.com/shorts/xqJGuGCaNBs
51,2022-07-24,alienware aurora r13,alienware aurora r13 - youtube,42,Not short,dell gaming alienware aurora 13,https://www.youtube.com/watch?v=XuP-qJS3TZk
52,2022-07-23,alienware x17 r2,alienware x17 r2 - youtube,424,Not short,dell alienware m17 r5 and x17 r2 (2022) | main differences!,https://www.youtube.com/watch?v=JvU13dYslE0
53,2022-07-23,alienware m15 r7,alienware x14 - youtube,147,Not short,unboxing dell alienware x14 gaming laptop - bashir ahmed,https://www.youtube.com/watch?v=lJIQamkEmr0
54,2022-07-23,alienware m15 r7,alienware m15 r7 - youtube,104,Not short,fix alienware laptop mouse touchpad not working (m17 r5 x17 m15 r7 x15 r2 x14 gaming trackpad stop),https://www.youtube.com/watch?v=775NPH_z1QQ
55,2022-07-23,alienware aurora r13,alienware aurora r13 - youtube,13,Not short,alienware aurora r13 gaming desktop,https://www.youtube.com/watch?v=dacvRtYM9Po
56,2022-07-22,alienware x17 r2,alienware x17 r2 - youtube,2089,Not short,alienware x17 r2 i7 12700h rtx 3080ti  x  alienware m15 r6 i7 11800h rtx 3070 (comparativo).,https://www.youtube.com/watch?v=s-sA2WmUaFY
57,2022-07-22,alienware x15 r2,alienware x15 r2 - youtube,267,Not short,alienware x15 r2 vs razer blade 15 2022 | would you pay $200 more for less performance ?,https://www.youtube.com/watch?v=JNu-FGIeDzA
58,2022-07-22,alienware x14,alienware x14 - youtube,59153,Not short,better than desktop ? | alienware x14 unboxing | #rtxon,https://www.youtube.com/watch?v=IvsdXHPXnIs
59,2022-07-22,alienware aurora r13,alienware aurora r13 - youtube,88,Not short,this is how loud your alienware aurora r13 can get,https://www.youtube.com/watch?v=kc1EFD8OpMk
60,2022-07-21,alienware x14,alienware x14 - youtube,136,short,alienware x14  with rgb light #dogrun28,https://www.youtube.com/shorts/1Uis3hIsEMU
61,2022-07-21,alienware x14,alienware x14 - youtube,112,short,alienware x14 #dogrun28,https://www.youtube.com/shorts/5VvfvWwv3tc
62,2022-07-21,alienware x17 r2,alienware - youtube,2644,Not short,alienware x17 r2 - comprei um dos notebooks mais caros da dell  unboxing !,https://www.youtube.com/watch?v=WgIcYr6Y77k
63,2022-07-20,alienware x17 r2,alienware x17 r2 - youtube,330,Not short,asus rog strix scar 17 se 2022 vs alienware x17 r2 2022,https://www.youtube.com/watch?v=KTHaJOjLuYE
64,2022-07-20,alienware x15 r2,alienware x15 r2 - youtube,476,Not short,tekken 7 on this rtx 3080 alienware x15 laptop! (review),https://www.youtube.com/watch?v=LqtXiZLggjA
65,2022-07-20,alienware x15 r2,alienware x15 r2 - youtube,193,Not short,alienware x15 r2 தமிழ் unbox review,https://www.youtube.com/watch?v=76YHtjwAiHw
66,2022-07-20,alienware m15 r7,alienware m15 r7 - youtube,91,Not short,alienware m15 r7 (2022) review,https://www.youtube.com/watch?v=05YA_T_Q604
67,2022-07-19,alienware m17 r5 amd,alienware x17 r2 - youtube,14732,Not short,alienware m17 r5 review! - the best amd cpu?,https://www.youtube.com/watch?v=QLPR6PlJlZ0
68,2022-07-19,alienware x14,alienware x14 - youtube,103929,Not short,alienware x14 review - i love this thing 👽,https://www.youtube.com/watch?v=ld521cq7LdU
69,2022-07-19,alienware m17 r5 amd,alienware m17 r5 amd - youtube,4746,Not short,alienware m17 r5 amd advantage gaming laptop! full in depth review,https://www.youtube.com/watch?v=IE-6XkzMq2k
70,2022-07-18,alienware x17 r2,alienware x17 r2 - youtube,312,Not short,dell - alienware x17 r2 laptops - horrible sound quality,https://www.youtube.com/watch?v=M2ZrhWYTxTY
71,2022-07-18,alienware m15 r7,alienware m15 r7 - youtube,198,Not short,alienware m15 r7 vs alienware m17 r5,https://www.youtube.com/watch?v=d_rE4GGTB4U
72,2022-07-18,alienware m15 r7,alienware m15 r7 - youtube,405,Not short,alienware m15 r7 (2022) review,https://www.youtube.com/watch?v=XnxnWRorCQo
73,2022-07-18,alienware aurora ryzen r14,alienware aurora ryzen r14 - youtube,27,Not short,"alienware aurora r14 liquid cooling desktop - amd ryzen 9 5900, 32gb 3466mhz ram, 1tb sdd + 2tb hdd,",https://www.youtube.com/watch?v=jQhWQFqWYw4
74,2022-07-17,alienware m15 r7,alienware m15 r7 - youtube,661,Not short,alienware m15 r7 vs alienware m15 r6,https://www.youtube.com/watch?v=-zIvGoM6EDI
75,2022-07-17,alienware m15 r7,alienware m15 r7 - youtube,6,Not short,alienware m15 r7  product highlights,https://www.youtube.com/watch?v=2T9MeZNjlyA
76,2022-07-16,alienware x14,alienware x14 - youtube,113,Not short,alienware x14 unboxing,https://www.youtube.com/watch?v=8UvrPjpxkkw
77,2022-07-16,alienware aurora ryzen r14,alienware aurora ryzen r14 - youtube,69,short,gaming pc prebuild🔥 alienware aurora r14 ryzen 9 5900 ❤️ #shorts,https://www.youtube.com/shorts/2ShTU-nuf-0
78,2022-07-14,alienware x14,alienware x14 - youtube,20231,Not short,best laptops for gaming and school (2022): true work-and-play machines,https://www.youtube.com/watch?v=qV3RO-9V6Go
79,2022-07-13,alienware x15 r2,alienware x17 r2 - youtube,91,Not short,asus rog strix g17 2022 vs alienware x17 r2 2022,https://www.youtube.com/watch?v=C54at1UQxKI
80,2022-07-13,alienware aurora ryzen r14,alienware aurora ryzen r14 - youtube,22,Not short,【unboxing】开箱alienware r14 ryzen版，半价的外星人电脑！,https://www.youtube.com/watch?v=21re4pwTPe4
81,2022-07-12,alienware aurora r13,alienware aurora r13 - youtube,2723,Not short,a pc gaming beast! - alienware aurora r13 & dell s2721dgf monitor reviews! - electric playground,https://www.youtube.com/watch?v=dqOhzzPDta8
82,2022-07-11,alienware x17 r2,alienware x17 r2 - youtube,798,Not short,i ran the most demanding games of 2022 on the alienware x17 r2 i9-12900hk + rtx3080ti,https://www.youtube.com/watch?v=ZuPaCAhdxIg
83,2022-07-11,alienware aurora r13,alienware aurora r13 - youtube,1696,Not short,dell alienware aurora r13 - look into dell's flagship 2022 gaming desktop computer,https://www.youtube.com/watch?v=f7_CkUJ3GGY
84,2022-07-10,alienware x14,alienware x14 - youtube,25,Not short,alienware x14 gaming laptop,https://www.youtube.com/watch?v=gX-CE5t90aw
85,2022-07-10,alienware m15 r7,alienware m15 r7 - youtube,384,Not short,alienware m15 r7 performance review pt.2,https://www.youtube.com/watch?v=aqSOIq423ZU
86,2022-07-09,alienware x17 r2,alienware x17 r2 - youtube,369,Not short,alienware x17 r2 2022 vs razer blade 17 2022,https://www.youtube.com/watch?v=paYOBNork0E
87,2022-07-09,alienware x17 r2,alienware x17 r2 - youtube,168,Not short,asus rog strix scar 17 2022 vs alienware x17 r2 2022,https://www.youtube.com/watch?v=dAuC8tVCMjw
88,2022-07-09,alienware x14,alienware x14 - youtube,63,short,dell alienware x14 2022 12th gen india launch on amazon.,https://www.youtube.com/shorts/cmHnnGvgEms
89,2022-07-09,alienware aurora ryzen r14,alienware aurora ryzen r14 - youtube,861,Not short,sky194: alienware r14 pc unboxing / new pc specs & current pc specs,https://www.youtube.com/watch?v=3nNPqN_C7WU
90,2022-07-09,alienware aurora ryzen r14,alienware aurora ryzen r14 - youtube,20,Not short,alienware aurora r14 liquid cooled gaming desktop.#mgfashiondress #gaming #pcgaming,https://www.youtube.com/watch?v=Sj1ayvpbYSk
91,2022-07-08,alienware x15 r2,alienware x17 r2 - youtube,286,Not short,alienware x17 r2 2022 vs alienware m17 r5 2022,https://www.youtube.com/watch?v=-WBD0SOw8eU
92,2022-07-08,alienware x17 r2,alienware x17 r2 - youtube,519,Not short,alienware x17 ou avell c65 hyb  qual o melhor ?,https://www.youtube.com/watch?v=qTzWlroaBMo
93,2022-07-08,alienware x14,alienware x14 - youtube,120,Not short,"alienware x14: extremely flexible, quite potent, mini laptop in 2022",https://www.youtube.com/watch?v=QCevNG0vAUk
94,2022-07-08,alienware m15 r7,alienware m15 r7 - youtube,56,short,alienware m15 r7 product highlights #shorts,https://www.youtube.com/shorts/gUpXTTRv6AI
95,2022-07-07,alienware x17 r2,alienware x17 r2 - youtube,78,Not short,alienware x17 r2 | 3080ti | 12900hk | forza horizon 5 gameplay max settings,https://www.youtube.com/watch?v=0yPfq2a2o7Y
96,2022-07-07,alienware x17 r2,alienware x17 r2 - youtube,186,Not short,alienware x17 r2 | 3080ti | 12900hk | far cry 6 gameplay ultra ray tracing,https://www.youtube.com/watch?v=9H9fWirfHeI
97,2022-07-07,alienware m15 r7,alienware m15 r7 - youtube,1302,Not short,análisis: alienware m15 r7 (core i7-12700h y rtx 3050 ti),https://www.youtube.com/watch?v=khRbb_AWcJE
98,2022-07-07,alienware aurora ryzen r14,alienware aurora ryzen r14 - youtube,81,Not short,mac studio￼ or alienware aurora r14,https://www.youtube.com/watch?v=LCtE0NBCDcc
99,2022-07-06,alienware x17 r2,alienware x17 r2 - youtube,47,Not short,alienware x17 r2 | 3080ti | 12900hk | far cry 6 ultra ray tracing benchmark run,https://www.youtube.com/watch?v=-O7HuYKCcAY
100,2022-07-06,alienware x17 r2,alienware x17 r2 - youtube,61,Not short,far cry 6 - full gameplay part 3 / max settings / alienware x17 r2 / rtx 3080ti / i9-12900hk,https://www.youtube.com/watch?v=pFmMpYjU8Rg
101,2022-07-06,alienware x17 r2,alienware x17 r2 - youtube,60,Not short,far cry 6 - full gameplay part 2 / max settings / alienware x17 r2 / rtx 3080ti / i9-12900hk,https://www.youtube.com/watch?v=Hdhz56G6hTg
102,2022-07-06,alienware m15 r7,alienware m15 r7 - youtube,425,Not short,alienware m15 r7 performance review pt.1,https://www.youtube.com/watch?v=U_3pmJRVVxQ
103,2022-07-05,alienware x17 r2,alienware x17 r2 - youtube,209,Not short,far cry 6 - full gameplay part 1 / max settings / alienware x17 r2 / rtx 3080ti / i9-12900hk,https://www.youtube.com/watch?v=28fVd6Yxxss
104,2022-07-05,alienware x17 r2,alienware x15 r2 - youtube,9837,Not short,"alienware x17 r2 vs msi ge76 - 17"" gaming laptop of 2022?",https://www.youtube.com/watch?v=RChy_H3RFS4
105,2022-07-05,alienware x14,alienware x14 - youtube,93,Not short,alienware x14 gaming laptop 12th gen intel® core,https://www.youtube.com/watch?v=1N5ZuICWdxY
106,2022-07-04,alienware x14,alienware x14 - youtube,487,Not short,alienware x14 購入！図書館でクリエイター作業！ゲーミングノートパソコン！,https://www.youtube.com/watch?v=4cGLjm40lr4
107,2022-07-04,alienware aurora ryzen r14,alienware aurora ryzen r14 - youtube,8,Not short,"alienware aurora r14 liquid cooled gaming desktop - amd ryzen 9 5900, 32gb  geforce rtx 3080 10g",https://www.youtube.com/watch?v=D-6rTAt5T88
108,2022-07-04,alienware aurora r13,alienware aurora r13 - youtube,417,Not short,alienware aurora r13 gaming desktop unboxing,https://www.youtube.com/watch?v=b5aLnneUk7w
109,2022-07-03,alienware m15 r7,alienware x15 r2 - youtube,151,Not short,asus tuf gaming f15 2022 vs alienware x15 r2 2022,https://www.youtube.com/watch?v=uv6YnVFY7UQ
110,2022-07-02,alienware x15 r2,alienware x15 r2 - youtube,480,Not short,alienware x15 r2 full overview - not review | the best thin and light gaming laptop,https://www.youtube.com/watch?v=GNYcQj-O0xw
111,2022-07-01,alienware x14,alienware x14 - youtube,15227,Not short,a day in the life with the alienware x14!,https://www.youtube.com/watch?v=uFaUFxp-NhU
112,2022-06-30,alienware x17 r2,alienware x17 r2 - youtube,211,Not short,alienware x17 r2 | 3080ti | 12900hk | forza horizon 5 max settings,https://www.youtube.com/watch?v=11jR4WC6Ttw
113,2022-06-30,alienware x17 r2,alienware x17 r2 - youtube,23,Not short,alienware x17 r2 | 3080ti | 12900hk | port royal run,https://www.youtube.com/watch?v=5G3n2SvBVWs
114,2022-06-30,alienware x17 r2,alienware x17 r2 - youtube,129,Not short,alienware x17 r2 | 3080ti | 12900hk |  cyberpunk 2077 raytracing ultra benchmark,https://www.youtube.com/watch?v=iSz6v-gfChc
115,2022-06-30,alienware x14,alienware x14 - youtube,84,Not short,asus zenbook 14x oled ux5401 vs alienware x14 2022,https://www.youtube.com/watch?v=SAvwfddrslo
116,2022-06-30,alienware x14,alienware x14 - youtube,116,Not short,acer nitro 5-an515-58 vs alienware x14 | budget gaming laptops,https://www.youtube.com/watch?v=sVrZN3flBfY
117,2022-06-29,alienware x15 r2,alienware x15 r2 - youtube,36,short,new r2 vs old r2 🥵🔥🤤,https://www.youtube.com/shorts/9KtNOBo4LiQ
118,2022-06-29,alienware x14,alienware x15 r2 - youtube,943,Not short,alienware laptop factory reset windows m15 x17 area 51m x14 x15 m17 r2 13r3 m17 15 14 system restore,https://www.youtube.com/watch?v=z71fZcx-fGY
119,2022-06-29,alienware x14,alienware x14 - youtube,401,Not short,alienware x14 r1 review: maybe your next super-slim gaming laptop | biba laptops,https://www.youtube.com/watch?v=3mh8FLCgWPk
120,2022-06-28,alienware x15 r2,alienware x15 r2 - youtube,575,Not short,比轻薄本还薄的游戏本你敢信？alienware x15 r2开箱体验,https://www.youtube.com/watch?v=J6G51Sgw_Zc
121,2022-06-27,alienware x14,alienware x14 - youtube,371,Not short,alienware x14 沉浸式开箱,https://www.youtube.com/watch?v=H1tRIM3rWy0
122,2022-06-26,alienware m15 r7,alienware m15 r7 - youtube,23,Not short,alienware m15 r7 | product highlights,https://www.youtube.com/watch?v=Fs68PYu35x8
123,2022-06-25,alienware x17 r2,alienware x15 r2 - youtube,1858,Not short,alienware x17 r2 core i7 rtx 3070ti unboxing & first impression,https://www.youtube.com/watch?v=FstjbIE8LTI
124,2022-06-25,alienware m15 r7,alienware m15 r7 - youtube,11230,Not short,ultimate gaming laptop 🚀 | alienware m15 r7 🔥 | intel®️ core™️ i7 12th gen + rtx 3070ti 🤯,https://www.youtube.com/watch?v=HP1aaoi0KGU
125,2022-06-25,alienware aurora r13,alienware aurora r13 - youtube,82,Not short,test alienware aurora r13 | rtx 3070 ti 8gb + i9-12900kf in gta 5,https://www.youtube.com/watch?v=cxhiUBwfxBM
126,2022-06-24,alienware x17 r2,alienware x17 r2 - youtube,192,Not short,alienware x17 r2 full overview - not review | the vr ready 12th gen gaming laptop,https://www.youtube.com/watch?v=34HuopVn0Pk
127,2022-06-23,alienware x15 r2,alienware x15 r2 - youtube,347,Not short,how to replace the m.2 2280 ssd on the alienware x15 r1 and r2,https://www.youtube.com/watch?v=6yDQ2djQcwY
128,2022-06-23,alienware x14,alienware x14 - youtube,542,Not short,alienware x14 (2022) review | thinnest gaming laptop ever!,https://www.youtube.com/watch?v=mtqN94lalI8
129,2022-06-22,alienware x17 r2,alienware x17 r2 - youtube,1222,Not short,unboxing alienware x17 r2 rtx 3080 ti 16gb gddr6 - asmr,https://www.youtube.com/watch?v=ViCzY5ve43E
130,2022-06-22,alienware x17 r2,alienware x15 r2 - youtube,6388,Not short,the alienware x17 r2 is kind of mind-blowing,https://www.youtube.com/watch?v=5U2tb1-BB3s
131,2022-06-22,alienware aurora ryzen r14,alienware aurora ryzen r14 - youtube,83,Not short,alienware aurora r14 liquid-cooled gaming desktop | amd ryzen 9 5900 | 32gb ram,https://www.youtube.com/watch?v=GXilsnH8MfE
132,2022-06-21,alienware m15 r7,alienware m15 r7 - youtube,3475,Not short,alienware m15 r7 review - the gaming laptop to rule them all!,https://www.youtube.com/watch?v=DvNX6pZRjQE
133,2022-06-21,alienware m15 r7,alienware m15 r7 - youtube,531,short,some b-roll for my upcoming review of the #alienware m15r7 #shorts #review #tech #carelesswhisper,https://www.youtube.com/shorts/zxVKkFY4eoQ
134,2022-06-21,alienware aurora r13,alienware aurora r13 - youtube,362,Not short,"alienware aurora r14 liquid cooled gaming desktop - amd ryzen 9 5900, 32gb 3466mhz review",https://www.youtube.com/watch?v=LfgTS6JHLQw
135,2022-06-20,alienware x17 r2,alienware x17 r2 - youtube,195,Not short,resident evil village / alienware x17 r2 / 12900hk / rtx3080ti,https://www.youtube.com/watch?v=jTsfZbgwGoc
136,2022-06-20,alienware x15 r2,alienware x15 r2 - youtube,142,short,alienware x15 r2🔥🔥🔥🔥one of the most popular laptop 💯💯💯💯💥💥💥💥,https://www.youtube.com/shorts/IeOKu39cQ_U
137,2022-06-20,alienware x14,alienware x14 - youtube,7266,Not short,alienware x14r1评测：“真的假的” 这可能是今年最薄游戏本？| 笔吧评测室,https://www.youtube.com/watch?v=cGEMwPXTTHE
138,2022-06-20,alienware aurora r13,alienware aurora r13 - youtube,2545,Not short,rtx 3070 ti 8gb + i5-12600kf | alienware aurora r13 | gta,https://www.youtube.com/watch?v=_jEVjtkFcxY
139,2022-06-19,alienware aurora r13,alienware aurora r13 - youtube,207,Not short,rtx 3070 ti 8gb + i5-12400f | alienware aurora r13 | gta,https://www.youtube.com/watch?v=kmjKEnQkaZs
140,2022-06-18,alienware aurora r13,alienware aurora r13 - youtube,904,Not short,rtx 3070 ti 8gb + i7-12700f | alienware aurora r13 | gta,https://www.youtube.com/watch?v=I0znwRag1iE
141,2022-06-17,alienware x15 r2,alienware x15 r2 - youtube,5826,Not short,you cant beat this gaming laptop - alienware x15 r2 in 4k hdr,https://www.youtube.com/watch?v=QIlQywW53kg
142,2022-06-17,alienware aurora ryzen r14,alienware aurora ryzen r14 - youtube,10,Not short,alienware aurora ryzen™ edition r14 gaming desktop   product highlights,https://www.youtube.com/watch?v=i4tpKsEx-D8
143,2022-06-17,alienware aurora ryzen r14,alienware aurora ryzen r14 - youtube,906,Not short,alienware aurora r14 review,https://www.youtube.com/watch?v=GiwJHn5cObQ
144,2022-06-17,alienware aurora r13,alienware aurora r13 - youtube,407,Not short,rtx 3070 ti 8gb + i7-12700kf | alienware aurora r13 | gta,https://www.youtube.com/watch?v=PCh_BJXHN3s
145,2022-06-16,alienware x15 r2,alienware x15 r2 - youtube,228,Not short,asus rog strix g15 2022 vs alienware x15 r2 2022,https://www.youtube.com/watch?v=kLuS2oJylL4
146,2022-06-16,alienware m15 r7,alienware m15 r7 - youtube,1023,Not short,alienware m15 r7 full overview - not review | the most powerful gaming laptop | i7-12700h,https://www.youtube.com/watch?v=KpgU7lXANYg
147,2022-06-16,alienware aurora r13,alienware aurora r13 - youtube,2041,Not short,rtx 3070 ti 8gb + i9-12900kf | alienware aurora r13 | gta,https://www.youtube.com/watch?v=cc9uHr323CI
148,2022-06-16,alienware aurora r13,alienware aurora r13 - youtube,175,Not short,dell alienware aurora r13 gaming desktop review,https://www.youtube.com/watch?v=m1SjWd6h-Zo
149,2022-06-15,alienware m17 r5 amd,alienware x17 r2 - youtube,97793,Not short,2022 alienware m17 r5 unboxing and first impressions + gameplay!,https://www.youtube.com/watch?v=_CYlJTx67-Y
150,2022-06-15,alienware x14,alienware x14 - youtube,146,Not short,2022 alienware x14 обзор нового самого тонкого в мире геймерского ноутбука с батареей 80 вт/ч,https://www.youtube.com/watch?v=T7brh5TvLZc
151,2022-06-15,alienware m15 r7,alienware m15 r7 - youtube,698,Not short,alienware m15 r7 display quality - is it any good?,https://www.youtube.com/watch?v=vR6Y-1N5-p8
152,2022-06-14,alienware x17 r2,alienware x17 r2 - youtube,2547,Not short,alienware x17 r2 (2022) full review | i9-12900hk + rtx 3080 ti,https://www.youtube.com/watch?v=pnofJJ6Y5Lc
153,2022-06-14,alienware x17 r2,alienware x17 r2 - youtube,82,Not short,alienware x17 r2  simple unboxing and evaluation 超顶配简评,https://www.youtube.com/watch?v=OR4Q-1djb4k
154,2022-06-14,alienware m15 r7,alienware m15 r7 - youtube,40,Not short,alienware m15 r7 (amd),https://www.youtube.com/watch?v=d71SmqSrtOE
155,2022-06-13,alienware m15 r7,alienware m15 r7 - youtube,1782,Not short,"alienware m15 r7 upgradability, ssd installation",https://www.youtube.com/watch?v=yhK-aP6uNUE
156,2022-06-13,alienware m15 r7,alienware m15 r7 - youtube,102024,Not short,dell alienware m15 r7: with great power...,https://www.youtube.com/watch?v=o09lGpvj89w
157,2022-06-13,alienware aurora r13,alienware aurora r13 - youtube,1087,Not short,【2022年6月10日】ngc『new alienware r13 開封』生放送,https://www.youtube.com/watch?v=aKdztQq2JGg
158,2022-06-12,alienware m15 r7,alienware m15 r7 - youtube,1885,Not short,"alienware m15 r7 unboxing, first impressions & short comparison with gigabyte aero 15 oled",https://www.youtube.com/watch?v=WUAnfz9c05A
159,2022-06-11,alienware x14,alienware x14 - youtube,6542,Not short,alienwarex14レビュー14型で最高クラスのパフォーマンスを発揮可能なゲーミングノートpc,https://www.youtube.com/watch?v=lTXxNucVSCU
160,2022-06-10,alienware x17 r2,alienware x17 r2 - youtube,1221,Not short,alienware x17 r2 - meu novo notebook escolhendo a configuração .,https://www.youtube.com/watch?v=v3vTlZEkpWM
161,2022-06-10,alienware x17 r2,alienware x17 r2 - youtube,194,Not short,x17 r2 issue,https://www.youtube.com/watch?v=L6dRIbFLOds
162,2022-06-10,alienware x14,alienware x14 - youtube,544,Not short,alienware x14 2022 vs apple macbook pro 14 inch 2021,https://www.youtube.com/watch?v=6Hmkeew1jwM
163,2022-06-09,alienware x17 r2,alienware x17 r2 - youtube,782,Not short,alienware x17 r2 - meu novo notebook escolhendo a configuração .,https://www.youtube.com/watch?v=rJZB-l4jYsA
164,2022-06-07,alienware m15 r7,alienware m15 r7 - youtube,325,Not short,dell alienware m15 r7 laptop overview | krs n drs,https://www.youtube.com/watch?v=9_eO7PvHa78
165,2022-06-07,alienware m15 r7,alienware m15 r7 - youtube,22739,Not short,「alienware m15 r7」なら最短ルートでミニマルにハイエンドゲームを楽しめちゃう！,https://www.youtube.com/watch?v=tsCONoCYVIw
166,2022-06-07,alienware aurora r13,alienware aurora r13 - youtube,33,Not short,"alienware aurora r13 vs 10,000 tnt",https://www.youtube.com/watch?v=9sTG9PDlyjE
167,2022-06-06,alienware x17 r2,alienware x17 r2 - youtube,105,Not short,pcをalienware x17 r2に買い替えたので、アイドルドレス衣装の『night magic fire 』でfpsを比較してみました【カスタムオーダーメイド3d2.5で、色々と練習中☆】,https://www.youtube.com/watch?v=rd_Mlz4K-uY
168,2022-06-06,alienware x14,alienware x14 - youtube,952,Not short,alienware x14 full review | battery test | thin gaming laptop,https://www.youtube.com/watch?v=0_D06rttqks
169,2022-06-05,alienware aurora r13,alienware aurora r13 - youtube,42,Not short,poppy playtime: chapter 1 [alienware aurora r13],https://www.youtube.com/watch?v=iHxiQS5uy0c
170,2022-06-03,alienware x15 r2,alienware x15 r2 - youtube,1296,Not short,"alienware x15 r2 ที่สุด gaming บางที่สุด ! จอ 15.6"" สเปก i7, i9 gen 12h + rtx 3080ti",https://www.youtube.com/watch?v=KkAQHpBNWKA
171,2022-06-03,alienware x15 r2,alienware x15 r2 - youtube,3099,short,new alienware x15 r2 unboxing,https://www.youtube.com/shorts/4frtFcWskhQ
172,2022-06-03,alienware x14,alienware x14 - youtube,2158,Not short,dell alienware x14 (2022) | overview,https://www.youtube.com/watch?v=PJPaY3qGT-I
173,2022-06-03,alienware aurora r13,alienware aurora r13 - youtube,4129,Not short,"the dream gaming set up - alienware aurora r13 + qd-oled  alienware 34"" aw3423dw gaming monitor",https://www.youtube.com/watch?v=84_BsBwihjw
174,2022-06-01,alienware x17 r2,alienware x17 r2 - youtube,711,Not short,alienware x17 r2 开箱,https://www.youtube.com/watch?v=HMX3N5yVLIw
175,2022-06-01,alienware x17 r2,alienware x15 r2 - youtube,8697,Not short,alienware x17 r2 : core i9-12900hk et rtx 3080 ti une config de fou 🔥🔥,https://www.youtube.com/watch?v=DBMBRhO6aNQ
176,2022-06-01,alienware x14,alienware x14 - youtube,350,Not short,alienware x14 gaming laptop warzone cod multiplayer test,https://www.youtube.com/watch?v=PWBGEMMKQ1g
177,2022-06-01,alienware aurora r13,alienware aurora r13 - youtube,148,Not short,der neue dell alienware aurora r13 taugt er was?,https://www.youtube.com/watch?v=m7Bhg8pAcB8
178,2022-06-01,alienware aurora r13,alienware aurora r13 - youtube,95,Not short,der neue dell alienware aurora r13 taugt er was?,https://www.youtube.com/watch?v=GyH-8CQvwnA
179,2022-05-31,alienware m15 r7,alienware m15 r7 - youtube,36,Not short,alienware m15 r7,https://www.youtube.com/watch?v=DJlCRWR_h6o
180,2022-05-31,alienware aurora r13,alienware aurora r13 - youtube,260,short,alienware aurora r13 gaming desktop,https://www.youtube.com/shorts/kxGf8EMXzu4
181,2022-05-31,alienware aurora r13,alienware aurora r13 - youtube,37,Not short,alienware aurora r13 gaming desktop  overview,https://www.youtube.com/watch?v=LSsr7VSbCYM
182,2022-05-30,alienware x15 r2,alienware x15 r2 - youtube,27,Not short,graphics show on my alienware x15 r2 computer!! come and watch to see real details!,https://www.youtube.com/watch?v=Rp-imTY-TMo
183,2022-05-28,alienware x17 r2,alienware x17 r2 - youtube,3776,Not short,alienware x17 r2 fast umatched performace at a premium price.,https://www.youtube.com/watch?v=IV3_Jo5Qln4
184,2022-05-28,alienware x14,alienware x14 - youtube,891,Not short,alienware x14 gaming laptop overwatch multiplayer test,https://www.youtube.com/watch?v=b5nss4ojfYg
185,2022-05-28,alienware aurora ryzen r14,alienware aurora ryzen r14 - youtube,64,Not short,[광고] dell alienware aurora r14 gaming computer,https://www.youtube.com/watch?v=K7V6K_zd4bY
186,2022-05-28,alienware aurora r13,alienware aurora r13 - youtube,106,Not short,alienware aurora r13,https://www.youtube.com/watch?v=ESbIQGnk0JU
187,2022-05-28,alienware aurora r13,alienware aurora r13 - youtube,70,Not short,assassins creed valhalla  dell alienware aurora r13 rtx 3090 core i9 ultra hd 4k video,https://www.youtube.com/watch?v=nFUQENxWs7Y
188,2022-05-27,alienware x17 r2,alienware x15 r2 - youtube,17800,Not short,alienware x17 r2 vs alienware m17 r5,https://www.youtube.com/watch?v=F3TqfaTBAnM
189,2022-05-27,alienware x14,alienware x14 - youtube,351,Not short,alienware x14 gaming laptop halo infinite multiplayer test,https://www.youtube.com/watch?v=ZDyvyy2mf7o
190,2022-05-27,alienware m15 r7,alienware m15 r7 - youtube,7175,Not short,"alienware m15 r7 gaming laptop - unboxing, device overview & performance demo (fortnite + recording)",https://www.youtube.com/watch?v=hylek3tTPHk
191,2022-05-26,alienware m15 r7,alienware m15 r7 - youtube,15,Not short,alienware m15 r7 | product highlights,https://www.youtube.com/watch?v=_T3g1rwfFcY
192,2022-05-26,alienware m15 r7,alienware m15 r7 - youtube,95,Not short,alienware m15 r7  highlights i gameplay comparison,https://www.youtube.com/watch?v=6uiNb6qxm_o
193,2022-05-26,alienware m15 r7,alienware m15 r7 - youtube,8579,Not short,alienware m15 r7 | product highlights,https://www.youtube.com/watch?v=ZKZSqLmQT5w
194,2022-05-26,alienware aurora ryzen r14,alienware aurora ryzen r14 - youtube,5,Not short,alienware aurora r14 gaming desktop,https://www.youtube.com/watch?v=WKm7qYemrFY
195,2022-05-25,alienware x17 r2,alienware x17 r2 - youtube,221,Not short,alienware x17: buying wait 💻,https://www.youtube.com/watch?v=YdI0iQfjXJk
196,2022-05-25,alienware x17 r2,alienware x15 r2 - youtube,3516,Not short,alienware x17 r2 full review x,https://www.youtube.com/watch?v=-EGFzwfysHM
197,2022-05-25,alienware aurora r13,alienware aurora r13 - youtube,89,Not short,red dead redemption 2 dell alienware aurora r13 rtx 3090 core i9 ultra hd 4k video,https://www.youtube.com/watch?v=NjCIdDzGKNs
198,2022-05-25,alienware aurora r13,alienware aurora r13 - youtube,35256,Not short,mega abzocke bei dell alienware - 1200 euro aurora r13 test,https://www.youtube.com/watch?v=Rhkh0Y8-XLA
199,2022-05-24,alienware aurora r13,alienware aurora r13 - youtube,79,Not short,dell r13 aurora fan rattling noise,https://www.youtube.com/watch?v=oQ0ZmmJRnTA
200,2022-05-23,alienware m15 r7,alienware x15 r2 - youtube,193,Not short,razer blade 15 2022 vs alienware x15 r2 2022,https://www.youtube.com/watch?v=NpI1iS9B-Tk
201,2022-05-22,alienware m15 r7,alienware x15 r2 - youtube,94,Not short,asus rog zephyrus duo 15 se vs alienware x15 r2,https://www.youtube.com/watch?v=6YQ7ZWIqJ4U
202,2022-05-21,alienware aurora r13,alienware aurora r13 - youtube,545492,Not short,"""fixing"" the alienware r13 dumpster fire",https://www.youtube.com/watch?v=ZtnBr-v2ufs
203,2022-05-21,alienware aurora r13,alienware aurora r13 - youtube,239,short,aurora r13 awakens #aurora #alienware #sonya7iv #sonyalpha,https://www.youtube.com/shorts/ix28ja1ME1k
204,2022-05-20,alienware x15 r2,alienware x15 r2 - youtube,125,Not short,cómo reemplazar la tarjeta inalámbrica en alienware x15 r2,https://www.youtube.com/watch?v=SJurgDGDhf0
205,2022-05-19,alienware m15 r7,alienware m15 r7 - youtube,382,Not short,asus rog strix g15 advantage edition 2021 vs alienware m15 r7,https://www.youtube.com/watch?v=ff9po7gLyOQ
206,2022-05-18,alienware x15 r2,alienware x15 r2 - youtube,1912,Not short,"원래 이쁘고, 좋은건 비싸요. 델 에일리언웨어 x15 r2 2022 (alienware x15 r2) 가이드",https://www.youtube.com/watch?v=svI41HsUsqU
207,2022-05-18,alienware x14,alienware x14 - youtube,605,Not short,unboxing alienware x14 外星人笔记本开箱,https://www.youtube.com/watch?v=9CvymW1CXrQ
208,2022-05-18,alienware m15 r7,alienware m15 r7 - youtube,29829,Not short,alienware m15 r7 review - so close to perfect!,https://www.youtube.com/watch?v=7nDv1QXZYCI
209,2022-05-17,alienware m15 r7,alienware m15 r7 - youtube,183,Not short,alienware m15 r7 gaming laptop | dell,https://www.youtube.com/watch?v=XRjffXmGTbk
210,2022-05-17,alienware aurora r13,alienware aurora r13 - youtube,60,Not short,red dead redemption 2 dell alienware aurora r13 rtx 3090 core i9 ultra hd 4k video,https://www.youtube.com/watch?v=74v974bfjek
211,2022-05-15,alienware x17 r2,alienware x17 r2 - youtube,2641,Not short,alienware x17 - le gaming sur pc portable enfin sans compromis ? test complet,https://www.youtube.com/watch?v=j6c9Om5WmVA
212,2022-05-15,alienware x15 r2,alienware x15 r2 - youtube,694,Not short,alienware x15 r2 mid-spec full review,https://www.youtube.com/watch?v=50gKINm0BQw
213,2022-05-14,alienware aurora r13,alienware aurora r13 - youtube,122,Not short,5 best prebuilt gaming pc 2022,https://www.youtube.com/watch?v=1OQFCOXLaV4
214,2022-05-13,alienware x15 r2,alienware x15 r2 - youtube,586,Not short,how to replace the m.2 2230 solid-state drive on the alienware x15 r1 and r2,https://www.youtube.com/watch?v=NzfMeWxisJA
215,2022-05-13,alienware x14,alienware x14 - youtube,262,Not short,alienware 14x đặt cấu hình từ website nhà sản xuất tại mỹ,https://www.youtube.com/watch?v=7YQQuAWSwlA
216,2022-05-13,alienware aurora r13,alienware aurora r13 - youtube,448,Not short,nuevo setup y nuevo equipo alienware aurora r13,https://www.youtube.com/watch?v=MWKlOhqCV90
217,2022-05-12,alienware x17 r2,alienware x17 r2 - youtube,42526,Not short,2022 razer blade 17 review - what razer won't show you!,https://www.youtube.com/watch?v=hXX3D23CPWw
218,2022-05-12,alienware aurora r13,alienware aurora r13 - youtube,503,Not short,alienware aurora r13すごくない？,https://www.youtube.com/watch?v=0J8K_ZSYVsI
219,2022-05-11,alienware x14,alienware x14 - youtube,1077101,Not short,unbox the alienware x14 | igyaan | dell | powered by intel​,https://www.youtube.com/watch?v=OH3FlSggkYg
220,2022-05-11,alienware aurora r13,alienware aurora r13 - youtube,92,short,actualizamos el núcleo del centro de operaciones — alienware aurora r13,https://www.youtube.com/shorts/Fsbt15FDWmY
221,2022-05-10,alienware x14,alienware x14 - youtube,6209,Not short,【fun科技】14英寸的rtx3060笔记本凭什么卖2w？外星人x14 上手体验,https://www.youtube.com/watch?v=Gupc0fShB6I
222,2022-05-09,alienware x15 r2,alienware x15 r2 - youtube,30,Not short,graphics show on my alienware x15 r2 computer!! come and watch to see real details!,https://www.youtube.com/watch?v=wDX0ok_qhbo
223,2022-05-09,alienware x14,alienware x14 - youtube,557,Not short,"unboxing an alienware x14 (14"" gaming laptop)",https://www.youtube.com/watch?v=HoLW44HstE0
224,2022-05-09,alienware m15 r7,alienware m15 r7 - youtube,995170,Not short,unbox the alienware m15 r7 ft. trakin tech | dell | powered by intel,https://www.youtube.com/watch?v=GsjgNaY_Ums
225,2022-05-07,alienware x17 r2,alienware x15 r2 - youtube,14025,Not short,alienware x17 r2 (2022) review: core i9-12900hk + rtx 3080ti,https://www.youtube.com/watch?v=PBPZ6UT8uA8
226,2022-05-07,alienware m15 r7,alienware m15 r7 - youtube,4208,Not short,alienware m15 r7: everything you need in a gaming laptop? | the gadget 360 show,https://www.youtube.com/watch?v=kQKAwnPDOE0
227,2022-05-06,alienware x17 r2,alienware x17 r2 - youtube,1075,Not short,how to replace the memory modules on the alienware x17 r2,https://www.youtube.com/watch?v=aUQtZR2lJMs
228,2022-05-05,alienware x17 r2,alienware x15 r2 - youtube,33169,Not short,alienware x17 r2 review,https://www.youtube.com/watch?v=AZenGTR0Vuo
229,2022-05-05,alienware x15 r2,alienware x15 r2 - youtube,56,Not short,forza horizon 5 | rtx 3080ti 16gb | alienware x15 r2 | ultra setting | testing,https://www.youtube.com/watch?v=MMLnb6RRKQ4
230,2022-05-04,alienware x15 r2,alienware x15 r2 - youtube,57,Not short,hollla back again! hope yall enjoyed my alienware x15 r2! 💗💗i finally got yt to work on pc lol,https://www.youtube.com/watch?v=jzWA8LhVTYw
231,2022-05-04,alienware aurora r13,alienware aurora ryzen r14 - youtube,1938,Not short,"giveaway winner, alienware's new r14 sucks, 28 new controllers",https://www.youtube.com/watch?v=qnh8Xom7CG0
232,2022-05-03,alienware x14,alienware x14 - youtube,1090,Not short,alienware x14!!!កំពូលឡេបថបរបស់ alienware,https://www.youtube.com/watch?v=QDJOQMh-gxU
233,2022-05-03,alienware m15 r7,alienware m15 r7 - youtube,158,Not short,alienware m15 r7,https://www.youtube.com/watch?v=d_1YNBjtd2o
234,2022-05-03,alienware aurora r13,alienware aurora r13 - youtube,68,short,best alienware aurora r13 gaming desktop #shorts #shortsvideo,https://www.youtube.com/shorts/6Gb8Z0DgA4U
235,2022-05-02,alienware aurora ryzen r14,alienware aurora ryzen r14 - youtube,34,Not short,rtx 3060 ti | the crew2  - 1080p - max settings! | alienware aurora r14 ryzen edition,https://www.youtube.com/watch?v=0c0iJ4dFBsQ
236,2022-05-01,alienware x17 r2,alienware x17 r2 - youtube,2571,short,alienware x17 r2: fastest ssds i have seen so far!,https://www.youtube.com/shorts/SOOPuiIyNMU
237,2022-05-01,alienware x15 r2,alienware x15 r2 - youtube,23270,Not short,델 에일리언웨어 x15 r2 게이밍 노트북 - 비싸도 인기 있는 이유,https://www.youtube.com/watch?v=2N82YQcLUlU
238,2022-05-01,alienware m15 r7,alienware m15 r7 - youtube,9265,Not short,현실적인 드림 게이밍 노트북: 델 에일리언웨어 m15 r7 리뷰,https://www.youtube.com/watch?v=8LYp_ddlyGM
239,2022-05-01,alienware aurora r13,alienware aurora r13 - youtube,51,Not short,new alienware aurora r13 gaming desktop2022,https://www.youtube.com/watch?v=611F0Mw6QU4
240,2022-05-01,alienware aurora r13,alienware aurora r13 - youtube,871826,Not short,the worst pre-built we've ever reviewed: alienware r13 $5000 gaming pc benchmarks,https://www.youtube.com/watch?v=UnvxSkqJ8ic
241,2022-04-30,alienware m15 r7,alienware m15 r7 - youtube,29320,Not short,alienware m15 r7 vs legion 5i pro - mid range gaming battle!,https://www.youtube.com/watch?v=RnBkk6FE778
242,2022-04-30,alienware aurora ryzen r14,alienware aurora ryzen r14 - youtube,109,Not short,rtx 3060 ti | valorant - 1080p - max settings! | alienware aurora r14 ryzen edition,https://www.youtube.com/watch?v=Bp9CYh7qGIQ
243,2022-04-30,alienware aurora r13,alienware aurora r13 - youtube,21640,Not short,【4k】如何用官方一半的价钱，搞来一台顶配alienware r13？（cc字幕）,https://www.youtube.com/watch?v=J_OzxF_V6VE
244,2022-04-29,alienware x15 r2,alienware x15 r2 - youtube,234,Not short,how to replace the wireless card on the alienware x15 r1/alienware x15 r2,https://www.youtube.com/watch?v=ef-GQvOS1Ek
245,2022-04-29,alienware x15 r2,alienware x15 r2 - youtube,235,Not short,에일리언웨어 x15 r2 스피커 테스트,https://www.youtube.com/watch?v=FeaInfGpk_o
246,2022-04-29,alienware m15 r7,alienware m15 r7 - youtube,898,Not short,alienware m15 r7 (amd) | bling bling b*tch !!!,https://www.youtube.com/watch?v=2MT3bIVPIw8
247,2022-04-28,alienware aurora ryzen r14,alienware x17 r2 - youtube,1607,Not short,2022 alienware x17 r2 review || core i7 12700h rtx 3070ti,https://www.youtube.com/watch?v=DlbIEQPOgq8
248,2022-04-28,alienware x17 r2,alienware x17 r2 - youtube,24969,Not short,alienware x17 r1 (11800h + rtx 3080) | обзор ноутбука | моё личное мнение,https://www.youtube.com/watch?v=ajjflpgMUY8
249,2022-04-28,alienware m15 r7,alienware m15 r7 - youtube,383,Not short,dell alienware x14 | m15 r7 best gaming laptop 2022 - price | specs | india | hindi,https://www.youtube.com/watch?v=9nrk-PIEtFY
250,2022-04-28,alienware aurora ryzen r14,alienware aurora ryzen r14 - youtube,62,Not short,rtx 3060 ti | forza horizon 5 - 1080p -  extreme settings! | alienware aurora r14 ryzen edition,https://www.youtube.com/watch?v=DDHjd5WaXg4
251,2022-04-28,alienware aurora r13,alienware aurora r13 - youtube,12,Not short,5 kills warzone ultra super wide screen and aurora r13 max resolution 🚀🎮🕹,https://www.youtube.com/watch?v=5e2Id5iWdiU
252,2022-04-27,alienware aurora ryzen r14,alienware aurora ryzen r14 - youtube,182,Not short,ryzen 7 5800x3d + rtx 3090 24gb | dell alienware aurora r14 | cod: warzone,https://www.youtube.com/watch?v=PRUPv6d3jrM
253,2022-04-27,alienware aurora r13,alienware aurora r13 - youtube,173,Not short,dell alienware aurora r13 i7-12700kf rtx 3060ti 8gb w11hsl,https://www.youtube.com/watch?v=-Fy5ez417xE
254,2022-04-27,alienware m15 r7,alienware - youtube,29,short,new alienware m15r7 freezing even after reset to factory,https://www.youtube.com/shorts/piuqI6bdvjc
255,2022-04-27,alienware m15 r7,alienware - youtube,19,short,new alienware m15r7 freezing even after reset to factory,https://www.youtube.com/shorts/zYzVSk0PSrw
256,2022-04-26,alienware m15 r7,alienware m15 r7 - youtube,2372,Not short,"dell g15 5525 / alienware m15 r7 ปี 2022 สเปก amd ryzen 6000h + geforce rtx 30 เริ่ม 3x,xxx บาท",https://www.youtube.com/watch?v=7G3amnH-4u4
257,2022-04-26,alienware m15 r7,alienware m15 r7 - youtube,7728,Not short,alienware m15 r7 | gameplay comparison,https://www.youtube.com/watch?v=cdhyhlS7CHY
258,2022-04-26,alienware m15 r7,alienware m15 r7 - youtube,283,Not short,"most powerfull laptop ⚡alienware m15 r7🔥 powerful gaming laptop, price rs.1.......?",https://www.youtube.com/watch?v=ROmqkkBSH2I
259,2022-04-26,alienware m15 r7,alienware m15 r7 - youtube,322,Not short,"alienware announce new ryzen aurora r14 gaming pc, m15 r7 & m17 r5 laptops!",https://www.youtube.com/watch?v=OWS0d1zUgMI
260,2022-04-26,alienware aurora ryzen r14,alienware aurora ryzen r14 - youtube,681,Not short,ryzen 7 5800x3d + rtx 3080 10gb | dell alienware aurora r14 | cod: warzone,https://www.youtube.com/watch?v=h1AQxG4ZJis
261,2022-04-26,alienware aurora ryzen r14,alienware aurora ryzen r14 - youtube,670,Not short,ryzen 7 5800x3d + rx 6900 xt 16gb | dell alienware aurora r14 | cod: warzone,https://www.youtube.com/watch?v=lE0otNIVEng
262,2022-04-25,alienware x17 r2,alienware x17 r2 - youtube,1720,Not short,i almost killed my x17 r2 (my fault) mistake while bios update,https://www.youtube.com/watch?v=ScdPQJl0GXM
263,2022-04-25,alienware x14,alienware x14 - youtube,2061,Not short,"alienware x14 ที่สุดของ gaming จอ 14"" พรีเมียม สเปก i7-12700h + rtx 3060 เบาสุดๆ 1.84 โล",https://www.youtube.com/watch?v=qaFrpIyetPI
264,2022-04-25,alienware m15 r7,alienware m15 r7 - youtube,65,Not short,dell alienware m15 r7 laptop review.,https://www.youtube.com/watch?v=BxhwaM55fc4
265,2022-04-25,alienware aurora ryzen r14,alienware aurora ryzen r14 - youtube,668,Not short,ryzen 7 5800x3d + rtx 3070 8gb | dell alienware aurora r14 | cod: warzone,https://www.youtube.com/watch?v=9IwjDC7Bmao
266,2022-04-25,alienware aurora ryzen r14,alienware aurora ryzen r14 - youtube,308,Not short,ryzen 7 5800x3d + rtx 3090 ti 24gb | dell alienware aurora r14 | cod: warzone,https://www.youtube.com/watch?v=IACxa-vSAWE
267,2022-04-25,alienware aurora r13,alienware aurora r13 - youtube,29,Not short,forza horizon 5 - alienware aurora r13 - logitech g923,https://www.youtube.com/watch?v=f_npFG878Fk
268,2022-04-25,alienware aurora r13,alienware aurora r13 - youtube,65,Not short,adult with adhd tries to do an unboxing video | alienware aurora r13 unboxing video (the sequel),https://www.youtube.com/watch?v=_LRBRYEZBK8
269,2022-04-24,alienware x15 r2,alienware x17 r2 - youtube,540,Not short,rtx 3070 ti | alienware x17 r2 (2022) | call of duty: warzone | 1440p benchmarks,https://www.youtube.com/watch?v=DReifaj7Z3o
270,2022-04-24,alienware x14,alienware x14 - youtube,4998,Not short,【splustech】alienware外星人x14 rtx3060评测：剑走偏锋，有始有终,https://www.youtube.com/watch?v=nxyPuEVFOY4
271,2022-04-24,alienware m15 r7,alienware m15 r7 - youtube,666,Not short,"alienware amd ryzen 6000 | alienware m15 r7, alienware m17 r5 and dell g15 gaming",https://www.youtube.com/watch?v=zqZn1Ccl-Ag
272,2022-04-24,alienware aurora ryzen r14,alienware aurora ryzen r14 - youtube,490,Not short,ryzen 7 5800x3d + rtx 3060 ti 8gb | dell alienware aurora r14 | cod: warzone,https://www.youtube.com/watch?v=vsrgJ6umNO0
273,2022-04-24,alienware aurora r13,alienware aurora r13 - youtube,1298656,Not short,crazy bad $5000 alienware gaming pc: r13 aurora tear-down,https://www.youtube.com/watch?v=DY1dlVPzUVo
274,2022-04-23,alienware x15 r2,alienware x15 r2 - youtube,740,Not short,rtx 3070 ti | alienware x15 r2 (2022) | call of duty: warzone | 1440p benchmarks,https://www.youtube.com/watch?v=UJyXRQ7fALM
275,2022-04-23,alienware x14,alienware x14 - youtube,1487,Not short,alienware x14: small wonder or big blunder? | the gadgets 360 show,https://www.youtube.com/watch?v=DwfALU5haVs
276,2022-04-23,alienware x14,alienware x14 - youtube,2286,Not short,alienware x14: right balance of portability and power? | the gadgets 360 show,https://www.youtube.com/watch?v=pgy5lo2CHxk
277,2022-04-23,alienware x14,alienware x14 - youtube,8,Not short,alienware x14  world's thinnest gaming laptop review,https://www.youtube.com/watch?v=LU4Nn4SehbQ
278,2022-04-23,alienware aurora ryzen r14,alienware aurora ryzen r14 - youtube,537,Not short,ryzen 7 5800x3d + rtx 3070 ti 8gb | dell alienware aurora r14 | cod: warzone,https://www.youtube.com/watch?v=XXsCFG9-RZw
279,2022-04-23,alienware aurora r13,alienware aurora r13 - youtube,43,Not short,better videos coming soon!! [alienware aurora r13],https://www.youtube.com/watch?v=8oLVqyI7LGc
280,2022-04-22,alienware x15 r2,alienware x15 r2 - youtube,818,Not short,델 에일리언웨어 x15 r2 게임 성능 테스트 (i9-12900h / rtx3080ti),https://www.youtube.com/watch?v=DqOzbz2wVnU
281,2022-04-22,alienware m15 r7,alienware m15 r7 - youtube,69,Not short,dell alienware m15 r7 laptop review.,https://www.youtube.com/watch?v=v_7KlFNMsTc
282,2022-04-22,alienware m15 r7,alienware m15 r7 - youtube,53,Not short,dell alienware m15 r7 laptop review.,https://www.youtube.com/watch?v=ppfE9aTd0Bk
283,2022-04-22,alienware aurora ryzen r14,alienware aurora ryzen r14 - youtube,552,Not short,ryzen 7 5800x3d + rtx 3080 ti 12gb | alienware aurora r14 | cod: warzone,https://www.youtube.com/watch?v=LF-PNFB4dLE
284,2022-04-22,alienware aurora r13,alienware aurora r13 - youtube,63,Not short,warzone in ultra wide screen with alienware aurora r13,https://www.youtube.com/watch?v=43-NqODYo2A
285,2022-04-21,alienware m15 r7,alienware x15 r2 - youtube,2434,Not short,alienware x15 r2 2022 vs alienware m15 r7 2022,https://www.youtube.com/watch?v=VBQW0zyQjDY
286,2022-04-21,alienware x15 r2,alienware x15 r2 - youtube,737,Not short,noul alienware x15 r2 cu procesor intel 12th gen la avstore,https://www.youtube.com/watch?v=GW-Q1_aQnz4
287,2022-04-21,alienware x14,alienware x14 - youtube,95,Not short,alienware announces x14 -- the world's thinnest gaming laptop,https://www.youtube.com/watch?v=QDAQpmuy_8Y
288,2022-04-21,alienware m15 r7,alienware m15 r7 - youtube,2563,short,alienware m15 r7 first look 👽,https://www.youtube.com/shorts/li8N1E8oZW4
289,2022-04-21,alienware m15 r7,alienware m15 r7 - youtube,20,Not short,alienware m15 r7 | amd | product highlights,https://www.youtube.com/watch?v=kpZqNAn6Y2s
290,2022-04-21,alienware m15 r7,alienware m15 r7 - youtube,59,Not short,alienware m15 r7 amd ryzen™ 6000 series gaming laptop,https://www.youtube.com/watch?v=FfdPD17Zsts
291,2022-04-21,alienware m15 r7,alienware m15 r7 - youtube,12899,Not short,alienware m15 r7 (amd) | product highlights,https://www.youtube.com/watch?v=LWHldNYvArY
292,2022-04-21,alienware m15 r7,alienware m15 r7 - youtube,3533,Not short,asus rog strix scar 15 2022 vs alienware m15 r7 2022,https://www.youtube.com/watch?v=_8JAzMZuefs
293,2022-04-21,alienware aurora ryzen r14,alienware aurora ryzen r14 - youtube,3,Not short,"alienware aurora r14 gaming desktop - amd ryzen 9 5900, 32gb 3466mhz ram, 1tb ssd",https://www.youtube.com/watch?v=_0BpszqmK8w
294,2022-04-20,alienware x17 r2,alienware x15 r2 - youtube,25529,Not short,alienware x17 r2 - deep dive,https://www.youtube.com/watch?v=U2YnYjH3laI
295,2022-04-20,alienware x14,alienware x14 - youtube,734,Not short,dellの最新ゲーミングノートパソコン alienware x14が「薄すぎる！？」実機レビューのレビュー,https://www.youtube.com/watch?v=D-dmbTiymHc
296,2022-04-20,alienware x14,alienware x14 - youtube,780,Not short,alienware x14 - product review,https://www.youtube.com/watch?v=k2mzIPNBGqE
297,2022-04-20,alienware m15 r7,alienware m15 r7 - youtube,1767,Not short,alienware m15 r7 - product review,https://www.youtube.com/watch?v=i7dEC-t0X3o
298,2022-04-20,alienware m15 r7,alienware m15 r7 - youtube,621,Not short,ultimate gaming laptop -dell alienware m15 r7 12-gen intel core processors,https://www.youtube.com/watch?v=KayLcbhhfPg
299,2022-04-19,alienware x14,alienware x14 - youtube,1804,Not short,new alienware x14,https://www.youtube.com/watch?v=RfIbtHHuAic
300,2022-04-19,alienware x14,alienware x14 - youtube,4489,Not short,薄さ14.5 mmのゲーミングノートpc「alienware x14」でカフェや出張先でもハイエンドなゲーミング体験を。,https://www.youtube.com/watch?v=S2IpO7mIsWs
301,2022-04-19,alienware m15 r7,alienware m15 r7 - youtube,29,Not short,new alienware m15 r7,https://www.youtube.com/watch?v=fFh8Frv37Ck
302,2022-04-19,alienware m15 r7,alienware m15 r7 - youtube,15,Not short,"dell alienware m15 r7, x14 launched in india: price, specifications",https://www.youtube.com/watch?v=cTn079LMd5g
303,2022-04-19,alienware m15 r7,alienware m15 r7 - youtube,389,Not short,review of dell alienware m15 r7 laptop,https://www.youtube.com/watch?v=6XSaltEUIsc
304,2022-04-19,alienware m15 r7,alienware m15 r7 - youtube,220,Not short,"best gaming laptops | alienware x14, alienware m15 r7 gaming laptops with 12th gen intel processors😀",https://www.youtube.com/watch?v=a1A6qka8chg
305,2022-04-19,alienware m15 r7,alienware m15 r7 - youtube,730,Not short,alienware x14 review (hindi) - the best gaming laptop ever 🔥 || alienware m15 r7 specs & price,https://www.youtube.com/watch?v=3r4F7UOf0Cw
306,2022-04-19,alienware m15 r7,alienware m15 r7 - youtube,2421,Not short,new alienware m15 r7,https://www.youtube.com/watch?v=I2yv5RWjcBo
307,2022-04-18,alienware x17 r2,alienware x17 r2 - youtube,520,Not short,control gameplay max settings alienware x17 r2 i9-12900hk / rtx3080 ti,https://www.youtube.com/watch?v=OnCvKggUhZU
308,2022-04-18,alienware x17 r2,alienware x17 r2 - youtube,1450,Not short,never look down at alienware x17 r2 (must watch),https://www.youtube.com/watch?v=-SPkwPK8dO4
309,2022-04-18,alienware x17 r2,alienware x17 r2 - youtube,322,Not short,3dmark timespy 4k + 8k (upscaled) / alienware x17 r2 / i9-12900hk,https://www.youtube.com/watch?v=RoRkl4Z7y8M
310,2022-04-18,alienware x17 r2,alienware x17 r2 - youtube,293,Not short,control gameplay alienware x17 r2 i9-12900hk,https://www.youtube.com/watch?v=Rr43jk2lf5A
311,2022-04-18,alienware x17 r2,alienware x17 r2 - youtube,256,Not short,gameplay resident evil village alienware x17 r2 12900hk,https://www.youtube.com/watch?v=TScRKaxCxWs
312,2022-04-18,alienware m15 r7,alienware x14 - youtube,4,Not short,alienware x14 and m15 r7 gaming laptops from dell,https://www.youtube.com/watch?v=tlY8WtqVOsA
313,2022-04-18,alienware m15 r7,alienware m15 r7 - youtube,152,Not short,unboxing our most powerful laptop⚡alienware m15 r7 | alienware m15 r7 unboxing and first impressions,https://www.youtube.com/watch?v=ew5Hy83592M
314,2022-04-18,alienware m15 r7,alienware m15 r7 - youtube,24,Not short,dell alienware m15 r7 - দানবের মতো ক্ষমতা। জেনে নাও সমস্ত রহস্য!!!,https://www.youtube.com/watch?v=5v_Y0xxoe0s
315,2022-04-18,alienware m15 r7,alienware m15 r7 - youtube,1218,Not short,dell alienware m15 r7 laptop review.,https://www.youtube.com/watch?v=GxVFjGanEFY
316,2022-04-18,alienware m15 r7,alienware m15 r7 - youtube,83,Not short,"alienware x14, alienware m15 r7 gaming laptops with 12th gen intel processors launched in india",https://www.youtube.com/watch?v=2wWRjs2QCvE
317,2022-04-18,alienware m15 r7,alienware m15 r7 - youtube,228,short,most powerful laptop ever⚡alienware m15 r7 first impressions #shorts,https://www.youtube.com/shorts/CkOB8D34A5c
318,2022-04-18,alienware m15 r7,alienware m15 r7 - youtube,1929878,Not short,alienware m15 r7ゲーミング ノートパソコン product video,https://www.youtube.com/watch?v=5FFtUITAJzU
319,2022-04-18,alienware m15 r7,alienware - youtube,4,Not short,unboxing the most powerful laptop ever⚡alienware m15 r7 unboxing and first impressions,https://www.youtube.com/watch?v=uYPe6Ewzk2U
320,2022-04-17,alienware x17 r2,alienware x17 r2 - youtube,616,Not short,alienware x17 r2 / liquid metal / 12900hk / 3dmark time spy / read video description!,https://www.youtube.com/watch?v=XXJsJCEJEYE
321,2022-04-17,alienware x17 r2,alienware x17 r2 - youtube,569,Not short,"alienware x17 r2 / 12900hk / liquid metal / control / 1080p max settings / raytracing ""on""",https://www.youtube.com/watch?v=x_Hw0mK4glU
322,2022-04-17,alienware x17 r2,alienware x17 r2 - youtube,1098,Not short,"alienware x17 r2 / 12900hk / liquid metal / cyberpunk 2077 / 1080p max settings / raytracing ""on""",https://www.youtube.com/watch?v=zCp-YjET5kw
323,2022-04-17,alienware x17 r2,alienware x17 r2 - youtube,52,Not short,"i ran cinebench while video-editing, screen record, and youtube uploading alienware x17 r2 12900hk",https://www.youtube.com/watch?v=KzmDmsteYY0
324,2022-04-17,alienware x14,alienware x14 - youtube,105724,Not short,best gaming laptop ? alienware x14,https://www.youtube.com/watch?v=pyc3Jik6qbo
325,2022-04-17,alienware m15 r7,alienware m15 r7 - youtube,129,short,most powerful laptop ever⚡alienware m15 r7 unboxing and first impressions #hindi #shorts #dell #like,https://www.youtube.com/shorts/HkrMijd_2E8
326,2022-04-17,alienware m15 r7,alienware m15 r7 - youtube,172,short,alienware m15 r7  #normaltech #shorts,https://www.youtube.com/shorts/hG3rbgA7NU0
327,2022-04-17,alienware m15 r7,alienware m15 r7 - youtube,3856,short,unboxing our most powerful laptop ever ⚡alienware m15 r7 unboxing #shorts,https://www.youtube.com/shorts/IwSWv9gWO0M
328,2022-04-17,alienware m15 r7,alienware m15 r7 - youtube,19,Not short,unboxing our most powerful laptop ever⚡alienware m15 r7 unboxing and first impressions,https://www.youtube.com/watch?v=SXmRJ69fppY
329,2022-04-17,alienware m15 r7,alienware m15 r7 - youtube,141649,Not short,the ultimate gaming laptop - alienware m15 r7 unboxing & first look🔥🔥🔥,https://www.youtube.com/watch?v=BbX1tEWB98A
330,2022-04-17,alienware m15 r7,alienware m15 r7 - youtube,363001,Not short,unboxing our most powerful laptop ever⚡alienware m15 r7 unboxing and first impressions,https://www.youtube.com/watch?v=dVcBKRDpcBY
331,2022-04-17,alienware m15 r7,alienware m15 r7 - youtube,6,Not short,unboxing our most powerful laptop ever⚡alienware m15 r7 unboxing and first impressions,https://www.youtube.com/watch?v=haH5XaTgYcw
332,2022-04-17,alienware m15 r7,alienware m15 r7 - youtube,9,Not short,the ultimate gaming laptop - alienware m15 r7 unboxing & first look🔥,https://www.youtube.com/watch?v=du3hsfZNkPI
333,2022-04-15,alienware x17 r2,alienware x17 r2 - youtube,567,short,"alienware x17 r2 / cinebench r23 / 20,000 points",https://www.youtube.com/shorts/ymAEjzV2f6U
334,2022-04-15,alienware x17 r2,alienware x17 r2 - youtube,21726,Not short,【大画面で高性能】12世代搭載ノートパソコン「alienware x17 r2」をレビュー。ゲームだけじゃなくクリエーターにも！,https://www.youtube.com/watch?v=PL6hnix8GUM
335,2022-04-15,alienware x14,alienware x14 - youtube,240,Not short,alienware x14：nvidia image scalingを使って「project cars 3」のリプレイを表示,https://www.youtube.com/watch?v=AWxWBUauFBk
336,2022-04-15,alienware x14,alienware x14 - youtube,435,Not short,alienware x14のヒンジ「デュアル トルク エレメント」の動き,https://www.youtube.com/watch?v=2MKqNLtThFc
337,2022-04-15,alienware m15 r7,alienware m15 r7 - youtube,657,Not short,alienware m15 r7 vs msi vector gp66! which one you prefer!,https://www.youtube.com/watch?v=M_nMg6T5ZoI
338,2022-04-14,alienware x17 r2,alienware x17 r2 - youtube,13476,Not short,"лучший игровой ноутбук, которого нет 🔥 ноутбук alienware x17 r1 x17-4428 geforce rtx 3070 купил !",https://www.youtube.com/watch?v=W8hNdQqFm10
339,2022-04-13,alienware x15 r2,alienware x17 r2 - youtube,442,Not short,rtx 3070 ti | alienware x17 r2 (2022) | horizon zero dawn | 1440p benchmarks,https://www.youtube.com/watch?v=rmh1pZshL9w
340,2022-04-12,alienware x15 r2,alienware x15 r2 - youtube,7419,Not short,dell alienware x15 r2 gaming laptop unboxing | intel core i7 12th gen laptop unboxing | lt hub,https://www.youtube.com/watch?v=N_4DGPXjjSk
341,2022-04-12,alienware x15 r2,alienware x15 r2 - youtube,335,Not short,rtx 3070 ti | alienware x15 r2 (2022) | horizon zero dawn | 1440p benchmarks,https://www.youtube.com/watch?v=fXhAGKS02ZI
342,2022-04-12,alienware aurora r13,alienware aurora r13 - youtube,19315,Not short,四万块3080 ti主机居然用120水冷压i9 外星人r13只剩售后和信仰可吹了吗？,https://www.youtube.com/watch?v=gPxpTMbUEy0
343,2022-04-11,alienware x17 r2,alienware x15 r2 - youtube,221772,Not short,외계인이 사랑한 게이밍 노트북👽에일리언웨어 x17 r2,https://www.youtube.com/watch?v=AYyqV0vhnHE
344,2022-04-10,alienware x17 r2,alienware x17 r2 - youtube,10187,Not short,how to apply liquid metal: a beginner’s tutorial | alienware x17 r2 i9-12900hk,https://www.youtube.com/watch?v=i9i-l4TMmok
345,2022-04-10,alienware x17 r2,alienware x17 r2 - youtube,962,Not short,alienware x17 r2 vs raider ge76 12u!  comparison!,https://www.youtube.com/watch?v=SKJmAWlYxIc
346,2022-04-09,alienware x17 r2,alienware x17 r2 - youtube,3518,short,alienware x17 r2 gaming laptop | dell usa,https://www.youtube.com/shorts/XrG2-h0L6vI
347,2022-04-09,alienware x17 r2,alienware x17 r2 - youtube,1101,short,"alienware x17 r2 / liquid metal solved the thermal issues. ~19,000 cinebench r23",https://www.youtube.com/shorts/b_hwZ3mYwOI
348,2022-04-09,alienware x17 r2,alienware x15 r2 - youtube,19768,Not short,alienware x17 r2 - the 4k configuration is finally here!  (plus 3070ti testing),https://www.youtube.com/watch?v=p_s0PVUybWI
349,2022-04-08,alienware x17 r2,alienware x17 r2 - youtube,1329,Not short,x17: alienware is ripping you off for one good reason,https://www.youtube.com/watch?v=vCfwWyRgC2k
350,2022-04-08,alienware x17 r2,alienware x17 r2 - youtube,747,short,liquid metal saved my alienware x17 r2 ❤️,https://www.youtube.com/shorts/wylmrNjPekg
351,2022-04-08,alienware x17 r2,alienware x17 r2 - youtube,3987,Not short,new gaming laptop unboxing  | alienware x17 r2 gaming laptop,https://www.youtube.com/watch?v=z8Cw9IrSeOM
352,2022-04-08,alienware x17 r2,alienware x17 r2 - youtube,14,Not short,tunic on alienware x17 r2,https://www.youtube.com/watch?v=qq1eJzZdd64
353,2022-04-08,alienware x15 r2,alienware x15 r2 - youtube,830,Not short,rtx 3070 ti 8gb | alienware x15 r2 (2022) | call of duty: warzone,https://www.youtube.com/watch?v=QSkvn4VfZLo
354,2022-04-08,alienware x14,alienware x14 - youtube,49,Not short,alienware x14,https://www.youtube.com/watch?v=ye4GJwdwUO8
355,2022-04-08,alienware x14,alienware x14 - youtube,3637,short,new alienware x14 gaming laptop 💻,https://www.youtube.com/shorts/LHtQxTicM-M
356,2022-04-07,alienware x17 r2,alienware x17 r2 - youtube,325,Not short,rtx 3070 ti 8gb | alienware x17 r2 (2022) | call of duty: warzone,https://www.youtube.com/watch?v=mBuIyLh0Kns
357,2022-04-07,alienware x17 r2,alienware x17 r2 - youtube,5449,Not short,【 xf 開箱 】12 代 intel 處理器。rtx30 系顯示卡。打機剪片冇難度！｜alienware x17 r2,https://www.youtube.com/watch?v=2EyFJFZids0
358,2022-04-07,alienware x14,alienware x14 - youtube,124760,Not short,【apex】ゲーミングノートpcを手に入れたからいつでもゲームができるぜ！【本郷奏多の日常】,https://www.youtube.com/watch?v=wxni1BRM1bY
359,2022-04-06,alienware x17 r2,alienware x17 r2 - youtube,133,Not short,rtx 3070 ti | alienware x17 r2 (2022) | gta 5 | 1440p benchmarks,https://www.youtube.com/watch?v=vnzp7rQZnoU
360,2022-04-06,alienware x17 r2,alienware x17 r2 - youtube,136,short,will liquid metal be the final boss for the x17 r2?,https://www.youtube.com/shorts/n6c7tCE2BjE
361,2022-04-06,alienware x17 r2,alienware x17 r2 - youtube,211,Not short,does awcc jeopardise performance? a l alienware x17 r2,https://www.youtube.com/watch?v=WSmScnnKh0g
362,2022-04-06,alienware x14,alienware x14 - youtube,1428,Not short,dell alienware x14 2022 gaming laptop review : the world's thinnest gaming laptop,https://www.youtube.com/watch?v=zWx3s7_SFAw
363,2022-04-06,alienware aurora r13,alienware aurora r13 - youtube,24400,Not short,2022 hp omen 45l review - the coolest 12th gen i9 in the world?,https://www.youtube.com/watch?v=uhjyZAI3Kis
364,2022-04-06,alienware aurora r13,alienware aurora r13 - youtube,1835,Not short,unboxing | alienware aurora r13 - una computadora imponente,https://www.youtube.com/watch?v=5cZkQu4MYLI
365,2022-04-05,alienware x15 r2,alienware x15 r2 - youtube,488,Not short,rtx 3070 ti | alienware x15 r2 (2022) | assassin's creed valhalla | 1080p benchmarks,https://www.youtube.com/watch?v=yDu96VbuNwU
366,2022-04-05,alienware m15 r7,alienware m15 r7 - youtube,774,Not short,the latest edition alienware m15 r7 gaming laptop,https://www.youtube.com/watch?v=zDf1_whhVLs
367,2022-04-04,alienware x17 r2,alienware x17 r2 - youtube,169,Not short,rtx 3070 ti | alienware x17 r2 (2022) | assassin's creed valhalla | 1080p benchmarks,https://www.youtube.com/watch?v=qKhs8E6te5Y
368,2022-04-04,alienware x15 r2,alienware x15 r2 - youtube,221,Not short,alienware x15 r2 2022 vs msi raider ge66 2022,https://www.youtube.com/watch?v=Uy1vx0yj9hQ
369,2022-04-04,alienware x15 r2,alienware x15 r2 - youtube,459,Not short,rtx 3070 ti | alienware x15 r2 (2022) | gta 5 | 1440p benchmarks,https://www.youtube.com/watch?v=s3ZHw2AA2Ik
370,2022-04-04,alienware x14,alienware x14 - youtube,4594,Not short,alienware x14 consumer review - pleasantly surprising!!,https://www.youtube.com/watch?v=me6NMwzd41s
371,2022-04-04,alienware x14,alienware x14 - youtube,15,Not short,alienware x14 | product highlights,https://www.youtube.com/watch?v=VL7PIoCM0UQ
372,2022-04-04,alienware x14,alienware x14 - youtube,11270,Not short,alienware x14 | product highlights,https://www.youtube.com/watch?v=YmO81K93ZBM
373,2022-04-03,alienware x17 r2,alienware x17 r2 - youtube,2025,short,i will never buy a dell laptop anymore / x17 r2 swap,https://www.youtube.com/shorts/_4n0iqcRd20
374,2022-04-03,alienware x15 r2,alienware x15 r2 - youtube,123,Not short,"alienware x15 r2, x17 r2 - 12th gen intel chips, nvidia geforce rtx 30 series gpus launched in india",https://www.youtube.com/watch?v=4vfBkNKWHpA
375,2022-04-03,alienware aurora r13,alienware aurora r13 - youtube,1985,Not short,alienware aurora r13 || gaming pc || unboxing,https://www.youtube.com/watch?v=_lyIk_x7OOw
376,2022-04-01,alienware m15 r7,alienware x15 r2 - youtube,37866,Not short,is this the affordable alienware? 😂,https://www.youtube.com/watch?v=QBXqXW6Dj18
377,2022-03-31,alienware x17 r2,alienware x17 r2 - youtube,186,short,x17 r2 swap idle temps,https://www.youtube.com/shorts/_zfNg7fpiRQ
378,2022-03-31,alienware x17 r2,alienware x17 r2 - youtube,1349,short,x17 r2 swap first start,https://www.youtube.com/shorts/Sk84lrt3wpg
379,2022-03-31,alienware x17 r2,alienware x17 r2 - youtube,577,short,my swap x17 r2 is here!,https://www.youtube.com/shorts/_BtUOtWyqPM
380,2022-03-31,alienware x15 r2,alienware x15 r2 - youtube,23,Not short,"dell alienware x15 r2, x17 r2 gaming laptops launched in india: price, specifications",https://www.youtube.com/watch?v=7aVAm1DBtSA
381,2022-03-31,alienware x14,alienware x14 - youtube,3160,Not short,【白tv】14.5mm！可能是最薄的“游戏本”——外星人 alienware x14,https://www.youtube.com/watch?v=yFuZexrwkRk
382,2022-03-31,alienware aurora r13,alienware aurora r13 - youtube,162693,Not short,nouveau pc vs fortine sans construction 🤯 (unboxing alienware aurora r13),https://www.youtube.com/watch?v=dNx6RJ1DOQE
383,2022-03-30,alienware x15 r2,alienware x15 r2 - youtube,17,Not short,"dell alienware x15 r2 & x17 r2, honor magicbook x14 & x15, samsung galaxy a13 & a23, realme techlife",https://www.youtube.com/watch?v=u6Rh7Bo_k-A
384,2022-03-30,alienware x15 r2,alienware x15 r2 - youtube,1384,Not short,razer blade 15 2022 vs alienware x15 r2 2022,https://www.youtube.com/watch?v=6joKPj_d7qY
385,2022-03-30,alienware x15 r2,alienware x15 r2 - youtube,1063,Not short,alienware x15 r2 & x17 r2 | best gaming laptop | 12th gen intel i7 and i9 chips😍,https://www.youtube.com/watch?v=-hKnN2rgdyI
386,2022-03-30,alienware x15 r2,alienware x15 r2 - youtube,15903,Not short,alienware x15 r2 review - rtx 3080 ti - i7 12700h - qhd,https://www.youtube.com/watch?v=DJh0tuRyQYY
387,2022-03-30,alienware x14,alienware x14 - youtube,5244,Not short,alienware x14 unboxing and initial impressions......bruh!!!!,https://www.youtube.com/watch?v=l6MVdtYTbfU
388,2022-03-30,alienware aurora r13,alienware aurora r13 - youtube,3465,short,streaming tech refresh thx to alienware 🤯🙏🤓 #alienwarehive #shorts,https://www.youtube.com/shorts/7tFJpd5rPDA
389,2022-03-29,alienware x14,alienware x14 - youtube,984,Not short,asus rog zephyrus g14 2022 vs alienware x14 2022,https://www.youtube.com/watch?v=AoW2_ruLjx4
390,2022-03-29,alienware m15 r7,alienware m15 r7 amd - youtube,638,Not short,alienware m15 r7 basic information,https://www.youtube.com/watch?v=smJ0w_p3sbM
391,2022-03-29,alienware aurora ryzen r14,alienware aurora ryzen r14 - youtube,99,Not short,alienware r14 ryzen editon on,https://www.youtube.com/watch?v=g_mWBY1ee0Q
392,2022-03-29,alienware aurora r13,alienware aurora r13 - youtube,2851,Not short,"$8,000 for this?! dell alienware aurora r13 gaming desktop pc review",https://www.youtube.com/watch?v=WK-_1AwhB48
393,2022-03-27,alienware x17 r2,alienware x17 r2 - youtube,486,Not short,asus rog zephyrus duo 16 2022 vs alienware x17 r2,https://www.youtube.com/watch?v=Jl-vWioVM-U
394,2022-03-27,alienware m15 r7,alienware x15 r2 - youtube,467,Not short,alienware x15 r2 vs asus rog strix scar 15 2022,https://www.youtube.com/watch?v=6o9hN__QvFY
395,2022-03-27,alienware x15 r2,alienware x15 r2 - youtube,644,Not short,rtx 3070 ti | alienware x15 r2 (2022) | doom eternal | 1080p benchmarks,https://www.youtube.com/watch?v=7pdVKJZIA98
396,2022-03-26,alienware x17 r2,alienware x17 r2 - youtube,497,Not short,rtx 3070 ti | alienware x17 r2 (2022) | doom eternal | 1080p benchmarks,https://www.youtube.com/watch?v=0-4smKb72rU
397,2022-03-26,alienware x17 r2,alienware x17 r2 - youtube,875,Not short,3월 26일 live - 에일리언웨어 x17 r2 원격 중,https://www.youtube.com/watch?v=aPp1tQ-2N_I
398,2022-03-25,alienware x15 r2,alienware x15 r2 - youtube,177,Not short,transferring a gold 1tb m.2 nvme ssd to an i9 alienware x15 r2 3080ti,https://www.youtube.com/watch?v=61CNdSQUc8k
399,2022-03-25,alienware x14,alienware x14 - youtube,169,Not short,world's thinnest gaming laptop alienware x14,https://www.youtube.com/watch?v=7iRfAmygNI4
400,2022-03-25,alienware x14,alienware x14 - youtube,1940,Not short,alienware x14 実機レビュー　その2　ベンチマークとpd充電器でのパフォーマンス編,https://www.youtube.com/watch?v=hs4xvrrZrcg
401,2022-03-25,alienware aurora ryzen r14,alienware aurora ryzen r14 - youtube,42,short,alienware aurora r14 gaming desktop   #shorts,https://www.youtube.com/shorts/yxYVkMnyXDE
402,2022-03-24,alienware x14,alienware x14 - youtube,1224,Not short,alienwarex14 実機レビュー　その1,https://www.youtube.com/watch?v=TPuVvc1Aw_0
403,2022-03-24,alienware x14,alienware x14 - youtube,20953,Not short,new alienware x14 (2022) review and unboxing - ultra slim gaming laptop,https://www.youtube.com/watch?v=Lo4IyHpO0-Y
404,2022-03-24,alienware aurora r13,alienware aurora r13 - youtube,344,short,aurora r13 fain noise #shorts #alienware #r13,https://www.youtube.com/shorts/lizPyBIIjtA
405,2022-03-24,alienware aurora r13,alienware aurora r13 - youtube,1854,Not short,🤯more power than ps5 + xbox series x🤯 - alienware aurora r13 nvidia geforce rtx 3090 benchmark [4k],https://www.youtube.com/watch?v=XQEUwlRhhcM
406,2022-03-23,alienware x17 r2,alienware x17 r2 - youtube,88,Not short,"laptop gaming alienware m17 r2 ""rtx 2060 6gb"" - cấu hình khủng long",https://www.youtube.com/watch?v=8qfFukvOKGI
407,2022-03-23,alienware x14,alienware x14 - youtube,20038,Not short,alienware x14 review - the tiny alien!,https://www.youtube.com/watch?v=Y5v_reMDBJ0
408,2022-03-23,alienware aurora ryzen r14,alienware aurora r13 - youtube,4604,Not short,alienware aurora r14 update - issues!/is it fixed?/would i recommend?,https://www.youtube.com/watch?v=NIJQj08NG2M
409,2022-03-23,alienware aurora r13,alienware aurora r13 - youtube,26820,Not short,"alienware aurora r14 unboxing, setup, initial impressions (vs. r11)",https://www.youtube.com/watch?v=LIlfPULtLA0
410,2022-03-23,alienware aurora r13,alienware aurora r13 - youtube,7074,Not short,new gaming pc unboxing | alienware aurora r13,https://www.youtube.com/watch?v=N2NWmTBVjvo
411,2022-03-22,alienware x15 r2,alienware x15 r2 - youtube,592,Not short,rtx 3080 ti | alienware x15 r2 (2022) | battlefield v | 1440p benchmarks,https://www.youtube.com/watch?v=HkWNjn-Qz_M
412,2022-03-21,alienware x17 r2,alienware x17 r2 - youtube,4356,Not short,alienware x17 r2 | gameplay comparison,https://www.youtube.com/watch?v=HBBRE-iv0Sg
413,2022-03-21,alienware m15 r7,alienware m15 r7 amd - youtube,17735,Not short,new alienware m15 r7 gaming laptop review!,https://www.youtube.com/watch?v=YHJQytvC7PA
414,2022-03-21,alienware aurora r13,alienware aurora r13 - youtube,51,Not short,alienware r13 - core power limit exceeded throttling,https://www.youtube.com/watch?v=19xuFfTp3Qo
415,2022-03-20,alienware x17 r2,alienware x15 r2 - youtube,17352,Not short,this is why i don’t recommend the alienware x17 r2 😡 (before optimising / out-of-the box),https://www.youtube.com/watch?v=LSFLu62oJq4
416,2022-03-20,alienware x15 r2,alienware x15 r2 - youtube,341,Not short,rtx 3080 ti | alienware x15 r2 (2022) | doom eternal | 1440p benchmarks,https://www.youtube.com/watch?v=Sy0ECmj8aaw
417,2022-03-20,alienware aurora r13,alienware aurora r13 - youtube,2907,Not short,raw gaming power - alienware r13 desktop - jb hi-fi,https://www.youtube.com/watch?v=78-YqmVd7IM
418,2022-03-19,alienware x17 r2,alienware x17 r2 - youtube,180,Not short,alienware x17 r2,https://www.youtube.com/watch?v=LQ29Jbjd5Cg
419,2022-03-19,alienware x15 r2,alienware x15 r2 - youtube,125,Not short,dell alienware x15 r2 vs acer predator triton 500se gamer laptop comparison review 2022,https://www.youtube.com/watch?v=hXkySv37myM
420,2022-03-19,alienware x14,alienware x14 - youtube,9978,Not short,【4k】有史以来最薄外星人！二斤轻松一手拎，这样的alienware你中意吗？（cc字幕）,https://www.youtube.com/watch?v=BRBaPrIXnWE
421,2022-03-19,alienware m15 r7,alienware m15 r7 amd - youtube,3917,Not short,"распаковка dell alienware m15 r7 (2022): бюджетный ноутбук для работы, игр и стримов",https://www.youtube.com/watch?v=ph1ULiuiFq0
422,2022-03-19,alienware aurora r13,alienware aurora ryzen r14 - youtube,86,Not short,alienware aurora r14 - one of the best pre-builds around!!!!💻⌨,https://www.youtube.com/watch?v=tRoq3nuHENs
423,2022-03-18,alienware x15 r2,alienware x15 r2 - youtube,1253,short,new dell alienware x15 r2,https://www.youtube.com/shorts/y1bqWSOYp4U
424,2022-03-18,alienware x15 r2,alienware x15 r2 - youtube,87,Not short,dell alienware x15 r2,https://www.youtube.com/watch?v=xurU-IkfnkY
425,2022-03-18,alienware x15 r2,alienware x15 r2 - youtube,196,Not short,nvidia rtx 3080 ti | alienware x15 r2 (2022) | horizon zero dawn | 1440p,https://www.youtube.com/watch?v=8v3iIJYckVU
426,2022-03-18,alienware x14,alienware x14 - youtube,1232,Not short,"alienware x14 | world's thinnest 14"" gaming laptop",https://www.youtube.com/watch?v=HF4aJ91LTCw
427,2022-03-18,alienware aurora r13,alienware aurora r13 - youtube,3667,Not short,the newest alienware aurora r14 desktop!,https://www.youtube.com/watch?v=Zj8TA9cK54Q
428,2022-03-17,alienware x15 r2,alienware x15 r2 - youtube,320,Not short,nvidia rtx 3080 ti | alienware x15 r2 (2022) | gta 5 | 1440p,https://www.youtube.com/watch?v=JtDkKZybUGI
429,2022-03-17,alienware x15 r2,alienware x15 r2 - youtube,364,Not short,rtx 3080 ti | alienware x15 r2 (2022) | assassin's creed valhalla | 1440p benchmarks,https://www.youtube.com/watch?v=wUeoB_Wwe0U
430,2022-03-17,alienware x14,alienware x14 - youtube,2231,Not short,外星人x14，x15，x17哪个值得买？,https://www.youtube.com/watch?v=Zw7Rp8VW-zY
431,2022-03-17,alienware x14,alienware x14 - youtube,1513,Not short,alienware x14 gaming laptop: a true alien in our world!!!,https://www.youtube.com/watch?v=IyZ6t2E7LT4
432,2022-03-17,alienware aurora r13,alienware aurora r13 - youtube,780,Not short,"apple mac studio faster and cheaper than dell alienware r13! real prices, specs compared.",https://www.youtube.com/watch?v=aopoD7l9N6I
433,2022-03-17,alienware aurora r13,alienware aurora r13 - youtube,9060,Not short,"cancelled my alienware aurora r13, but got an r14-huge dell update",https://www.youtube.com/watch?v=TdccChCOtKI
434,2022-03-16,alienware x17 r2,alienware x17 r2 - youtube,560,Not short,alienware x17 r2 3080 ti,https://www.youtube.com/watch?v=1FiheBJhaEI
435,2022-03-16,alienware x15 r2,alienware x15 r2 - youtube,434,Not short,nvidia rtx 3080 ti | alienware x15 r2 (2022) | cyberpunk 2077 | 1440p,https://www.youtube.com/watch?v=Oj6IxeX2Ydw
436,2022-03-16,alienware x15 r2,alienware x15 r2 - youtube,317,Not short,rtx 3080 ti | alienware x15 r2 (2022) | horizon zero dawn | 1440p benchmarks,https://www.youtube.com/watch?v=kDQm3Ktsb2s
437,2022-03-16,alienware x15 r2,alienware x15 r2 - youtube,367,Not short,rtx 3080 ti | alienware x15 r2 (2022) | gta 5 | 1440p benchmarks,https://www.youtube.com/watch?v=SY9DAhi2Y9Q
438,2022-03-15,alienware x15 r2,alienware x15 r2 - youtube,323,Not short,nvidia rtx 3080 ti | alienware x15 r2 (2022) | cyberpunk 2077 | 1080p,https://www.youtube.com/watch?v=uCVPKFMTrR4
439,2022-03-15,alienware x15 r2,alienware x15 r2 - youtube,1433,Not short,rtx 3080 ti | alienware x15 r2 (2022) | cyberpunk 2077 | 1440p benchmarks,https://www.youtube.com/watch?v=V_mJZmBS_ks
440,2022-03-15,alienware x15 r2,alienware x15 r2 - youtube,1106,Not short,rtx 3080 ti | alienware x15 r2 (2022) | cyberpunk 2077 | 1080p benchmarks,https://www.youtube.com/watch?v=zETHs0SWdd0
441,2022-03-15,alienware aurora r13,alienware aurora r13 - youtube,966,Not short,"(hdd upgrade) aurora r10,r11, r12, r13, r14",https://www.youtube.com/watch?v=5WGDgs6b4cM
442,2022-03-14,alienware x15 r2,alienware x15 r2 - youtube,196,Not short,nvidia rtx 3080 ti | alienware x15 r2 (2022) | ac valhalla | 1440p,https://www.youtube.com/watch?v=1gDIRUajoYM
443,2022-03-14,alienware x14,alienware x14 - youtube,13033,Not short,外星人x14，久违的惊艳感，大家猜这是一款轻薄本还是游戏本？,https://www.youtube.com/watch?v=H00vRhkP8uU
444,2022-03-14,alienware aurora r13,alienware aurora r13 - youtube,127,short,alienware r13 rgb upgrade part 4,https://www.youtube.com/shorts/S_Rcz_jkb6A
445,2022-03-14,alienware aurora r13,alienware aurora r13 - youtube,121,short,alienware r13 rgb upgrade part 3.,https://www.youtube.com/shorts/YVHW_BtrSxY
446,2022-03-13,alienware x17 r2,alienware x17 r2 - youtube,64,Not short,alienware m17 r2 i7-9750h hackintosh efi oc7.8 monterey 12.2.1,https://www.youtube.com/watch?v=7uRFqymKv44
447,2022-03-13,alienware x15 r2,alienware x15 r2 - youtube,687,Not short,nvidia rtx 3080 ti | alienware x15 r2 (2022) | ac valhalla | 1080p,https://www.youtube.com/watch?v=x_inTzWo7kw
448,2022-03-13,alienware aurora ryzen r14,alienware x15 r2 - youtube,866,Not short,alienware x15 rtx 3060 review,https://www.youtube.com/watch?v=AeHw5ozGFXA
449,2022-03-13,alienware aurora r13,alienware aurora ryzen r14 - youtube,300,Not short,diy alienware aurora r14 gaming desktop review,https://www.youtube.com/watch?v=OUz3Z33UMm4
450,2022-03-13,alienware aurora r13,alienware aurora r13 - youtube,316,short,r13 silvia edits #shorts #r13 #silvia,https://www.youtube.com/shorts/rdzDLq33x4k
451,2022-03-12,alienware x17 r2,alienware x17 r2 - youtube,1544,Not short,alienware x17 r2 / core i9 12900hk / rtx3080ti unboxing experience,https://www.youtube.com/watch?v=_tJaAXNEuyA
452,2022-03-12,alienware x17 r2,alienware x15 r2 - youtube,15044,Not short,6 cons of alienware x17 r2,https://www.youtube.com/watch?v=FSyK3uQdn9I
453,2022-03-12,alienware x15 r2,alienware x15 r2 - youtube,37485,Not short,alienware x15 r2 vs x17 r2,https://www.youtube.com/watch?v=N2F8mzAU-g8
454,2022-03-12,alienware x14,alienware x14 - youtube,7763,Not short,2022 rog zephyrus g14 vs alienware x14 vs razer blade 14 is now very complicated !!!,https://www.youtube.com/watch?v=3VDvKtrjcBo
455,2022-03-12,alienware aurora r13,alienware aurora r13 - youtube,108,short,alienware r13 rgb upgrade part 2.        ezdiy-fab,https://www.youtube.com/shorts/0Iq1WUIMWB8
456,2022-03-11,alienware x17 r2,alienware x15 r2 - youtube,453,Not short,la computadora portátil para juegos delgada y liviana: alienware x15,https://www.youtube.com/watch?v=yYZLVGeBD3g
457,2022-03-11,alienware x14,alienware x14 - youtube,252,short,alienware x14 unboxing + mini review,https://www.youtube.com/shorts/nvWKlfLi538
458,2022-03-10,alienware x17 r2,alienware x17 r2 - youtube,119,Not short,как сбросить биос на ноутбуке alienware m17 r2 или как заменить батарейку bios,https://www.youtube.com/watch?v=RL4WdAu8JMw
459,2022-03-10,alienware x17 r2,alienware x17 r2 - youtube,434,Not short,how to force reset bios settings alienware m17 r2 or cmos battery replacement,https://www.youtube.com/watch?v=_iV6L5uRQ3k
460,2022-03-10,alienware x14,alienware x14 - youtube,104,Not short,dell alienware x14 arrival btc bitcoin mining,https://www.youtube.com/watch?v=ocWzrKtTrjw
461,2022-03-09,alienware x14,alienware x14 - youtube,4839,Not short,alienware x14 2022 review - dell's budget gaming laptop?,https://www.youtube.com/watch?v=Dsd7r2pcrDk
462,2022-03-09,alienware x15 r2,alienware x14 - youtube,2744,Not short,"alienware x14 (2022) vs rog zephyrus g14 ga402 (2022) | 14"" laptops.",https://www.youtube.com/watch?v=oR-aIMlKn_g
463,2022-03-08,alienware x15 r2,alienware x15 r2 - youtube,6677,Not short,alienware x17 r2 - rtx 3080ti / i7 12700h - tested live!,https://www.youtube.com/watch?v=D-8xd_Za9YU
464,2022-03-08,alienware aurora r13,alienware aurora r13 - youtube,3094,Not short,"(ram upgrade) aurora r10,r11, r12, r13, r14",https://www.youtube.com/watch?v=jdtDWi1tK7k
465,2022-03-07,alienware x17 r2,alienware x17 r2 - youtube,1704,Not short,unboxing dell alienware x17 r2 gaming laptop,https://www.youtube.com/watch?v=jaZW5irVIJQ
466,2022-03-07,alienware x17 r2,alienware x17 r2 - youtube,487,Not short,alienware m17 r2 battery replacement,https://www.youtube.com/watch?v=5Y0_QqqR7fM
467,2022-03-07,alienware x17 r2,alienware x17 r2 - youtube,131,Not short,замена батареи в ноутбуке alienware m17 r2,https://www.youtube.com/watch?v=jLPZjgr-KQU
