﻿counter,post date,model,source,views,video type,title,link
1,06/29/2022,xps 13 plus 9320,xps - youtube,216,Not short,dell xps 13 plus review 2022,https://www.youtube.com/watch?v=x-Ni2mkc9zE
2,06/29/2022,xps 13 plus 9320,xps - youtube,186,Not short,dell xps 13 vs xps 13 plus,https://www.youtube.com/watch?v=j-lQL2v0j5M
3,06/29/2022,xps 13 plus 9320,xps - youtube,96,Not short,indecisive - my honest thoughts on the dell xps 13 plus,https://www.youtube.com/watch?v=gbnlAb9G3h0
4,06/29/2022,xps 13 plus 9320,xps - youtube,105,Not short,unboxing dell xps 13 plus 9320 - cao cấp trên từng đường nét,https://www.youtube.com/watch?v=CvVu2S1XT7g
5,06/29/2022,xps 13 9305,xps - youtube,44,Not short,"dell xps 13 9305 2021 ""core i7 1165g7""  - laptop cao cấp có đáng tiền không?",https://www.youtube.com/watch?v=QT0BNbhQb_k
6,06/28/2022,xps 13 9305,xps - youtube,47,Not short,"👉dell xps 13 9305 (core i7 1165g7, 16g ram, 512g ssd, 13.3 inch, full hd)",https://www.youtube.com/watch?v=amh2XAfTv08
7,06/28/2022,xps 13 plus 9320,xps - youtube,341,Not short,dell xps 13 plus cinebench + adobe performance,https://www.youtube.com/watch?v=L64g7cDAxfY
8,06/28/2022,xps 17 9710,xps - youtube,12,Not short,"dell xps 17 9710 touchscreen laptop, 17 inch uhd+ display - intel core i7/laptop gallery",https://www.youtube.com/watch?v=_YESZquX94s
9,06/28/2022,xps 17 9710,xps - youtube,43,short,"dell xps 17 9710 touchscreen laptop, 17 inch uhd+ display - intel core i7-11800h, 16gb ddr4 ram",https://www.youtube.com/shorts/n-7JcwgPEhc
10,06/28/2022,xps 13 plus 9320,xps - youtube,72,Not short,dell xps 13 plus (new laptop 2022) full review !,https://www.youtube.com/watch?v=Qm2TiK8KgKY
11,06/27/2022,xps 8950,xps 8950 - youtube,3740,Not short,அக்காவும் நானும் மாமா வீட்ல  செய்தது||mrs.wealth tips||dell xps 8950 reddit|xps 8950 review,https://www.youtube.com/watch?v=3nH5PUhad_k
12,06/27/2022,xps 17 9720,xps 17 - youtube,500,Not short,🛠️ dell xps 17 9720 - disassembly and upgrade options,https://www.youtube.com/watch?v=zHr2XCX1UEA
13,06/27/2022,xps 13 plus 9320,xps 13 - youtube,3439,Not short,dell xps 13 2022 review,https://www.youtube.com/watch?v=tjV5-JN-SWM
14,06/27/2022,xps 13 plus 9320,xps 13 - youtube,489,Not short,new 2022 xps 13 plus 9320 unboxing | first impression | look inside | how to upgrade sdd,https://www.youtube.com/watch?v=HMcKTAPAIyA
15,06/26/2022,xps 15 9510,xps 15 - youtube,55,Not short,how to choose a laptop. new or last year's model? - xps 9510 vs xps 9520,https://www.youtube.com/watch?v=3pNGN-3NIeo
16,06/26/2022,xps 15 9510,xps 15 - youtube,500,short,dell xps 15 9510 la mejor laptop windows  #shorts #dellxps #dellxps15,https://www.youtube.com/shorts/JErovpu2Ee8
17,06/26/2022,xps 15 9520,xps 15 - youtube,81427,Not short,so close to perfect - dell xps 15 9520 review,https://www.youtube.com/watch?v=1OIzFwC3pd8
18,06/26/2022,xps 13 plus 9320,xps 13 - youtube,1353,Not short,델 xps13 9320 (plus) 언박싱 & 잡담,https://www.youtube.com/watch?v=GfWYpv4KJIQ
19,06/26/2022,xps 13 plus 9320,xps 13 - youtube,376,Not short,"comparing the macbook air vs the dell xps 13 plus - power, performance & price",https://www.youtube.com/watch?v=tuCR8H0MSb8
20,06/26/2022,xps 13 plus 9320,xps 13 - youtube,1612,Not short,dell xps 13 plus - pros and cons,https://www.youtube.com/watch?v=myCLLq6tnGE
21,06/26/2022,xps 13 plus 9320,xps 13 - youtube,52,Not short,xps 13 plus - cleaner and faster than a macbook!,https://www.youtube.com/watch?v=GgH5OkH7R0g
22,06/25/2022,xps 15 9510,xps 15 9510 - youtube,41,Not short,dell xps 15 9510 unboxing #dellxps15 #dellxps,https://www.youtube.com/watch?v=ANQqjIdddzM
23,06/25/2022,xps 13 plus 9320,xps 13 - youtube,1099,Not short,unbox dell xps 13 plus 9320 (2022): đầu tiên tại việt nam.,https://www.youtube.com/watch?v=c1ObJqyf-6s
24,06/25/2022,xps 13 plus 9320,xps 13 - youtube,7213,Not short,dell xps 13 plus (9320): one week later,https://www.youtube.com/watch?v=h7HBJiNp8Ts
25,06/25/2022,xps 13 plus 9320,xps 13 - youtube,9451,Not short,the most beautiful laptop in a decade | xps 13 plus first impressions,https://www.youtube.com/watch?v=W1rMBZM5lus
26,06/24/2022,xps 15 9520,xps 15 - youtube,230,Not short,dell xps 15 9520 - unboxing & hardware impressions,https://www.youtube.com/watch?v=X8-GTNWg9dA
27,06/24/2022,xps 13 plus 9320,xps 13 - youtube,1378,Not short,dell xps 13 plus unboxing and first impressions,https://www.youtube.com/watch?v=WI1yuQuZ7JE
28,06/24/2022,xps 13 plus 9320,xps 13 - youtube,91390,Not short,dell xps 15 (2022) full review!,https://www.youtube.com/watch?v=yLMGzih8CSE
29,06/23/2022,xps 13 plus 9320,xps 13 - youtube,112764,Not short,m2 vs i7 1280p - does intel's best laptop cpu destroy m2?,https://www.youtube.com/watch?v=Q7RibmBWwHU
30,06/22/2022,xps 17 9720,xps 17 9720 - youtube,63,Not short,dell xps 17 9720 rtx 3060 vs. rtx 3050: 25 percent faster performance at no additional power cost,https://www.youtube.com/watch?v=bQlDQliNcUA
31,06/22/2022,xps 13 plus 9320,xps 13 - youtube,4904,Not short,how to apply a dbrand xps 13 plus skin,https://www.youtube.com/watch?v=EnLKeKWkEgg
32,06/21/2022,xps 15 9520,xps 15 9520 - youtube,16,Not short,xps 15 9520 介紹！,https://www.youtube.com/watch?v=1SybOYMToqM
33,06/21/2022,xps 15 9510,xps 15 9510 - youtube,5,Not short,[인트릭스시스템즈] dell xps 15 9510 주문번호 (2022061440672311) 포장영상입니다.,https://www.youtube.com/watch?v=IcZwUXVLwE4
34,06/20/2022,xps 15 9510,xps 15 - youtube,413,Not short,top 6: best ultrabook [2022] - thin & light!,https://www.youtube.com/watch?v=GpwTPzNhDfU
35,06/20/2022,xps 15 9510,xps 15 - youtube,250,Not short,dell xps 15 9510 vs macbook pro 16 m1: bạn chọn gì?,https://www.youtube.com/watch?v=bySrDPX_dlo
36,06/19/2022,xps 13 plus 9320,xps 15 - youtube,33981,Not short,dell xps 13 plus (9320) (2022): simply stunning!,https://www.youtube.com/watch?v=Eh3ExQ_6XrI
37,06/19/2022,xps 15 9520,xps 15 - youtube,899,Not short,dell xps 15 9520 (2022) review 🤩 still the best ?,https://www.youtube.com/watch?v=_4TyuHJ6U4M
38,06/19/2022,xps 15 9520,xps 15 - youtube,407,Not short,dell xps 15 9520 (2022) review- full of joy 😊 💛🤗,https://www.youtube.com/watch?v=20HEwlAlAQw
39,06/19/2022,xps 15 9510,xps 15 - youtube,3985,Not short,can i fix it? xps 15 overheating,https://www.youtube.com/watch?v=v6QEmHboPaE
40,06/18/2022,xps 13 plus 9320,xps 15 9520 - youtube,9935,Not short,dell xps 13 plus (9320) (2022): live unboxing,https://www.youtube.com/watch?v=FIBnK64Dbto
41,06/15/2022,xps 8950,xps 8950 - youtube,1109,Not short,decked out dell xps 8950 - unboxing and review,https://www.youtube.com/watch?v=vO8iOM-um8c
42,06/14/2022,xps 15 9510,xps 15 9510 - youtube,27,short,sắm con laptop dell xps 15 9510 về chạy dự án được không cả nhà??,https://www.youtube.com/shorts/RVEimRfUCj0
43,06/13/2022,xps 15 9520,xps 15 9520 - youtube,251,Not short,dell xps 9520: với core i7-12700h + rtx 3050 chơi game sẽ ra sao,https://www.youtube.com/watch?v=zs9EsDie-uk
44,06/13/2022,xps 13 9305,xps 13 9305 - youtube,30,Not short,upgrade to a 2tb ssd on dell xps 9305. bracket problem for thermal plate... solved...see description,https://www.youtube.com/watch?v=umbmnmiDFgA
45,06/13/2022,xps 13 9305,xps 13 9305 - youtube,23,Not short,starting dell xps 9305 for first time,https://www.youtube.com/watch?v=r7CpBJxOe4E
46,06/13/2022,xps 13 9305,xps 13 9305 - youtube,41,Not short,unboxing dell xps 9305,https://www.youtube.com/watch?v=lQ9RM_E6aCI
47,06/13/2022,xps 13 9305,xps 13 9305 - youtube,179,Not short,looking at the power button and booting up dell xps 9305 for first time,https://www.youtube.com/watch?v=wG-DeBnj1Lk
48,06/11/2022,xps 15 9520,xps 15 9520 - youtube,81,Not short,"dell xps 9520: bí mật bên trong chiếc hộp ""đen""",https://www.youtube.com/watch?v=o45HnKiVXiw
49,06/11/2022,xps 15 9520,xps 15 - youtube,13535,Not short,dell xps 15 9520 performance testing,https://www.youtube.com/watch?v=D_s8kPrZMTg
50,06/10/2022,xps 15 9520,xps 15 9520 - youtube,2166,Not short,dell xps 9520 review (watch before buying!),https://www.youtube.com/watch?v=YDs63y-PtcA
51,06/09/2022,xps 15 9520,xps 15 9520 - youtube,261,short,dell xps 9520: laptop mới nhất 2022 có gì đặc biệt,https://www.youtube.com/shorts/q3AGyv2y7vo
52,06/09/2022,xps 15 9520,xps 15 9520 - youtube,138,Not short,dell xps 15 9520 | specs review |,https://www.youtube.com/watch?v=QChmYBTjar4
53,06/09/2022,xps 13 9315,xps 13 9305 - youtube,1421,Not short,dell xps 13 9315: 13.4-inch laptop announced with 15 w processors,https://www.youtube.com/watch?v=Wx8aYGaAL3I
54,06/06/2022,xps 8950,xps 8950 - youtube,136,Not short,vetroo v5 cpu cooler in a dell xps 8950,https://www.youtube.com/watch?v=v44zjR1H6PM
55,06/05/2022,xps 15 9520,xps 15 9520 - youtube,940,Not short,dell xps 9520 - trên tay nhanh chiếc laptop hot nhất 2022,https://www.youtube.com/watch?v=ym-IKAtq3fk
56,06/04/2022,xps 15 9520,xps 15 9520 - youtube,431,Not short,dell xps 9520 - bóc luôn seal khi vừa về hàng,https://www.youtube.com/watch?v=VEiMyyyWqK4
57,06/02/2022,xps 17 9720,xps 15 - youtube,39141,Not short,2022 dell xps 17 (9720) review,https://www.youtube.com/watch?v=f9l4QBC2mOE
58,06/02/2022,xps 13 9305,xps 13 9305 - youtube,30,Not short,laptop văn phòng sang xịn mịn năm 2021 (dell xps 9305 model 2021),https://www.youtube.com/watch?v=gU7rnl2Lt98
59,06/01/2022,xps 17 9710,xps 17 - youtube,1024,short,dell xps 17 9710 unboxing,https://www.youtube.com/shorts/iEj_ZmTOIi4
60,05/31/2022,xps 13 9310,xps 13 9310 - youtube,25,Not short,dell xps 9310 review,https://www.youtube.com/watch?v=arczGwjqNA0
61,05/30/2022,xps 17 9720,xps 17 - youtube,19678,Not short,dell xps 17 9720 (2022) review,https://www.youtube.com/watch?v=LG0ZXjiVlCM
62,05/29/2022,xps 17 9710,xps 17 9710 - youtube,10,Not short,[인트릭스시스템즈] dell xps 17 9710 주문번호 (2022052280518521) 포장영상입니다.,https://www.youtube.com/watch?v=C7OCkPCEXbE
63,05/28/2022,xps 13 9310,xps 13 9310 - youtube,60,Not short,dell xps 13 9310 pcie 4.0 nvme support !,https://www.youtube.com/watch?v=PHwlpamIDRw
64,05/26/2022,xps 15 9520,xps 17 - youtube,7623,Not short,dell xps 17 9720 (2022): live unboxing,https://www.youtube.com/watch?v=woLMnH5UVO4
65,05/26/2022,xps 15 9520,xps 15 9520 - youtube,497,Not short,my new dell xps 15 9520 / ramboli bregoli,https://www.youtube.com/watch?v=7MUG2qvmdsk
66,05/26/2022,xps 15 9520,xps 15 9520 - youtube,1214,Not short,dell xps 15 (2022) full overview - not review | 12th gen intel core i9 & rtx 3050 ti,https://www.youtube.com/watch?v=wapTcKshdlA
67,05/26/2022,xps 17 9710,xps 15 - youtube,165229,Not short,dell xps 17 (2022) full review,https://www.youtube.com/watch?v=ymmp-5ym5r8
68,05/24/2022,xps 15 9510,xps 15 9510 - youtube,328,Not short,dell xps 15 9510 (2/2),https://www.youtube.com/watch?v=D5YAePP5-rQ
69,05/24/2022,xps 15 9510,xps 15 9510 - youtube,57,Not short,dell xps 15 9510 (1/2),https://www.youtube.com/watch?v=WY96E_Og_NQ
70,05/24/2022,xps 15 9520,xps 15 - youtube,2515,Not short,the best video editing laptop // new dell xps 15 9520 // solo vanlife travel vlog 2022,https://www.youtube.com/watch?v=WCy8snLWjI4
71,05/23/2022,xps 15 9520,xps 15 - youtube,62974,Not short,dell xps 15 9520 review: 12th gen cpu + 3.5k oled,https://www.youtube.com/watch?v=2vOyNe4ZaH0
72,05/23/2022,xps 13 9310,xps 13 9310 - youtube,420,Not short,dell xps 13 9310 13.4 fhd+ touch i7-1195g7 16gb 512gb backlit keyboard unboxing,https://www.youtube.com/watch?v=NRc0RfGgFL4
73,05/21/2022,xps 15 9520,xps 15 9520 - youtube,423,Not short,[dell xps 9520 và dell xps 9720] 2022 có thật sự nâng cấp,https://www.youtube.com/watch?v=IrRGKJzWYbw
74,05/20/2022,xps 15 9520,xps 15 9520 - youtube,402,Not short,"dell xps 15 9520 (latest model 2022), non-touch.",https://www.youtube.com/watch?v=eRh7rMeO0tQ
75,05/20/2022,xps 15 9510,xps 15 9510 - youtube,12434,Not short,dell xps 15 9510- laptop sang xịn mịn | an phát computer,https://www.youtube.com/watch?v=hVhc3v8VZLM
76,05/20/2022,xps 15 9520,xps 15 - youtube,1088,Not short,dell xps 15 9520 unboxing: intel 12th gen core i7 + uhd+ tough screen display (latest 2022 model),https://www.youtube.com/watch?v=DnKKoJbwBps
77,05/20/2022,xps 15 9520,xps 15 - youtube,11099,Not short,dell xps 15 9520 unboxing (live stream replay),https://www.youtube.com/watch?v=QyDXMtgOFAo
78,05/19/2022,xps 13 plus 9320,xps 13 9310 - youtube,83306,Not short,unboxing the brand new dell xps 13 plus,https://www.youtube.com/watch?v=f5w2sLVj1UM
79,05/17/2022,xps 15 9520,xps 15 - youtube,6251,Not short,xps 15 4k uhd vs. 3.5k oled vs. macbook pro  //  should you buy an oled laptop?,https://www.youtube.com/watch?v=ImVO7WvW5TQ
80,05/16/2022,xps 15 9510,xps 15 9510 - youtube,15,Not short,🔄 dell xps 15 9510 - ports info and 360º look,https://www.youtube.com/watch?v=JCZObFdBEwc
81,05/14/2022,xps 15 9520,xps 15 9520 - youtube,2853,Not short,xps 15 9520 ปี 2022 สาย creator จอ oled 3.5k สเปก i9-12900hk + rtx 3050ti เบา 1.96 โล,https://www.youtube.com/watch?v=zzMTvtrz6cg
82,05/13/2022,xps 15 9520,xps 15 - youtube,13126,Not short,dell xps 15 4k review - 2022 w/ i7 intel 12th gen & 64gb glory,https://www.youtube.com/watch?v=tsTPL2U1zuM
83,05/12/2022,xps 8950,xps 8950 - youtube,2223,Not short,dell xps desktop 8950 pc review | power without moving,https://www.youtube.com/watch?v=Zwyd6_z_nEE
84,05/11/2022,xps 15 9510,xps 15 9510 - youtube,59,Not short,asus zenbook flip s13 oled ux371 vs dell xps 15 9510,https://www.youtube.com/watch?v=ASYFTuOJkgM
85,05/09/2022,xps 8950,xps 8950 - youtube,398,Not short,dell xps 8950 | 12th gen i9 & rtx 3090,https://www.youtube.com/watch?v=rZp0rrhIQBM
86,05/09/2022,xps 15 9510,xps 15 - youtube,2528,Not short,not a review of the new dell xps 15 (2022)  //  dell fail!,https://www.youtube.com/watch?v=BZ5eq5dsLC4
87,05/08/2022,xps 17 9710,xps 17 9710 - youtube,22,Not short,dell xps - rtx 3050 uhd+ review - dell xps 17 9710 professional laptop (2022) review,https://www.youtube.com/watch?v=VDkOfJyrPgw
88,05/07/2022,xps 17 9720,xps 17 - youtube,1486,Not short,dell xps 17 (2022) full overview - not review | 12th gen intel core i9,https://www.youtube.com/watch?v=z8LtndTvPpM
89,05/07/2022,xps 13 9305,xps 13 9305 - youtube,552,Not short,dell xps 9305 laptop unboxing,https://www.youtube.com/watch?v=Iqih5AISMrs
90,05/06/2022,xps 15 9520,xps 15 - youtube,1427,Not short,終於把xps 15 9520筆電拆了~還送背包鍵鼠禮品卡  #xps9520 teardowm,https://www.youtube.com/watch?v=4-XShdE3o2U
91,05/05/2022,xps 13 plus 9320,xps 13 - youtube,1,short,new xps 13 plus laptop (2022) short clip,https://www.youtube.com/shorts/gnzwmRks9w0
92,05/05/2022,xps 13 plus 9320,xps - youtube,12,Not short,объявлена цена на ноутбук dell xps 13 plus,https://www.youtube.com/watch?v=FxTr2u6IUZA
93,05/05/2022,xps 13 plus 9320,xps - youtube,11905,Not short,dell xps 13 plus với i7 1280p đánh bật macbook pro m1 !!?,https://www.youtube.com/watch?v=3BE4jOycy_Q
94,05/04/2022,xps 13 9310,xps 13 9310 - youtube,547,short,"dell xps 13 9310 thin and light touchscreen laptop | 3.4 inch fhd+, intel core i7-1195g7",https://www.youtube.com/shorts/yqUoWD-K9OE
95,05/04/2022,xps 13 plus 9320,xps 13 - youtube,41,Not short,best laptop for 2022: here are 14 laptops we recommend,https://www.youtube.com/watch?v=vZshAm5ncK4
96,05/04/2022,xps 13 plus 9320,xps - youtube,76,Not short,dell xps 13 plus 9320: ultrabook nổi bật nhất năm nay 😱#short,https://www.youtube.com/watch?v=dJ_yXR05qYQ
97,05/03/2022,xps 13 plus 9320,xps 13 - youtube,43,Not short,new dell xps 13 plus laptop 2022,https://www.youtube.com/watch?v=Qb_BcBlRh4Q
98,05/02/2022,xps 17 9710,xps 15 - youtube,183571,Not short,dell xps 17 (2022) impressions - i bought the wrong one...,https://www.youtube.com/watch?v=fKHUWmLRUFo
99,05/02/2022,xps 13 plus 9320,xps 13 - youtube,3,Not short,new xps 13 plus laptop (2022)(1080p_hd).mp4,https://www.youtube.com/watch?v=Kpd3Lv9b8Jc
100,05/02/2022,xps 13 plus 9320,xps 13 - youtube,440,short,dell xps 13 plus 2022 #shorts #delllaptop,https://www.youtube.com/shorts/s-Y5hkraOQc
101,05/02/2022,xps 13 plus 9320,xps 13 - youtube,642,Not short,dell xps 13 plus (2022) full overview - not review | 12th gen intel core i7 light weight laptop,https://www.youtube.com/watch?v=uFoV0Pj4rCU
102,05/01/2022,xps 15 9510,xps 15 - youtube,144,Not short,dell new xps 15 laptop | dell xps 15 laptop review | dell xps 15 (2022),https://www.youtube.com/watch?v=Z-Y6QcbSRb8
103,05/01/2022,xps 13 plus 9320,xps 13 9320 - youtube,65,Not short,dell xps 13 plus . tanvirccm [abdur rahman] digital marketer,https://www.youtube.com/watch?v=WWumq6JvNW8
104,05/01/2022,xps 13 plus 9320,xps 13 - youtube,27,short,"dell xps 13 plus with i7-1280p trashes apple macbook pro 13 #shorts #dell #dellxps13",https://www.youtube.com/shorts/oBOkEcvz0B4
105,05/01/2022,xps 13 plus 9320,xps 13 - youtube,684,Not short,dell xps 13 plus - macbook ortda qoldimi?,https://www.youtube.com/watch?v=EuP5N0lJFkY
106,05/01/2022,xps 13 plus 9320,xps 13 - youtube,274,Not short,laptop terbaru 2022 - dell xps 13 plus | intel gen 12 | paling canggih | desain terbaik | hobi it,https://www.youtube.com/watch?v=A6ojBg7FEYI
107,04/30/2022,xps 13 plus 9320,xps 15 - youtube,2024865,Not short,i can’t believe i liked this… - dell xps 13 plus review,https://www.youtube.com/watch?v=ELsYC-N7hgc
108,04/30/2022,xps 13 plus 9320,xps 13 9320 - youtube,126,Not short,dell xps plus 13 9320 new 2022 dell notebook available !! (twice as powerful as before),https://www.youtube.com/watch?v=v-xNusso4qs
109,04/30/2022,xps 13 plus 9320,xps 13 - youtube,42,Not short,"new xps 13 plus 2022 notebook (simplified, modern, seamless)",https://www.youtube.com/watch?v=6ilZBOafgDc
110,04/30/2022,xps 13 9310,xps 13 - youtube,674,Not short,new xps 13 plus laptop (2022) | dell new xps 13 laptop | new xps 13 review,https://www.youtube.com/watch?v=kFqwmLm_6Bk
111,04/30/2022,xps 13 9310,xps 13 - youtube,43,Not short,dell xps 9310 | bảo mật vân tay + mở khóa gương mặt | đỉnh cao sang trọng laptop văn phòng,https://www.youtube.com/watch?v=1Cj7fMh59pQ
112,04/29/2022,xps 13 plus 9320,xps 15 - youtube,1712938,Not short,xps 13 plus - cleaner and faster than a macbook!,https://www.youtube.com/watch?v=6fPj6mj-M_k
113,04/29/2022,xps 15 9510,xps 15 - youtube,171,Not short,dell xps 15 oled - $3000 of innovation at $999 | review,https://www.youtube.com/watch?v=rNcWOLg7n58
114,04/29/2022,xps 13 9310,xps 13 9310 - youtube,25,Not short,dell xps 13 9310 thin and light touchscreen laptop review || woodigitals,https://www.youtube.com/watch?v=s6m267s1vkA
115,04/29/2022,xps 13 plus 9320,xps 13 - youtube,2109,Not short,dell xps 13 plus is now available worldwide,https://www.youtube.com/watch?v=76fQ9pj-lAg
116,04/29/2022,xps 13 plus 9320,xps 13 - youtube,73577,Not short,new xps 13 plus laptop (2022),https://www.youtube.com/watch?v=7WrHNF9KKso
117,04/27/2022,xps 17 9710,xps 17 9710 - youtube,29,Not short,dell xps 17 9710 review?,https://www.youtube.com/watch?v=zep8Q3Uqst4
118,04/27/2022,xps 13 plus 9320,xps 13 9320 - youtube,656,Not short,[review #174] dell xps 13 plus 9320 (2022) | sự thay đổi đột phá 😱😱😱,https://www.youtube.com/watch?v=0RkoqoM7SjA
119,04/27/2022,xps 13 plus 9320,xps 13 - youtube,349,Not short,"dell’s new-look xps 13 plus is now available, starting at $1,299 - the verge",https://www.youtube.com/watch?v=RPsmYm2qZ4w
120,04/27/2022,xps 13 plus 9320,xps 13 - youtube,126,Not short,"dell’s new-look xps 13 plus is now available, starting at $1,299 - the verge",https://www.youtube.com/watch?v=hfB3VhNfjqM
121,04/27/2022,xps 13 plus 9320,xps 13 - youtube,205,Not short,dell xps 13 plus : laptop ដែលគ្មាន track pad!!!អនាគត???,https://www.youtube.com/watch?v=VONR8-7RIxw
122,04/25/2022,xps 15 9520,xps 15 9520 - youtube,10756,Not short,【首發】夢寐以求2022 xps 15 9520終於到手了~人生第一台筆記本電腦 #xps159520,https://www.youtube.com/watch?v=Qx9k2D8M-e4
123,04/24/2022,xps 17 9710,xps 17 - youtube,17,Not short,"smatree 17inch hard shell laptop case only for dell xps 17 9710, dell xps 17 9710 case, dell  review",https://www.youtube.com/watch?v=QKYVeXSEeV8
124,04/24/2022,xps 13 9310,xps 13 9310 - youtube,2,Not short,"screen protector for dell xps 13 9310 13.4 2-in-1 laptop, anti-glare, anti-blue light, reliev review",https://www.youtube.com/watch?v=m7FWKYMM9eI
125,04/24/2022,xps 13 9310,xps 13 9310 - youtube,59,Not short,i destroying jessieuttpthdtctsplkevinhuftwcaillouftl's dell xps 13 9310 laptop/cđmtcpn- tv1 films it,https://www.youtube.com/watch?v=WxAwPLBrfzU
126,04/24/2022,xps 13 9305,xps 13 9305 - youtube,1401,Not short,"laptop dell xps 13 9305 i7 1165g7 16gb 512ssd iris xe fhd 13,3 - beli di tokopedia - review singkat",https://www.youtube.com/watch?v=Ekf2eiRnoWY
127,04/24/2022,xps 13 9310,xps 13 9305 - youtube,623,Not short,dell xps 13 9310 - premium laptop with great display and build,https://www.youtube.com/watch?v=gOfod0bVh8E
128,04/24/2022,xps 13 9305,xps 13 9305 - youtube,1489,Not short,dell xps 13 - 9305 - premium laptop with great build quality,https://www.youtube.com/watch?v=FvVBJQNlWMc
129,04/24/2022,xps 13 9305,xps 13 9305 - youtube,264,Not short,dell xps 9305 có phài là 1 sự lựa chọn tốt trong 2022 ?,https://www.youtube.com/watch?v=kuMx_ied6Ds
130,04/24/2022,xps 13 9305,xps 13 9305 - youtube,95,short,dell xps 9305- laptop doanh nhân giá chỉ hơn 20tr #ftclaptop #shorts,https://www.youtube.com/shorts/3MMCGbgkWH0
131,04/23/2022,xps 17 9720,xps 17 - youtube,2516,Not short,2022 xps 17 9720 开箱并安装manjaro i3,https://www.youtube.com/watch?v=j0xTGsx5m_M
132,04/23/2022,xps 13 plus 9320,xps 13 9320 - youtube,83,Not short,dell xps 13 plus - weekly recap 2022年4月23日,https://www.youtube.com/watch?v=l3BBwFDNHsw
133,04/21/2022,xps 17 9710,xps 17 9710 - youtube,63,Not short,"dell xps 17 9710, 17 inch fhd+ touchscreen laptop-intel core i7-11800h, 16gb ddr4 ram, 1tb ssd",https://www.youtube.com/watch?v=BIl4wl_7gNw
134,04/20/2022,xps 15 9510,xps 15 9510 - youtube,37,Not short,🔄 dell xps 15 9510 - ports info and 360º look,https://www.youtube.com/watch?v=Y1HiKekFRcM
135,04/20/2022,xps 13 9310,xps 13 9310 - youtube,1326,Not short,[so sánh #19] dell xps 13 9310 vs macbook air m1 | nên chọn máy nào 😰😰,https://www.youtube.com/watch?v=R-GCkn9BZG0
136,04/18/2022,xps 15 9510,xps 15 9510 - youtube,21,Not short,[인트릭스시스템즈] dell xps 15 9510 주문번호 (2022041254123781) 포장영상입니다.,https://www.youtube.com/watch?v=C9FCQkvp8Co
137,04/18/2022,xps 15 9510,xps 15 9510 - youtube,28,Not short,[인트릭스시스템즈] dell xps 15 9510 주문번호 (2022041254845391) 포장영상입니다.,https://www.youtube.com/watch?v=JJdIh7L4auw
138,04/18/2022,xps 13 9310,xps 13 9305 - youtube,356,Not short,"dell xps 13"" core i5 11th gen windows 11 (16gb ram, 512gb ssd, intel iris xe graphics, silver)",https://www.youtube.com/watch?v=1Q7mCBuLDgE
139,04/17/2022,xps 13 plus 9320,xps 13 9310 - youtube,1233,Not short,dell xps 13 plus review : simply stunning ! watch this before you buy,https://www.youtube.com/watch?v=Heym3dFkJQY
140,04/17/2022,xps 13 9305,xps 13 9305 - youtube,1987,Not short,review dell xps 13 9305 intel evo  i5 1135g7,https://www.youtube.com/watch?v=shyyj7bGdrk
141,04/17/2022,xps 15 9510,xps - youtube,294,Not short,dell xps 15 (9510) | 2022 | 1 month (non techie) user review. do i regret my purchase?,https://www.youtube.com/watch?v=4Qfw7o0T0LM
142,04/16/2022,xps 17 9710,xps 17 9710 - youtube,6,Not short,mcover hard shell case for 17-inch dell xps 17 9700 (2020) / 9710 (2021) or dell precision 57 review,https://www.youtube.com/watch?v=SZl7k0XG-Bs
143,04/16/2022,xps 17 9710,xps 17 - youtube,17,Not short,"dell xps 17 9710 (latest model) 17"" fhd+ laptop core i7-11800h 512gb ssd 16gb ddr4 ram nvidia review",https://www.youtube.com/watch?v=rdAjLtGqnUU
144,04/16/2022,xps 17 9710,xps 17 - youtube,8,Not short,"keyboard cover for new dell xps 17 9710 17-inch touchscreen laptop, ultra thin tpu keyboard c review",https://www.youtube.com/watch?v=RE8fb8k-Sig
145,04/16/2022,xps 15 9510,xps 15 9510 - youtube,2,Not short,130w ac charger for dell-xps 15 9510 17 9710 p91f002 p92f002 laptop type c usb c replacement  review,https://www.youtube.com/watch?v=gtNqtRKUeAY
146,04/16/2022,xps 13 9310,xps 13 9310 - youtube,11,Not short,"smatree 13inch hard shell laptop case for dell xps 13 9310 7390 9380, asus zenbook 13inch , s review",https://www.youtube.com/watch?v=x2du1yELjz0
147,04/16/2022,xps 13 9310,xps 13 9310 - youtube,0,Not short,11.6 12 12.5 inch laptop bag notebook chromebook case for dell xps 13 9310 9300 7390/dell chr review,https://www.youtube.com/watch?v=iOTYZg8-OmA
148,04/16/2022,xps 13 9310,xps 13 9310 - youtube,0,Not short,"12.3-13.3 inch tablet sleeve case for dell xps 13 9310 7390/dell inspion 13 7000, asus zenboo review",https://www.youtube.com/watch?v=Ua0ZRXWdOx4
149,04/16/2022,xps 13 9310,xps 13 9310 - youtube,0,Not short,"dell xps 9000 13 9310 13.4"" touchscreen 2 in 1 notebook - full hd - 1920 x 1200 - intel evo c review",https://www.youtube.com/watch?v=-PcOhdkBwBc
150,04/16/2022,xps 13 9305,xps 13 - youtube,0,Not short,"mcover hard shell case for 13.3"" dell xps 13 9370 (2018) 9380 (2019) / 9305 (2021) / 7390 non review",https://www.youtube.com/watch?v=o-mP3Qt2mao
151,04/15/2022,xps 13 plus 9320,xps 13 9320 - youtube,994,Not short,dell xps 13 plus 9320 is now available worldwide to buy spring 2022,https://www.youtube.com/watch?v=cOwq_O91CJY
152,04/14/2022,xps 15 9520,xps 15 9520 - youtube,5577,Not short,dell xps 2022 (9520): giá mềm hơn nhưng  ….,https://www.youtube.com/watch?v=EBy_xExVd74
153,04/14/2022,xps 15 9510,xps 15 9510 - youtube,49,Not short,dell xps 15 9510 - أرخص من ماك بوك لكن أعتقد من الأخرى سوف تكون في نهاية المطاف محطة العمل,https://www.youtube.com/watch?v=3LZa7cnAoYI
154,04/14/2022,xps 15 9510,xps 15 9510 - youtube,877,Not short,dell xps 15 vs hp spectre x360 16-f0059na,https://www.youtube.com/watch?v=JZca5Jp6Soo
155,04/14/2022,xps 13 plus 9320,xps 13 - youtube,6304,short,dell dépoussière son design avec le xps 13 plus.,https://www.youtube.com/shorts/8emo8c4nDcY
156,04/12/2022,xps 17 9710,xps 17 - youtube,32,short,"dell xps 17 9710 touchscreen laptop, 17 inch uhd+ display - intel core i7,",https://www.youtube.com/shorts/s69XGtlpET0
157,04/12/2022,xps 15 9510,xps 15 9510 - youtube,32,Not short,[인트릭스시스템즈] dell xps 15 9510 주문번호 (2204061458000014) 포장영상입니다.,https://www.youtube.com/watch?v=TIyFX43jsS4
158,04/12/2022,xps 13 plus 9320,xps 13 9320 - youtube,1529,Not short,xps 13 plus สุดมินิมอล core i gen 12p จอ oled 4k+ และ concept luna notebook ต้นแบบสุดล้ำรักโลก,https://www.youtube.com/watch?v=GvivM9hHXuY
159,04/12/2022,xps 13 plus 9320,xps 13 - youtube,410,Not short,dell xps 13 plus 9320 has released worldwide [spring 2022],https://www.youtube.com/watch?v=t1TWp5fEbzU
160,04/09/2022,xps 13 plus 9320,xps 13 9320 - youtube,445,Not short,dell xps 13 plus 9320 is release worldwide (spring 2022),https://www.youtube.com/watch?v=NhEircCFJH0
161,04/09/2022,xps 13 9305,xps 13 9305 - youtube,1561,Not short,dell xps 9305 (2021) - đẳng cấp laptop doanh nhân cao cấp chỉ dưới 25 triệu !!!,https://www.youtube.com/watch?v=qIKwssvCUzg
162,04/08/2022,xps 17 9710,xps 17 - youtube,63,Not short,dell xps 17 9710 uhd touchscreen laptop review! 2022,https://www.youtube.com/watch?v=zMTCV74Vzx0
163,04/08/2022,xps 15 9510,xps 15 9510 - youtube,73,Not short,dell xps 15 9510 laptop review! 2022,https://www.youtube.com/watch?v=eBtLjeBi6rw
164,04/08/2022,xps 15 9520,xps 15 - youtube,48508,Not short,dell xps 2022 (9520 vs 9720) ra mắt. không thể mãi thế này được!!,https://www.youtube.com/watch?v=49HwCjfVdu4
165,04/08/2022,xps 13 9305,xps 13 9305 - youtube,71,Not short,dell xps 13 9305,https://www.youtube.com/watch?v=8mq3FcI07VY
166,04/07/2022,xps 13 9310,xps 13 9310 - youtube,251,Not short,dell xps 13 plus vs dell xps 13 [9310] complete comparison in 2022,https://www.youtube.com/watch?v=yvqT7mgvXhg
167,04/07/2022,xps 13 9310,xps 13 9305 - youtube,273,short,what is the difference between xps 13 and new xps 13?,https://www.youtube.com/shorts/8y13wzmGzaU
168,04/06/2022,xps 8950,xps 8950 - youtube,204,Not short,【nvidia geforce gtx 1650 super】dell xps 8950 デスクトップ プラチナプラス ベンチマーク,https://www.youtube.com/watch?v=p04i_Hc77d4
169,04/06/2022,xps 8950,xps 8950 - youtube,324,Not short,【シャットダウン】dell xps 8950 デスクトップ プラチナプラス,https://www.youtube.com/watch?v=aXKegrcezL8
170,04/06/2022,xps 8950,xps 8950 - youtube,874,Not short,【起動】dell xps 8950 デスクトップ プラチナプラス,https://www.youtube.com/watch?v=bWq_cBOoSFc
171,04/06/2022,xps 13 9305,xps 13 9305 - youtube,124,short,بيسي سليم أ كونفيغ طالعة🎮. 💻dell xps 13 9305,https://www.youtube.com/shorts/-Iy5fah1PMw
172,04/06/2022,xps 13 plus 9320,xps 13 - youtube,1119,Not short,dell xps 13 plus (9320) is now available worldwide to buy [spring 2022],https://www.youtube.com/watch?v=5QSESEBgOfs
173,04/05/2022,xps 15 9520,xps 17 - youtube,394,Not short,dell xps 15 2022 | dell xps 17 2022  | dell xps 15 9520 |  dell xps 17 9720 | release date | price,https://www.youtube.com/watch?v=m6_Wb2Mg1mc
174,04/04/2022,xps 15 9510,xps 15 9510 - youtube,8,Not short,"pcprofessional screen protector (set of 2) for dell xps 9510 15 15.6"" touch screen laptop hig review",https://www.youtube.com/watch?v=7U9mWrg64qM
175,04/04/2022,xps 15 9510,xps 15 9510 - youtube,83,Not short,dell xps 15 9510 - más barato que el macbook pero más grande que otros,https://www.youtube.com/watch?v=LrlK-_YwXRE
176,04/04/2022,xps 15 9510,xps 15 9510 - youtube,0,Not short,"14-15 inch waterpoof laptop sleeve for dell xps 15 9500 9510 9575,dell insprion 14 5000 7000, review",https://www.youtube.com/watch?v=LjAODDx-JNE
177,04/04/2022,xps 13 9310,xps 13 9310 - youtube,5,Not short,"screen protector for dell xps 13 9310/9300 13.4 2-in-1 laptop, anti-glare, anti-blue light, r review",https://www.youtube.com/watch?v=RfwvFgTSz50
178,04/04/2022,xps 13 9310,xps 13 9310 - youtube,1,Not short,13-13.3 inch laptop tablet sleeve case fit dell xps 13 9310 9300 7390 /dell inspiron 13 7000/ review,https://www.youtube.com/watch?v=XF9q2GPBVjk
179,04/04/2022,xps 13 9305,xps 13 9305 - youtube,6,Not short,"13-13.3 inch waterpoof laptop case bag for dell xps 13 9305 9300 7390 9380, asus zenbook, del review",https://www.youtube.com/watch?v=inD76WXSeKg
180,04/04/2022,xps 13 9305,xps 13 9305 - youtube,0,Not short,"13 inch waterpoof laptop sleeve for dell xps 13 9300 9310 9305 7390,samsung galaxy chromebook review",https://www.youtube.com/watch?v=VmYypSK_Mfk
181,04/03/2022,xps 15 9510,xps 15 9510 - youtube,177,Not short,dell xps 15 9510 - cheaper than macbook but the big think than other will be ultimate workstation,https://www.youtube.com/watch?v=jkY0-jqPzdw
182,04/03/2022,xps 13 9310,xps 13 9310 - youtube,23,Not short,xps  13.    9310 dell screen touch i5 11th,https://www.youtube.com/watch?v=gQEZk6j4nZY
183,04/02/2022,xps 13 plus 9320,xps 15 - youtube,651,Not short,xps 15 vs yoga 9i battle of gtx 1650ti ultrabook,https://www.youtube.com/watch?v=xaYm1aPxXB0
184,04/02/2022,xps 13 9310,xps 13 9320 - youtube,599,Not short,new dell xps 9320 vs dell xps 9310 model comparison challenge,https://www.youtube.com/watch?v=1vNa1Ae-A48
185,04/02/2022,xps 13 9305,xps 13 9305 - youtube,4136,Not short,ubuntu 22.04 lts clean install dell xps 13 9305 uefi bios with secure boot and mok,https://www.youtube.com/watch?v=r6PgIdE8MpQ
186,04/01/2022,xps 13 9310,xps 13 9310 - youtube,45,Not short,dell xps 13 9310 i7 11th gen / modern combat versus / #gameplay #gaming #dell #xps #gameplay,https://www.youtube.com/watch?v=pAsvsQlbQ7o
187,03/29/2022,xps 15 9510,xps 15 9510 - youtube,594,Not short,lenovo i3  desktop //amddell xps 15 9510 #dell #intel,https://www.youtube.com/watch?v=ys1w-GVZQvI
188,03/28/2022,xps 15 9520,xps 15 9520 - youtube,405,Not short,花了两万元买了刚上市的2022 xps 15 9520笔记本~绝世颜值超开心,https://www.youtube.com/watch?v=7Iompjx7RtU
189,03/28/2022,xps 15 9510,xps 15 9510 - youtube,27,Not short,[인트릭스시스템즈] dell xps 15 9510 주문번호 (2203221427000018) 포장영상입니다.,https://www.youtube.com/watch?v=0okKZzlwZdA
190,03/26/2022,xps 15 9520,xps 15 9520 - youtube,153,Not short,dell xps 15 9520 17 9720 2022 ra mắt tại us,https://www.youtube.com/watch?v=RliMqNxOfcc
191,03/26/2022,xps 15 9510,xps 15 9510 - youtube,212,Not short,dell xps 15-9510-2300 core i7 15.6 uhd+ touch  || 4gb nvidia geforce rtx 3050ti ddr-6,https://www.youtube.com/watch?v=DUEVw8eCzMo
192,03/26/2022,xps 13 9310,xps 13 - youtube,121,Not short,dell xps 13 vs asus zenbook flip s13 oled,https://www.youtube.com/watch?v=gt6SakxSsY8
193,03/25/2022,xps 17 9710,xps 17 - youtube,126,Not short,dell xps 17 9710 vs acer conceptd 7 ezel 🔥 best for student | tecforu,https://www.youtube.com/watch?v=rZTStwge1mc
194,03/24/2022,xps 15 9520,xps 15 - youtube,15214,Not short,new xps 15 & xps 17 is here - with i9 12900hk,https://www.youtube.com/watch?v=K0d2-UT4I5c
195,03/24/2022,xps 13 9310,xps 13 9310 - youtube,189,Not short,"dell xps 13 9310 13.4"" laptop - intel® core™ i7, 512 gb ssd, silver - quick look",https://www.youtube.com/watch?v=rRGFk9wzMYw
196,03/24/2022,xps 13 9310,xps 13 9310 - youtube,477,Not short,dell xps 13 (9310) unboxing | review | best laptop 2022,https://www.youtube.com/watch?v=jaI4dqSPSoE
197,03/23/2022,xps 15 9510,xps 15 9510 - youtube,66,Not short,unboxing dell xps 15 9510,https://www.youtube.com/watch?v=_Ok4BZS1JD8
198,03/23/2022,xps 13 9305,xps 13 9305 - youtube,163,Not short,"dell xps 13 9305 13.3"" laptop - intel® core™ i5, 256 gb ssd, silver - quick look",https://www.youtube.com/watch?v=m7pcTayTZF8
199,03/23/2022,xps 13 plus 9320,xps 13 9305 - youtube,128387,Not short,dell xps 13 plus (9320) is available worldwide spring 2022,https://www.youtube.com/watch?v=E7BVpPWX9oA
200,03/18/2022,xps 15 9510,xps 15 9510 - youtube,84,Not short,dell xps 15 | 9510,https://www.youtube.com/watch?v=Pi7edCapFwc
201,03/18/2022,xps 13 9310,xps 13 9310 - youtube,16,Not short,"kit notebook ultraportátil dell xps 9310-ps30s 13.4"" uhd touch 11ªg intel ci7 16gb 1tb ssd win11",https://www.youtube.com/watch?v=x8qfhSpqE8Q
202,03/17/2022,xps 17 9710,xps 17 9710 - youtube,35,Not short,unboxing dell xps 17 9710 i9-11900,https://www.youtube.com/watch?v=9uT3XsPKeRU
203,03/17/2022,xps 15 9510,xps 15 9510 - youtube,2022,Not short,dell xps 15 9510 oled overview,https://www.youtube.com/watch?v=0h3Rf3JRjek
204,03/16/2022,xps 17 9710,xps 17 9710 - youtube,11,short,"dell xps 17 9710 touchscreen laptop, 17 inch uhd+ display - intel core i7-11800h #shorts",https://www.youtube.com/shorts/-Ahmx9Rx9mo
205,03/16/2022,xps 17 9710,xps 17 9710 - youtube,132,Not short,dell xps 17 9710 – best video editing laptop? is the dell xps 17 worth to buy?,https://www.youtube.com/watch?v=MSnPRDq95CE
206,03/16/2022,xps 15 9510,xps 15 9510 - youtube,537,Not short,dell xps 15 9510 review   big rtx 3050 ti & oled upgrade!,https://www.youtube.com/watch?v=-l3VNOeHkNI
207,03/14/2022,xps 8950,xps 8950 - youtube,2507,Not short,dell xps 8950 cooling tips & thoughts,https://www.youtube.com/watch?v=A11vlITPGbw
208,03/14/2022,xps 8950,xps 8950 - youtube,2107,Not short,dell xps 8950  i7-12700 lga1700 aftermarket cooling,https://www.youtube.com/watch?v=tkIZ3Ur14Vg
209,03/14/2022,xps 17 9710,xps 17 9710 - youtube,4,Not short,"dell xps 17 9710, 17 inch fhd+ touchscreen laptop",https://www.youtube.com/watch?v=ynpxwG4H6E4
210,03/14/2022,xps 17 9710,xps 17 9710 - youtube,12,Not short,"dell xps 17 9710, 17 inch uhd+ touchscreen laptop",https://www.youtube.com/watch?v=FaoePsPZJD0
211,03/14/2022,xps 13 9310,xps 13 9310 - youtube,8,Not short,dell xps 13 9310 thin and light touchscreen laptop,https://www.youtube.com/watch?v=hpGPxTzuwwk
212,03/13/2022,xps 17 9710,xps 17 - youtube,10777,Not short,dell xps 17 - worth it in 2022?,https://www.youtube.com/watch?v=X6_JVpdzxtU
213,03/11/2022,xps 13 9305,xps 13 9305 - youtube,7509,Not short,"sale sập: dell inspiron 5515 còn 15tr, xps 9305/9310 chỉ từ 19tr,…",https://www.youtube.com/watch?v=cAFHlBc9_9E
214,03/10/2022,xps 15 9510,xps 15 9510 - youtube,106,Not short,unboxing dell xps 15 9510-wp08kr,https://www.youtube.com/watch?v=2MK59GT-uQc
215,03/10/2022,xps 13 plus 9320,xps 13 9320 - youtube,5485,Not short,dell xps 13 plus  wow!,https://www.youtube.com/watch?v=HAHddnb-5C8
216,03/10/2022,xps 13 plus 9320,xps 13 9305 - youtube,2522,Not short,dell xps 13 : unboxing laptop in 2022 (9305) #dell #xps #firstlook,https://www.youtube.com/watch?v=StKuhN4Rdu8
217,03/09/2022,xps 15 9510,xps 15 9510 - youtube,13,Not short,[인트릭스시스템즈] dell xps 15 9510 주문번호 (2022030218038921) 포장영상입니다.,https://www.youtube.com/watch?v=Z8SbuQbGwbI
218,03/09/2022,xps 13 plus 9320,xps 13 - youtube,920,Not short,dell xps 13 plus is that a… touch bar 👀,https://www.youtube.com/watch?v=Q3769MTjgSc
219,03/08/2022,xps 15 9510,xps 15 9510 - youtube,204,Not short,dell xps 15 9510 (late 2021) review,https://www.youtube.com/watch?v=w-rkxGjS0RE
220,03/08/2022,xps 15 9510,xps 15 9510 - youtube,2158,Not short,bàn giao 7 chiếc laptop dell xps 9510 cực víp giá gần 500 triệu đồng,https://www.youtube.com/watch?v=8TVWzru8_2c
221,03/07/2022,xps 15 9510,xps 15 9510 - youtube,48,Not short,dell unboxing 2022 | dell xps 9510,https://www.youtube.com/watch?v=W2Ho7_gvyxk
222,03/07/2022,xps 13 9310,xps 13 9310 - youtube,107,Not short,"dell xps 13 (9310) von innen – tauschen, wechseln, erweitern - guide",https://www.youtube.com/watch?v=sQydvitpCwo
