post date,model,source,views,video type,title,link
2022-08-07,vostro 5620,vostro 5620 - youtube,52,Not short,dell vostro 5620 d552272win9se laptop 2022 | 12th gen core i5 1240p + 16 inch display + windows 11,https://www.youtube.com/watch?v=3ipTkkJuUrc
2022-08-07,vostro 5620,vostro 5620 - youtube,126,Not short,𝐃𝐞𝐥𝐥 𝐕𝐨𝐬𝐭𝐫𝐨 𝟓𝟔𝟐𝟎 𝐈𝟓 𝟏𝟐𝟒𝟎𝐏  - a complete package for at least *𝟓 𝐘𝐄𝐀𝐑𝐒*,https://www.youtube.com/watch?v=L2n0GoffDEI
2022-08-06,vostro 5620,vostro 5620 - youtube,48,Not short,new ⚡⚡ dell inspiron 16 5620  intel core i5-1240p laptop unboxing and review 2022 #dellinspiron,https://www.youtube.com/watch?v=VVB4xfeBLD8
2022-08-06,vostro 3420,vostro 3420 - youtube,12,Not short,"dell vostro 3420 || 8gb ddr4 & 512gb ssd, win 11 laptop 2022",https://www.youtube.com/watch?v=R2wYl4tYn6k
2022-08-05,vostro 3525,vostro 3525 - youtube,89,Not short,🔬 [ревю] dell vostro 3525 - 120hz дисплей на бизнес лаптоп?,https://www.youtube.com/watch?v=mtUbw71-D_s
2022-08-02,No model name,vostro 5620 - youtube,1878,Not short,dell inspiron 16 5620: the most affordable 16-inch laptop from dell!,https://www.youtube.com/watch?v=C-03jSN3Hr4
2022-08-02,vostro 5620,vostro 5620 - youtube,282,Not short,dell vostro 16 5625 vs hp pavilion 14-ec1019au comparison | which is best laptop under 60000 inr ?,https://www.youtube.com/watch?v=Ey4gmczkZWQ
2022-08-02,vostro 5620,vostro 5620 - youtube,4783,Not short,dell vostro 16 5620 | 12th gen intel core i5-1240p laptop unboxing and review 2022,https://www.youtube.com/watch?v=IeoSNJroeCY
2022-07-31,vostro 3420,vostro 3420 - youtube,17,Not short,dell vostro 3420 d552299win9be intel i3 8gb & 256gb ssd win 11 mso'21 14 fhd laptop under 40000 2022,https://www.youtube.com/watch?v=8V4nobFGcI4
2022-07-30,vostro 5620,vostro 5620 - youtube,1598,Not short,dell vostro 16 5620 with intel core i5-1240p processor - dell laptop under 70000,https://www.youtube.com/watch?v=fFldh9wIyec
2022-07-30,vostro 5620,vostro 5620 - youtube,439,Not short,laptop dell vostro 5620 - sang trọng và mạnh mẽ với cpu intel gen 12 rất đáng trải nghiệm,https://www.youtube.com/watch?v=1yYghm4BRfI
2022-07-30,vostro 5320,vostro 5320 - youtube,265,short,ram ddr5 4800mhz laptop dell vostro 5320 gen 12 new 2022,https://www.youtube.com/shorts/05RtwVgFMFE
2022-07-28,vostro 5620,vostro 5620 - youtube,919,Not short,"dell vostro 5620 जबरदस्त laptop i5-1240p, 16gb/512gb ssd16.0"" fhd250 nits,  review in हिंदी",https://www.youtube.com/watch?v=TJIMfbd4RLk
2022-07-25,vostro 5620,vostro 5620 - youtube,973,short,5 lý do anh em sinh viên nên chọn mua laptop dell vostro 5620 #shorts,https://www.youtube.com/shorts/WdVA6Uw60uU
2022-07-24,vostro 5620,vostro 5620 - youtube,4905,Not short,dell 12th gen laptop unboxing | dell vostro 16 5620 laptop unboxing | 16inch | windows 11 | lt hub,https://www.youtube.com/watch?v=vngFvC554IU
2022-07-21,vostro 5620,vostro 5620 - youtube,1648,Not short,series vừa review vừa có give away số 9 | laptop dell vostro 5620 | mega technology,https://www.youtube.com/watch?v=BRVPrwovJdI
2022-07-20,vostro 5620,vostro 5620 - youtube,828,Not short,new dell vostro 5620 laptop | 12th generation best laptop | not review | latest dell laptop 2022,https://www.youtube.com/watch?v=IIO-gjMBUAQ
2022-07-16,No model name,vostro 5620 - youtube,2123,Not short,"trên tay dell inspiron 5620 - màn ngon, cpu i7 1260p, card mx570 mạnh nhưng..!",https://www.youtube.com/watch?v=ISAyX_DM-Yk
2022-07-16,vostro 5620,vostro 5620 - youtube,31330,Not short,dell inspiron 16 5620 | 12th gen intel core i5-1240p laptop review 2022,https://www.youtube.com/watch?v=ZMFygd-7cGI
2022-07-16,vostro,vostro 5320 - youtube,1144,Not short,review laptop dell vostro 13 5320 v3i7007w core i7-1260p ram 16gb ssd 512gb 13.3 inch qhd+ cực sốc,https://www.youtube.com/watch?v=JzOQXuzUkIU
2022-07-15,No model name,vostro 5625 - youtube,1350,Not short,đánh giá dell inspiron 5625: cứ ngỡ như macbook 16 inch!,https://www.youtube.com/watch?v=0vxX3UM48Wk
2022-07-15,No model name,vostro 5620 - youtube,4897,Not short,"dell inspiron 5620 (2022) - mx570 rất mạnh, màn hình 100% srgb | laptopworld",https://www.youtube.com/watch?v=xmk7PJcgt5c
2022-07-15,vostro,vostro 3525 - youtube,733,Not short,🛠️ dell vostro 15 3525 - disassembly and upgrade options,https://www.youtube.com/watch?v=DWtF-U9lEuU
2022-07-13,No model name,vostro 5620 - youtube,3994,Not short,dell inspiron 5620 12th gen intel core i3 - shocking benchmarks + review | mwb,https://www.youtube.com/watch?v=0zlH6wtCW38
2022-07-12,vostro 5620,vostro 5620 - youtube,3628,Not short,dell vostro 5620 vs dell inspiron 16 | which is better ? | intel i5 12th gen,https://www.youtube.com/watch?v=oygfIZlNZb4
2022-07-08,vostro 5620,vostro 5620 - youtube,22242,Not short,dell inspiron 5620 12th gen intel core i3🔥 | shocking result 😔 | unboxing & first impressions⚡,https://www.youtube.com/watch?v=oTqxx4THKFM
2022-07-06,vostro,vostro 5620 - youtube,509,Not short,laptop dell vostro v5620-70282719 core i5-1240p - siêu thị điện máy pico,https://www.youtube.com/watch?v=iSl2v6Uibkk
2022-07-06,No model name,vostro 5620 - youtube,1430,Not short,review laptop dell inspiron 16 5620 n6i5003w1 core i5-1240p ram 16gb ssd 512gb geforce mx570 2gb,https://www.youtube.com/watch?v=g3bMdeN-K7A
2022-07-02,vostro 5620,vostro 5620 - youtube,2386,short,laptop dell gen 12 core i7 vostro 5620 1260p,https://www.youtube.com/shorts/dGfbgebRzQM
2022-06-30,vostro 5620,vostro 5620 - youtube,2045,Not short,asus vivobook s15 oled vs acer swift 3 vs dell vostro 5620 | which is better ? | intel i5 12th gen,https://www.youtube.com/watch?v=0XEENyacybU
2022-06-27,No model name,vostro 5625 - youtube,1172,Not short,review laptop dell inspiron 16 5625 99vp91 ryzen r7-5825u ram 8gb ssd 512gb 16 inch full hd+ quá đẹp,https://www.youtube.com/watch?v=gaispke3iYs
2022-06-25,vostro 5620,vostro 5620 - youtube,2081,Not short,lenovo thinkpad t15 gen 2 và dell vostro 5620 - ~30tr chọn máy nào phù hợp?? | laptopworld,https://www.youtube.com/watch?v=OH9eSohghtM
2022-06-23,vostro 5620,vostro 5620 - youtube,64,Not short,acer swift x vs dell vostro 5620 | best 2022 laptops | gaming,https://www.youtube.com/watch?v=j-ipwZMhFgo
2022-06-21,vostro 5625,vostro 5625 - youtube,218,short,dell vostro 5625 : now available @ gbs - dell exclusive stores in chennai,https://www.youtube.com/shorts/ClhHSrdnCgc
2022-06-18,vostro 5620,vostro 5620 - youtube,3995,Not short,"dell vostro 5620 (2022) - màn 16 inch, i7 1260p, tặng office hs bản quyền",https://www.youtube.com/watch?v=bt85UX3AEsM
2022-06-17,vostro 5320,vostro 5320 - youtube,7505,Not short,"trải nghiệm dell vostro 5320 (2022) - những nâng cấp cực ""xịn"" | laptopworld",https://www.youtube.com/watch?v=x6Iz-hRxpNA
2022-06-14,vostro 5620,vostro 5620 - youtube,422,Not short,dell vostro 5620 khách đặt cấu hình từ website nhà sản xuất - nhập khẩu từ mỹ,https://www.youtube.com/watch?v=Kovl4zpnQps
2022-06-10,vostro 5620,vostro 5620 - youtube,1805,Not short,review laptop dell vostro 16 5620 p117f001agr core i7-1260p ram 16gb ssd 512gb 16 inch full hd+ w11,https://www.youtube.com/watch?v=Ue-2ytHUyrE
2022-06-09,vostro 5320,vostro 5320 - youtube,1489,Not short,review laptop dell vostro 13 5320 p156g001agr core i5-1240p ram 8gb ssd 256gb 13.3 inch fhd+ win11,https://www.youtube.com/watch?v=VVkt2rg3mjk
2022-06-07,vostro 5620,vostro 5320 - youtube,424,short,best laptop 2022 | dell vostro 5620 #shorts,https://www.youtube.com/shorts/14q9VbIS1wU
2022-06-07,No model name,vostro 5320 - youtube,161,Not short,dell 5320 review,https://www.youtube.com/watch?v=kRvWI6dpuW4
2022-06-06,No model name,vostro 3525 - youtube,5271,Not short,(review) dell inspiron 3525 (2022) laptop ngon nhất tầm giá 15 triệu của nhà dell !!!,https://www.youtube.com/watch?v=4511G2D3Tx8
2022-06-03,vostro 5620,vostro 5620 - youtube,6121,Not short,asus vivobook s15 oled vs hp pavilion 15 vs dell vostro 5620 | which is better ? | intel i5 12th gen,https://www.youtube.com/watch?v=JSq82d0ZjfI
2022-06-02,No model name,vostro 5620 - youtube,1632,Not short,laptop dell vos 5620 i5-1240p  review,https://www.youtube.com/watch?v=4wcxfY-rPmI
2022-06-02,No model name,vostro 3525 - youtube,6760,Not short,15 triệu laptop dell nào chạy mượt nhất?? dell inspiron 3525 (2022),https://www.youtube.com/watch?v=Wk5D-awXZI8
2022-05-31,vostro 5620,vostro 5620 - youtube,3222,Not short,review laptop dell vostro 16 5620 70282719 core i5-1240p ram 16gb ssd 512gb 16 inch full hd+ mới ra,https://www.youtube.com/watch?v=3qlNX1lvPaE
2022-05-29,No model name,vostro 3420 - youtube,1709,short,#shorts || exclusive first look at dell latitude 3420 laptop 🔥🔥|| dell latitude 3420 specs #dell,https://www.youtube.com/shorts/hy-G4CVe70Q
2022-05-26,vostro 3525,vostro 3525 - youtube,327,Not short,dell vostro 3525 - disassembly and fan cleaning - laptop repair,https://www.youtube.com/watch?v=yUwuErJnMjE
2022-05-21,No model name,vostro 3525 - youtube,6165,Not short,new dell inspiron 3525 ryzen7 laptop  #dell_inspiron #dell #shorts #youtube,https://www.youtube.com/watch?v=rz-gdlSaNGs
2022-05-19,vostro 5620,vostro 5620 - youtube,5102,Not short,dell vostro 5620 vs hp pavilion 15 | which is better ? | dell vostro 5620 | hp pavilion 15 eg2009tu,https://www.youtube.com/watch?v=eS2N06LtIZc
2022-05-19,vostro 5620,vostro 5620 - youtube,7389,Not short,10 best laptops with 12th gen. intel core i5/i7 processor 🔥🔥 best intel 12th gen budget laptops 2022,https://www.youtube.com/watch?v=CsEjs0MzayI
2022-05-13,vostro,vostro 5320 - youtube,1036,Not short,inspiron & vostro trong năm 2021 - chê nhiều hơn khen !!! dell nên thay đổi gì trong năm 2022,https://www.youtube.com/watch?v=ptVd0Z1UyYg
2022-05-11,vostro,vostro 5620 - youtube,2102,Not short,🛠️ dell vostro 16 5625 - disassembly and upgrade options,https://www.youtube.com/watch?v=XAtQQ7_-Fkg
2022-05-11,No model name,vostro 5320 - youtube,554,Not short,【ezstick】dell inspiron 13 5320 p156g 鍵盤膜樣式 及 機身貼 螢幕貼 touchpad貼 施工過程 diy 筆電包膜,https://www.youtube.com/watch?v=XoAUFPcDq58
2022-05-10,vostro 5625,vostro 5620 - youtube,2264,Not short,dell vostro 5625 amd ryzen 5 edition unboxing and full review,https://www.youtube.com/watch?v=khD9RFhCqt8
2022-05-09,vostro,vostro 5620 - youtube,1054,Not short,asus vivobook s15 ke3502 vs dell inspiron 16 5620,https://www.youtube.com/watch?v=SUAsjU9eRpw
2022-05-05,vostro 5620,vostro 5620 - youtube,9427,Not short,dell vostro 5625 vs dell vostro 5620 | performance and battery tested,https://www.youtube.com/watch?v=MD0po3UJyGM
2022-05-04,vostro,vostro 5620 - youtube,175,Not short,【ezstick】dell vostro 16 5620 p117 鍵盤膜樣式 及 機身貼 螢幕貼 touchpad貼 施工過程 diy 筆電包膜,https://www.youtube.com/watch?v=LBirBuaZFBY
2022-05-02,vostro 5620,vostro 5620 - youtube,19828,Not short,dell vostro 5620 review in telugu || dell i5 12th gen laptop,https://www.youtube.com/watch?v=UUXAF3MdICA
2022-05-01,vostro 5620,vostro 5620 - youtube,21070,Not short,dell vostro 5620 new launched 12th gen intel core i5 | 1240p,https://www.youtube.com/watch?v=341lzzPQFF0
2022-04-30,vostro 5620,vostro 5620 - youtube,542,Not short,12th gen dell vostro 5620 with 16inch fhd display || specifications || #12thgen #ddr5 #newlaptop,https://www.youtube.com/watch?v=4NfCK1KvpaE
2022-04-30,vostro,vostro 3420 - youtube,4777,Not short,dell vostro - 3420 - quick review (new series line up 2022) - few issues,https://www.youtube.com/watch?v=BRlICZFZ20w
2022-04-26,vostro 5620,vostro 5620 - youtube,69667,Not short,dell vostro 5620 new launched 12th gen intel core i5 exclusive unboxing & first impressions⚡,https://www.youtube.com/watch?v=32jx2_LJRgU
2022-04-26,vostro 5620,vostro 5620 - youtube,90101,Not short,dell 12th gen laptop 🔥dell vostro 5620 unboxing 2022,https://www.youtube.com/watch?v=k51xFezEJrQ
2022-04-20,vostro 5625,vostro 5620 - youtube,1743,Not short,vostro 5625 - product review,https://www.youtube.com/watch?v=dHIcu91v5GE
2022-04-15,No model name,vostro 5620 - youtube,8431,Not short,"dell inspiron 16 5620/5625 - ram, ssd and wifi upgrade guide",https://www.youtube.com/watch?v=iGxaPn9qedI
2022-04-15,vostro 5620,vostro 5620 - youtube,6721,Not short,new dell vostro 16 5625 unboxing & review 2022 | dell vostro amd ryzen 5 5625 laptop unboxing 2022,https://www.youtube.com/watch?v=fy-Oz7jfiDE
2022-04-13,No model name,vostro 5620 - youtube,31848,Not short,dell inspiron 16 5620 review - inspiron 5000 gets intel core i5-1235u and 16:10 screen for 2022,https://www.youtube.com/watch?v=Ng2sH__uGk8
2022-04-03,vostro 5620,vostro 5620 - youtube,11958,Not short,intel 12th gen powered dell vostro 5620 complete overview with benchmark | dell vostro 5620 review,https://www.youtube.com/watch?v=0P-qDE3p70E
2022-03-31,No model name,vostro 5320 - youtube,1293,Not short,đánh giá dell latitude 5320: laptop dell mà giá hợp lý như này hết thì tốt biết mấy!!,https://www.youtube.com/watch?v=Hkdk8EoB66c
2022-03-30,vostro 5625,vostro 5620 - youtube,12419,Not short,dell vostro 5625 16 inch laptop unboxing & first look | windows 11 laptop | amd ryzen 5 | lt hub,https://www.youtube.com/watch?v=wnyATdeCraI
