﻿counter,post date,model,source,views,likes,video type,title,link
1,5/3/2022,alienware x14,alienware x14 - youtube,4,0,Not short,alienware x14!!!កំពូលឡេបថបរបស់ alienware,https://www.youtube.com/watch?v=QDJOQMh-gxU
2,5/3/2022,alienware m15 r7,alienware m15 r7 - youtube,9,0,Not short,alienware m15 r7,https://www.youtube.com/watch?v=d_1YNBjtd2o
3,5/3/2022,alienware aurora r13,alienware aurora r13 - youtube,1,0,short,best alienware aurora r13 gaming desktop #shorts #shortsvideo,https://www.youtube.com/shorts/6Gb8Z0DgA4U
4,5/2/2022,alienware aurora ryzen r14,alienware aurora ryzen r14 - youtube,9,0,Not short,rtx 3060 ti | the crew2  - 1080p - max settings! | alienware aurora r14 ryzen edition,https://www.youtube.com/watch?v=0c0iJ4dFBsQ
5,5/1/2022,alienware x17 r2,alienware x17 r2 - youtube,885,0,short,alienware x17 r2: fastest ssds i have seen so far!,https://www.youtube.com/shorts/SOOPuiIyNMU
6,5/1/2022,alienware m15 r7,alienware m15 r7 - youtube,2779,0,Not short,현실적인 드림 게이밍 노트북: 델 에일리언웨어 m15 r7 리뷰,https://www.youtube.com/watch?v=8LYp_ddlyGM
7,5/1/2022,alienware aurora r13,alienware aurora r13 - youtube,11,0,Not short,new alienware aurora r13 gaming desktop2022,https://www.youtube.com/watch?v=611F0Mw6QU4
8,5/1/2022,alienware aurora r13,alienware aurora r13 - youtube,459143,0,Not short,the worst pre-built we've ever reviewed: alienware r13 $5000 gaming pc benchmarks,https://www.youtube.com/watch?v=UnvxSkqJ8ic
9,4/30/2022,alienware m15 r7,alienware m15 r7 - youtube,7319,0,Not short,alienware m15 r7 vs legion 5i pro - mid range gaming battle!,https://www.youtube.com/watch?v=RnBkk6FE778
10,4/30/2022,alienware aurora ryzen r14,alienware aurora ryzen r14 - youtube,17,0,Not short,rtx 3060 ti | valorant - 1080p - max settings! | alienware aurora r14 ryzen edition,https://www.youtube.com/watch?v=Bp9CYh7qGIQ
11,4/29/2022,alienware x15 r2,alienware x15 r2 - youtube,50,0,Not short,how to replace the wireless card on the alienware x15 r1/alienware x15 r2,https://www.youtube.com/watch?v=ef-GQvOS1Ek
12,4/29/2022,alienware m15 r7,alienware x15 r2 - youtube,211,0,Not short,alienware m15 r7 (amd) | bling bling b*tch !!!,https://www.youtube.com/watch?v=2MT3bIVPIw8
13,4/28/2022,alienware x17 r2,alienware x17 r2 - youtube,37,0,Not short,2022 alienware x17 r2 review || core i7 12700h rtx 3070ti,https://www.youtube.com/watch?v=DlbIEQPOgq8
14,4/28/2022,alienware m15 r7,alienware m15 r7 - youtube,38,0,Not short,dell alienware x14 | m15 r7 best gaming laptop 2022 - price | specs | india | hindi,https://www.youtube.com/watch?v=9nrk-PIEtFY
15,4/28/2022,alienware aurora ryzen r14,alienware aurora ryzen r14 - youtube,31,0,Not short,rtx 3060 ti | forza horizon 5 - 1080p -  extreme settings! | alienware aurora r14 ryzen edition,https://www.youtube.com/watch?v=DDHjd5WaXg4
16,4/27/2022,alienware aurora ryzen r14,alienware aurora ryzen r14 - youtube,91,0,Not short,ryzen 7 5800x3d + rtx 3090 24gb | dell alienware aurora r14 | cod: warzone,https://www.youtube.com/watch?v=PRUPv6d3jrM
17,4/27/2022,alienware aurora r13,alienware aurora r13 - youtube,20,0,Not short,dell alienware aurora r13 i7-12700kf rtx 3060ti 8gb w11hsl,https://www.youtube.com/watch?v=-Fy5ez417xE
18,4/27/2022,alienware m15 r7,alienware - youtube,29,0,short,new alienware m15r7 freezing even after reset to factory,https://www.youtube.com/shorts/piuqI6bdvjc
19,4/27/2022,alienware m15 r7,alienware - youtube,19,0,short,new alienware m15r7 freezing even after reset to factory,https://www.youtube.com/shorts/zYzVSk0PSrw
20,4/26/2022,alienware m15 r7,alienware m15 r7 - youtube,75,0,Not short,"most powerfull laptop ⚡alienware m15 r7🔥 powerful gaming laptop, price rs.1.......?",https://www.youtube.com/watch?v=ROmqkkBSH2I
21,4/26/2022,alienware aurora ryzen r14,alienware aurora ryzen r14 - youtube,78,0,Not short,ryzen 7 5800x3d + rtx 3080 10gb | dell alienware aurora r14 | cod: warzone,https://www.youtube.com/watch?v=h1AQxG4ZJis
22,4/26/2022,alienware aurora ryzen r14,alienware aurora ryzen r14 - youtube,111,0,Not short,ryzen 7 5800x3d + rx 6900 xt 16gb | dell alienware aurora r14 | cod: warzone,https://www.youtube.com/watch?v=lE0otNIVEng
23,4/26/2022,alienware m15 r7,alienware aurora ryzen r14 - youtube,31,0,Not short,"alienware announce new ryzen aurora r14 gaming pc, m15 r7 & m17 r5 laptops!",https://www.youtube.com/watch?v=OWS0d1zUgMI
24,4/26/2022,alienware m15 r7,alienware - youtube,252,0,Not short,"dell g15 5525 / alienware m15 r7 ปี 2022 สเปก amd ryzen 6000h + geforce rtx 30 เริ่ม 3x,xxx บาท",https://www.youtube.com/watch?v=7G3amnH-4u4
25,4/26/2022,alienware m15 r7,alienware - youtube,564,0,Not short,alienware m15 r7 | gameplay comparison,https://www.youtube.com/watch?v=cdhyhlS7CHY
26,4/25/2022,alienware x17 r2,alienware x17 r2 - youtube,430,0,Not short,i almost killed my x17 r2 (my fault) mistake while bios update,https://www.youtube.com/watch?v=ScdPQJl0GXM
27,4/25/2022,alienware x14,alienware x14 - youtube,442,0,Not short,"alienware x14 ที่สุดของ gaming จอ 14"" พรีเมียม สเปก i7-12700h + rtx 3060 เบาสุดๆ 1.84 โล",https://www.youtube.com/watch?v=qaFrpIyetPI
28,4/25/2022,alienware m15 r7,alienware m15 r7 - youtube,8,0,Not short,dell alienware m15 r7 laptop review.,https://www.youtube.com/watch?v=BxhwaM55fc4
29,4/25/2022,alienware aurora ryzen r14,alienware aurora ryzen r14 - youtube,96,0,Not short,ryzen 7 5800x3d + rtx 3070 8gb | dell alienware aurora r14 | cod: warzone,https://www.youtube.com/watch?v=9IwjDC7Bmao
30,4/25/2022,alienware aurora ryzen r14,alienware aurora ryzen r14 - youtube,108,0,Not short,ryzen 7 5800x3d + rtx 3090 ti 24gb | dell alienware aurora r14 | cod: warzone,https://www.youtube.com/watch?v=IACxa-vSAWE
31,4/25/2022,alienware aurora r13,alienware aurora r13 - youtube,3,0,Not short,forza horizon 5 - alienware aurora r13 - logitech g923,https://www.youtube.com/watch?v=f_npFG878Fk
32,4/25/2022,alienware aurora r13,alienware aurora r13 - youtube,9,0,Not short,adult with adhd tries to do an unboxing video | alienware aurora r13 unboxing video (the sequel),https://www.youtube.com/watch?v=_LRBRYEZBK8
33,4/24/2022,alienware x17 r2,alienware x17 r2 - youtube,53,0,Not short,rtx 3070 ti | alienware x17 r2 (2022) | call of duty: warzone | 1440p benchmarks,https://www.youtube.com/watch?v=DReifaj7Z3o
34,4/24/2022,alienware x14,alienware x14 - youtube,2246,0,Not short,【splustech】alienware外星人x14 rtx3060评测：剑走偏锋，有始有终,https://www.youtube.com/watch?v=nxyPuEVFOY4
35,4/24/2022,alienware m15 r7,alienware m15 r7 - youtube,82,0,Not short,"alienware amd ryzen 6000 | alienware m15 r7, alienware m17 r5 and dell g15 gaming",https://www.youtube.com/watch?v=zqZn1Ccl-Ag
36,4/24/2022,alienware aurora ryzen r14,alienware aurora ryzen r14 - youtube,198,0,Not short,ryzen 7 5800x3d + rtx 3060 ti 8gb | dell alienware aurora r14 | cod: warzone,https://www.youtube.com/watch?v=vsrgJ6umNO0
37,4/24/2022,alienware aurora r13,alienware aurora r13 - youtube,528922,0,Not short,crazy bad $5000 alienware gaming pc: r13 aurora tear-down,https://www.youtube.com/watch?v=DY1dlVPzUVo
38,4/23/2022,alienware x15 r2,alienware x15 r2 - youtube,129,0,Not short,rtx 3070 ti | alienware x15 r2 (2022) | call of duty: warzone | 1440p benchmarks,https://www.youtube.com/watch?v=UJyXRQ7fALM
39,4/23/2022,alienware x14,alienware x14 - youtube,8,0,Not short,alienware x14  world's thinnest gaming laptop review,https://www.youtube.com/watch?v=LU4Nn4SehbQ
40,4/23/2022,alienware x14,alienware x14 - youtube,1094,0,Not short,alienware x14: small wonder or big blunder? | the gadgets 360 show,https://www.youtube.com/watch?v=DwfALU5haVs
41,4/23/2022,alienware x14,alienware x14 - youtube,1672,0,Not short,alienware x14: right balance of portability and power? | the gadgets 360 show,https://www.youtube.com/watch?v=pgy5lo2CHxk
42,4/23/2022,alienware aurora ryzen r14,alienware aurora ryzen r14 - youtube,242,0,Not short,ryzen 7 5800x3d + rtx 3070 ti 8gb | dell alienware aurora r14 | cod: warzone,https://www.youtube.com/watch?v=XXsCFG9-RZw
43,4/23/2022,alienware aurora r13,alienware aurora r13 - youtube,15,0,Not short,better videos coming soon!! [alienware aurora r13],https://www.youtube.com/watch?v=8oLVqyI7LGc
44,4/22/2022,alienware x15 r2,alienware x15 r2 - youtube,205,0,Not short,델 에일리언웨어 x15 r2 게임 성능 테스트 (i9-12900h / rtx3080ti),https://www.youtube.com/watch?v=DqOzbz2wVnU
45,4/22/2022,alienware m15 r7,alienware m15 r7 - youtube,25,0,Not short,dell alienware m15 r7 laptop review.,https://www.youtube.com/watch?v=v_7KlFNMsTc
46,4/22/2022,alienware m15 r7,alienware m15 r7 - youtube,19,0,Not short,dell alienware m15 r7 laptop review.,https://www.youtube.com/watch?v=ppfE9aTd0Bk
47,4/22/2022,alienware aurora ryzen r14,alienware aurora ryzen r14 - youtube,303,0,Not short,ryzen 7 5800x3d + rtx 3080 ti 12gb | alienware aurora r14 | cod: warzone,https://www.youtube.com/watch?v=LF-PNFB4dLE
48,4/22/2022,alienware aurora r13,alienware aurora r13 - youtube,9,0,Not short,warzone in ultra wide screen with alienware aurora r13,https://www.youtube.com/watch?v=43-NqODYo2A
49,4/21/2022,alienware m15 r7,alienware x15 r2 - youtube,19,0,Not short,alienware x15 r2 2022 vs alienware m15 r7 2022,https://www.youtube.com/watch?v=VBQW0zyQjDY
50,4/21/2022,alienware x15 r2,alienware x15 r2 - youtube,180,0,Not short,noul alienware x15 r2 cu procesor intel 12th gen la avstore,https://www.youtube.com/watch?v=GW-Q1_aQnz4
51,4/21/2022,alienware x14,alienware x14 - youtube,39,0,Not short,alienware announces x14 -- the world's thinnest gaming laptop,https://www.youtube.com/watch?v=QDAQpmuy_8Y
52,4/21/2022,alienware m15 r7,alienware m15 r7 - youtube,2,0,short,alienware m15 r7 first look 👽,https://www.youtube.com/shorts/li8N1E8oZW4
53,4/21/2022,alienware m15 r7,alienware m15 r7 - youtube,1,0,Not short,alienware m15 r7 | amd | product highlights,https://www.youtube.com/watch?v=kpZqNAn6Y2s
54,4/21/2022,alienware m15 r7,alienware m15 r7 - youtube,4,0,Not short,alienware m15 r7 amd ryzen™ 6000 series gaming laptop,https://www.youtube.com/watch?v=FfdPD17Zsts
55,4/21/2022,alienware m15 r7,alienware m15 r7 - youtube,2011,0,Not short,alienware m15 r7 (amd) | product highlights,https://www.youtube.com/watch?v=LWHldNYvArY
56,4/21/2022,alienware m15 r7,alienware m15 r7 - youtube,23,0,Not short,asus rog strix scar 15 2022 vs alienware m15 r7 2022,https://www.youtube.com/watch?v=_8JAzMZuefs
57,4/21/2022,alienware aurora ryzen r14,alienware aurora ryzen r14 - youtube,3,0,Not short,"alienware aurora r14 gaming desktop - amd ryzen 9 5900, 32gb 3466mhz ram, 1tb ssd",https://www.youtube.com/watch?v=_0BpszqmK8w
58,4/20/2022,alienware x17 r2,alienware x17 r2 - youtube,3355,0,Not short,alienware x17 r2 - deep dive,https://www.youtube.com/watch?v=U2YnYjH3laI
59,4/20/2022,alienware x14,alienware x14 - youtube,69,0,Not short,dellの最新ゲーミングノートパソコン alienware x14が「薄すぎる！？」実機レビューのレビュー,https://www.youtube.com/watch?v=D-dmbTiymHc
60,4/20/2022,alienware x14,alienware x14 - youtube,178,0,Not short,alienware x14 - product review,https://www.youtube.com/watch?v=k2mzIPNBGqE
61,4/20/2022,alienware m15 r7,alienware m15 r7 - youtube,164,0,Not short,alienware m15 r7 - product review,https://www.youtube.com/watch?v=i7dEC-t0X3o
62,4/20/2022,alienware m15 r7,alienware m15 r7 - youtube,47,0,Not short,ultimate gaming laptop -dell alienware m15 r7 12-gen intel core processors,https://www.youtube.com/watch?v=KayLcbhhfPg
63,4/19/2022,alienware x14,alienware x14 - youtube,118,0,Not short,new alienware x14,https://www.youtube.com/watch?v=RfIbtHHuAic
64,4/19/2022,alienware x14,alienware x14 - youtube,4489,0,Not short,薄さ14.5 mmのゲーミングノートpc「alienware x14」でカフェや出張先でもハイエンドなゲーミング体験を。,https://www.youtube.com/watch?v=S2IpO7mIsWs
65,4/19/2022,alienware m15 r7,alienware m15 r7 - youtube,4,0,Not short,new alienware m15 r7,https://www.youtube.com/watch?v=fFh8Frv37Ck
66,4/19/2022,alienware m15 r7,alienware m15 r7 - youtube,3,0,Not short,"dell alienware m15 r7, x14 launched in india: price, specifications",https://www.youtube.com/watch?v=cTn079LMd5g
67,4/19/2022,alienware m15 r7,alienware m15 r7 - youtube,23,0,Not short,review of dell alienware m15 r7 laptop,https://www.youtube.com/watch?v=6XSaltEUIsc
68,4/19/2022,alienware m15 r7,alienware m15 r7 - youtube,27,0,Not short,"best gaming laptops | alienware x14, alienware m15 r7 gaming laptops with 12th gen intel processors😀",https://www.youtube.com/watch?v=a1A6qka8chg
69,4/19/2022,alienware m15 r7,alienware m15 r7 - youtube,89,0,Not short,alienware x14 review (hindi) - the best gaming laptop ever 🔥 || alienware m15 r7 specs & price,https://www.youtube.com/watch?v=3r4F7UOf0Cw
70,4/19/2022,alienware m15 r7,alienware m15 r7 - youtube,187,0,Not short,new alienware m15 r7,https://www.youtube.com/watch?v=I2yv5RWjcBo
71,4/18/2022,alienware x17 r2,alienware x17 r2 - youtube,101,0,Not short,control gameplay max settings alienware x17 r2 i9-12900hk / rtx3080 ti,https://www.youtube.com/watch?v=OnCvKggUhZU
72,4/18/2022,alienware m15 r7,alienware x14 - youtube,4,0,Not short,alienware x14 and m15 r7 gaming laptops from dell,https://www.youtube.com/watch?v=tlY8WtqVOsA
73,4/18/2022,alienware m15 r7,alienware x14 - youtube,18,0,Not short,"alienware x14, alienware m15 r7 gaming laptops with 12th gen intel processors launched in india",https://www.youtube.com/watch?v=2wWRjs2QCvE
74,4/18/2022,alienware m15 r7,alienware m15 r7 - youtube,10,0,Not short,dell alienware m15 r7 - দানবের মতো ক্ষমতা। জেনে নাও সমস্ত রহস্য!!!,https://www.youtube.com/watch?v=5v_Y0xxoe0s
75,4/18/2022,alienware m15 r7,alienware - youtube,7,0,Not short,unboxing our most powerful laptop⚡alienware m15 r7 | alienware m15 r7 unboxing and first impressions,https://www.youtube.com/watch?v=ew5Hy83592M
76,4/18/2022,alienware x17 r2,alienware - youtube,11,0,Not short,never look down at alienware x17 r2 (must watch),https://www.youtube.com/watch?v=-SPkwPK8dO4
77,4/18/2022,alienware m15 r7,alienware - youtube,4,0,Not short,unboxing the most powerful laptop ever⚡alienware m15 r7 unboxing and first impressions,https://www.youtube.com/watch?v=uYPe6Ewzk2U
78,4/18/2022,alienware m15 r7,alienware - youtube,26,0,Not short,dell alienware m15 r7 laptop review.,https://www.youtube.com/watch?v=GxVFjGanEFY
79,4/18/2022,alienware m15 r7,alienware - youtube,8,0,short,most powerful laptop ever⚡alienware m15 r7 first impressions #shorts,https://www.youtube.com/shorts/CkOB8D34A5c
80,4/18/2022,alienware m15 r7,alienware - youtube,843407,0,Not short,alienware m15 r7ゲーミング ノートパソコン product video,https://www.youtube.com/watch?v=5FFtUITAJzU
81,4/17/2022,alienware x17 r2,alienware x17 r2 - youtube,14,0,Not short,3dmark timespy 4k + 8k (upscaled) / alienware x17 r2 / i9-12900hk,https://www.youtube.com/watch?v=RoRkl4Z7y8M
82,4/17/2022,alienware x17 r2,alienware x17 r2 - youtube,26,0,Not short,control gameplay alienware x17 r2 i9-12900hk,https://www.youtube.com/watch?v=Rr43jk2lf5A
83,4/17/2022,alienware x17 r2,alienware x17 r2 - youtube,16,0,Not short,gameplay resident evil village alienware x17 r2 12900hk,https://www.youtube.com/watch?v=TScRKaxCxWs
84,4/17/2022,alienware x17 r2,alienware x17 r2 - youtube,52,0,Not short,"i ran cinebench while video-editing, screen record, and youtube uploading alienware x17 r2 12900hk",https://www.youtube.com/watch?v=KzmDmsteYY0
85,4/17/2022,alienware x17 r2,alienware x17 r2 - youtube,122,0,Not short,alienware x17 r2 / 12900hk / 3dmark time spy / read video description!,https://www.youtube.com/watch?v=XXJsJCEJEYE
86,4/17/2022,alienware x17 r2,alienware x17 r2 - youtube,113,0,Not short,"alienware x17 r2 / 12900hk / liquid metal / control / 1080p max settings / raytracing ""on""",https://www.youtube.com/watch?v=x_Hw0mK4glU
87,4/17/2022,alienware x17 r2,alienware x17 r2 - youtube,77,0,Not short,"alienware x17 r2 / 12900hk / liquid metal / cyberpunk 2077 / 1080p max settings / raytracing ""on""",https://www.youtube.com/watch?v=zCp-YjET5kw
88,4/17/2022,alienware x14,alienware x14 - youtube,49755,0,Not short,best gaming laptop ? alienware x14,https://www.youtube.com/watch?v=pyc3Jik6qbo
89,4/17/2022,alienware m15 r7,alienware m15 r7 - youtube,12,0,short,alienware m15 r7  #normaltech #shorts,https://www.youtube.com/shorts/hG3rbgA7NU0
90,4/17/2022,alienware m15 r7,alienware m15 r7 - youtube,99,0,short,unboxing our most powerful laptop ever ⚡alienware m15 r7 unboxing #shorts,https://www.youtube.com/shorts/IwSWv9gWO0M
91,4/17/2022,alienware m15 r7,alienware m15 r7 - youtube,3,0,Not short,unboxing our most powerful laptop ever⚡alienware m15 r7 unboxing and first impressions,https://www.youtube.com/watch?v=SXmRJ69fppY
92,4/17/2022,alienware m15 r7,alienware m15 r7 - youtube,6,0,Not short,unboxing our most powerful laptop ever⚡alienware m15 r7 unboxing and first impressions,https://www.youtube.com/watch?v=haH5XaTgYcw
93,4/17/2022,alienware m15 r7,alienware m15 r7 - youtube,9,0,Not short,the ultimate gaming laptop - alienware m15 r7 unboxing & first look🔥,https://www.youtube.com/watch?v=du3hsfZNkPI
94,4/17/2022,alienware m15 r7,alienware m15 r7 - youtube,60420,0,Not short,the ultimate gaming laptop - alienware m15 r7 unboxing & first look🔥🔥🔥,https://www.youtube.com/watch?v=BbX1tEWB98A
95,4/17/2022,alienware m15 r7,alienware m15 r7 - youtube,146696,0,Not short,unboxing our most powerful laptop ever⚡alienware m15 r7 unboxing and first impressions,https://www.youtube.com/watch?v=dVcBKRDpcBY
96,4/17/2022,alienware m15 r7,alienware - youtube,5,0,short,most powerful laptop ever⚡alienware m15 r7 unboxing and first impressions #hindi #shorts #dell #like,https://www.youtube.com/shorts/HkrMijd_2E8
97,4/15/2022,alienware x17 r2,alienware x17 r2 - youtube,98,0,short,"alienware x17 r2 / cinebench r23 / 20,000 points",https://www.youtube.com/shorts/ymAEjzV2f6U
98,4/15/2022,alienware x17 r2,alienware x17 r2 - youtube,14042,0,Not short,【大画面で高性能】12世代搭載ノートパソコン「alienware x17 r2」をレビュー。ゲームだけじゃなくクリエーターにも！,https://www.youtube.com/watch?v=PL6hnix8GUM
99,4/15/2022,alienware x14,alienware x14 - youtube,135,0,Not short,alienware x14：nvidia image scalingを使って「project cars 3」のリプレイを表示,https://www.youtube.com/watch?v=AWxWBUauFBk
100,4/15/2022,alienware x14,alienware x14 - youtube,229,0,Not short,alienware x14のヒンジ「デュアル トルク エレメント」の動き,https://www.youtube.com/watch?v=2MKqNLtThFc
101,4/15/2022,alienware m15 r7,alienware m15 r7 - youtube,61,0,Not short,alienware m15 r7 vs msi vector gp66! which one you prefer!,https://www.youtube.com/watch?v=M_nMg6T5ZoI
102,4/13/2022,alienware x17 r2,alienware x17 r2 - youtube,151,0,Not short,rtx 3070 ti | alienware x17 r2 (2022) | horizon zero dawn | 1440p benchmarks,https://www.youtube.com/watch?v=rmh1pZshL9w
103,4/12/2022,alienware x15 r2,alienware x15 r2 - youtube,1702,0,Not short,dell alienware x15 r2 gaming laptop unboxing | intel core i7 12th gen laptop unboxing | lt hub,https://www.youtube.com/watch?v=N_4DGPXjjSk
104,4/12/2022,alienware x15 r2,alienware x15 r2 - youtube,125,0,Not short,rtx 3070 ti | alienware x15 r2 (2022) | horizon zero dawn | 1440p benchmarks,https://www.youtube.com/watch?v=fXhAGKS02ZI
105,4/12/2022,alienware aurora r13,alienware aurora r13 - youtube,13508,0,Not short,四万块3080 ti主机居然用120水冷压i9 外星人r13只剩售后和信仰可吹了吗？,https://www.youtube.com/watch?v=gPxpTMbUEy0
106,4/11/2022,alienware x17 r2,alienware x17 r2 - youtube,163056,0,Not short,외계인이 사랑한 게이밍 노트북👽에일리언웨어 x17 r2,https://www.youtube.com/watch?v=AYyqV0vhnHE
107,4/10/2022,alienware x17 r2,alienware x17 r2 - youtube,1170,0,Not short,how to apply liquid metal / full in-depth tutorial / alienware x17 r2 i9-12900hk,https://www.youtube.com/watch?v=i9i-l4TMmok
108,4/10/2022,alienware x17 r2,alienware x17 r2 - youtube,253,0,Not short,alienware x17 r2 vs raider ge76 12u!  comparison!,https://www.youtube.com/watch?v=SKJmAWlYxIc
109,4/9/2022,alienware x17 r2,alienware x17 r2 - youtube,3356,0,short,alienware x17 r2 gaming laptop | dell usa,https://www.youtube.com/shorts/XrG2-h0L6vI
110,4/9/2022,alienware x17 r2,alienware x17 r2 - youtube,402,0,short,"alienware x17 r2 / liquid metal solved the thermal issues. ~19,000 cinebench r23",https://www.youtube.com/shorts/b_hwZ3mYwOI
111,4/9/2022,alienware x17 r2,alienware x15 r2 - youtube,7732,0,Not short,alienware x17 r2 - the 4k configuration is finally here!  (plus 3070ti testing),https://www.youtube.com/watch?v=p_s0PVUybWI
112,4/8/2022,alienware x17 r2,alienware x17 r2 - youtube,300,0,short,liquid metal saved my alienware x17 r2 ❤️,https://www.youtube.com/shorts/wylmrNjPekg
113,4/8/2022,alienware x17 r2,alienware x17 r2 - youtube,1242,0,Not short,new gaming laptop unboxing  | alienware x17 r2 gaming laptop,https://www.youtube.com/watch?v=z8Cw9IrSeOM
114,4/8/2022,alienware x17 r2,alienware x17 r2 - youtube,14,0,Not short,tunic on alienware x17 r2,https://www.youtube.com/watch?v=qq1eJzZdd64
115,4/8/2022,alienware x15 r2,alienware x15 r2 - youtube,179,0,Not short,rtx 3070 ti 8gb | alienware x15 r2 (2022) | call of duty: warzone,https://www.youtube.com/watch?v=QSkvn4VfZLo
116,4/8/2022,alienware x14,alienware x14 - youtube,32,0,Not short,alienware x14,https://www.youtube.com/watch?v=ye4GJwdwUO8
117,4/8/2022,alienware x14,alienware x14 - youtube,457,0,short,new alienware x14 gaming laptop 💻,https://www.youtube.com/shorts/LHtQxTicM-M
118,4/7/2022,alienware x17 r2,alienware x17 r2 - youtube,325,0,Not short,rtx 3070 ti 8gb | alienware x17 r2 (2022) | call of duty: warzone,https://www.youtube.com/watch?v=mBuIyLh0Kns
119,4/7/2022,alienware x17 r2,alienware x17 r2 - youtube,5449,0,Not short,【 xf 開箱 】12 代 intel 處理器。rtx30 系顯示卡。打機剪片冇難度！｜alienware x17 r2,https://www.youtube.com/watch?v=2EyFJFZids0
120,4/6/2022,alienware x17 r2,alienware x17 r2 - youtube,133,0,Not short,rtx 3070 ti | alienware x17 r2 (2022) | gta 5 | 1440p benchmarks,https://www.youtube.com/watch?v=vnzp7rQZnoU
121,4/6/2022,alienware x17 r2,alienware x17 r2 - youtube,136,0,short,will liquid metal be the final boss for the x17 r2?,https://www.youtube.com/shorts/n6c7tCE2BjE
122,4/6/2022,alienware x17 r2,alienware x17 r2 - youtube,211,0,Not short,does awcc jeopardise performance? a l alienware x17 r2,https://www.youtube.com/watch?v=WSmScnnKh0g
123,4/6/2022,alienware x14,alienware x14 - youtube,187,0,Not short,dell alienware x14 2022 gaming laptop review : the world's thinnest gaming laptop,https://www.youtube.com/watch?v=zWx3s7_SFAw
124,4/6/2022,alienware aurora r13,alienware aurora r13 - youtube,88,0,Not short,unboxing | alienware aurora r13 - una computadora imponente,https://www.youtube.com/watch?v=5cZkQu4MYLI
125,4/5/2022,alienware x15 r2,alienware x15 r2 - youtube,279,0,Not short,rtx 3070 ti | alienware x15 r2 (2022) | assassin's creed valhalla | 1080p benchmarks,https://www.youtube.com/watch?v=yDu96VbuNwU
126,4/5/2022,alienware m15 r7,alienware m15 r7 - youtube,387,0,Not short,the latest edition alienware m15 r7 gaming laptop,https://www.youtube.com/watch?v=zDf1_whhVLs
127,4/4/2022,alienware x17 r2,alienware x17 r2 - youtube,169,0,Not short,rtx 3070 ti | alienware x17 r2 (2022) | assassin's creed valhalla | 1080p benchmarks,https://www.youtube.com/watch?v=qKhs8E6te5Y
128,4/4/2022,alienware x15 r2,alienware x15 r2 - youtube,56,0,Not short,alienware x15 r2 2022 vs msi raider ge66 2022,https://www.youtube.com/watch?v=Uy1vx0yj9hQ
129,4/4/2022,alienware x15 r2,alienware x15 r2 - youtube,247,0,Not short,rtx 3070 ti | alienware x15 r2 (2022) | gta 5 | 1440p benchmarks,https://www.youtube.com/watch?v=s3ZHw2AA2Ik
130,4/4/2022,alienware x14,alienware x14 - youtube,1132,0,Not short,alienware x14 consumer review - pleasantly surprising!!,https://www.youtube.com/watch?v=me6NMwzd41s
131,4/4/2022,alienware x14,alienware x14 - youtube,9,0,Not short,alienware x14 | product highlights,https://www.youtube.com/watch?v=VL7PIoCM0UQ
132,4/4/2022,alienware x14,alienware x14 - youtube,5706,0,Not short,alienware x14 | product highlights,https://www.youtube.com/watch?v=YmO81K93ZBM
133,4/3/2022,alienware x17 r2,alienware x17 r2 - youtube,2025,0,short,i will never buy a dell laptop anymore / x17 r2 swap,https://www.youtube.com/shorts/_4n0iqcRd20
134,4/3/2022,alienware x15 r2,alienware x15 r2 - youtube,87,0,Not short,"alienware x15 r2, x17 r2 - 12th gen intel chips, nvidia geforce rtx 30 series gpus launched in india",https://www.youtube.com/watch?v=4vfBkNKWHpA
135,4/3/2022,alienware aurora r13,alienware aurora r13 - youtube,375,0,Not short,alienware aurora r13 || gaming pc || unboxing,https://www.youtube.com/watch?v=_lyIk_x7OOw
136,3/31/2022,alienware x17 r2,alienware x17 r2 - youtube,186,0,short,x17 r2 swap idle temps,https://www.youtube.com/shorts/_zfNg7fpiRQ
137,3/31/2022,alienware x17 r2,alienware x17 r2 - youtube,1349,0,short,x17 r2 swap first start,https://www.youtube.com/shorts/Sk84lrt3wpg
138,3/31/2022,alienware x17 r2,alienware x17 r2 - youtube,577,0,short,my swap x17 r2 is here!,https://www.youtube.com/shorts/_BtUOtWyqPM
139,3/31/2022,alienware x15 r2,alienware x15 r2 - youtube,11,0,Not short,"dell alienware x15 r2, x17 r2 gaming laptops launched in india: price, specifications",https://www.youtube.com/watch?v=7aVAm1DBtSA
140,3/31/2022,alienware x14,alienware x14 - youtube,777,0,Not short,【白tv】14.5mm！可能是最薄的“游戏本”——外星人 alienware x14,https://www.youtube.com/watch?v=yFuZexrwkRk
141,3/31/2022,alienware aurora r13,alienware aurora r13 - youtube,143749,0,Not short,nouveau pc vs fortine sans construction 🤯 (unboxing alienware aurora r13),https://www.youtube.com/watch?v=dNx6RJ1DOQE
142,3/30/2022,alienware x15 r2,alienware x15 r2 - youtube,14,0,Not short,"dell alienware x15 r2 & x17 r2, honor magicbook x14 & x15, samsung galaxy a13 & a23, realme techlife",https://www.youtube.com/watch?v=u6Rh7Bo_k-A
143,3/30/2022,alienware x15 r2,alienware x15 r2 - youtube,353,0,Not short,razer blade 15 2022 vs alienware x15 r2 2022,https://www.youtube.com/watch?v=6joKPj_d7qY
144,3/30/2022,alienware x15 r2,alienware x15 r2 - youtube,499,0,Not short,alienware x15 r2 & x17 r2 | best gaming laptop | 12th gen intel i7 and i9 chips😍,https://www.youtube.com/watch?v=-hKnN2rgdyI
145,3/30/2022,alienware x15 r2,alienware x15 r2 - youtube,5763,0,Not short,alienware x15 r2 review - rtx 3080 ti - i7 12700h - qhd,https://www.youtube.com/watch?v=DJh0tuRyQYY
146,3/30/2022,alienware x14,alienware x14 - youtube,1900,0,Not short,alienware x14 unboxing and initial impressions......bruh!!!!,https://www.youtube.com/watch?v=l6MVdtYTbfU
147,3/29/2022,alienware x14,alienware x14 - youtube,338,0,Not short,asus rog zephyrus g14 2022 vs alienware x14 2022,https://www.youtube.com/watch?v=AoW2_ruLjx4
148,3/29/2022,alienware m15 r7,alienware m15 r7 - youtube,300,0,Not short,alienware m15 r7 basic information,https://www.youtube.com/watch?v=smJ0w_p3sbM
149,3/29/2022,alienware aurora ryzen r14,alienware aurora ryzen r14 - youtube,28,0,Not short,alienware r14 ryzen editon on,https://www.youtube.com/watch?v=g_mWBY1ee0Q
150,3/29/2022,alienware aurora r13,alienware aurora r13 - youtube,2851,0,Not short,"$8,000 for this?! dell alienware aurora r13 gaming desktop pc review",https://www.youtube.com/watch?v=WK-_1AwhB48
151,3/27/2022,alienware x17 r2,alienware x17 r2 - youtube,486,0,Not short,asus rog zephyrus duo 16 2022 vs alienware x17 r2,https://www.youtube.com/watch?v=Jl-vWioVM-U
152,3/27/2022,alienware x15 r2,alienware x15 r2 - youtube,172,0,Not short,alienware x15 r2 vs asus rog strix scar 15 2022,https://www.youtube.com/watch?v=6o9hN__QvFY
153,3/27/2022,alienware x15 r2,alienware x15 r2 - youtube,338,0,Not short,rtx 3070 ti | alienware x15 r2 (2022) | doom eternal | 1080p benchmarks,https://www.youtube.com/watch?v=7pdVKJZIA98
154,3/26/2022,alienware x17 r2,alienware x17 r2 - youtube,497,0,Not short,rtx 3070 ti | alienware x17 r2 (2022) | doom eternal | 1080p benchmarks,https://www.youtube.com/watch?v=0-4smKb72rU
155,3/26/2022,alienware x17 r2,alienware x17 r2 - youtube,875,0,Not short,3월 26일 live - 에일리언웨어 x17 r2 원격 중,https://www.youtube.com/watch?v=aPp1tQ-2N_I
156,3/25/2022,alienware x15 r2,alienware x15 r2 - youtube,92,0,Not short,transferring a gold 1tb m.2 nvme ssd to an i9 alienware x15 r2 3080ti,https://www.youtube.com/watch?v=61CNdSQUc8k
157,3/25/2022,alienware x14,alienware x14 - youtube,91,0,Not short,world's thinnest gaming laptop alienware x14,https://www.youtube.com/watch?v=7iRfAmygNI4
158,3/25/2022,alienware x14,alienware x14 - youtube,447,0,Not short,alienware x14 実機レビュー　その2　ベンチマークとpd充電器でのパフォーマンス編,https://www.youtube.com/watch?v=hs4xvrrZrcg
159,3/25/2022,alienware aurora ryzen r14,alienware aurora ryzen r14 - youtube,42,0,short,alienware aurora r14 gaming desktop   #shorts,https://www.youtube.com/shorts/yxYVkMnyXDE
160,3/24/2022,alienware x14,alienware x14 - youtube,229,0,Not short,alienwarex14 実機レビュー　その1,https://www.youtube.com/watch?v=TPuVvc1Aw_0
161,3/24/2022,alienware x14,alienware x14 - youtube,6770,0,Not short,new alienware x14 (2022) review and unboxing - ultra slim gaming laptop,https://www.youtube.com/watch?v=Lo4IyHpO0-Y
162,3/24/2022,alienware aurora r13,alienware aurora r13 - youtube,130,0,short,aurora r13 fain noise #shorts #alienware #r13,https://www.youtube.com/shorts/lizPyBIIjtA
163,3/24/2022,alienware aurora r13,alienware aurora r13 - youtube,502,0,Not short,🤯more power than ps5 + xbox series x🤯 - alienware aurora r13 nvidia geforce rtx 3090 benchmark [4k],https://www.youtube.com/watch?v=XQEUwlRhhcM
164,3/23/2022,alienware x17 r2,alienware x17 r2 - youtube,88,0,Not short,"laptop gaming alienware m17 r2 ""rtx 2060 6gb"" - cấu hình khủng long",https://www.youtube.com/watch?v=8qfFukvOKGI
165,3/23/2022,alienware x14,alienware x14 - youtube,7926,0,Not short,alienware x14 review - the tiny alien!,https://www.youtube.com/watch?v=Y5v_reMDBJ0
166,3/23/2022,alienware aurora ryzen r14,alienware aurora r13 - youtube,1081,0,Not short,alienware aurora r14 update - issues!/is it fixed?/would i recommend?,https://www.youtube.com/watch?v=NIJQj08NG2M
167,3/23/2022,alienware aurora ryzen r14,alienware aurora r13 - youtube,9047,0,Not short,"alienware aurora r14 unboxing, setup, initial impressions (vs. r11)",https://www.youtube.com/watch?v=LIlfPULtLA0
168,3/23/2022,alienware aurora r13,alienware aurora r13 - youtube,2799,0,Not short,new gaming pc unboxing | alienware aurora r13,https://www.youtube.com/watch?v=N2NWmTBVjvo
169,3/22/2022,alienware x15 r2,alienware x15 r2 - youtube,441,0,Not short,rtx 3080 ti | alienware x15 r2 (2022) | battlefield v | 1440p benchmarks,https://www.youtube.com/watch?v=HkWNjn-Qz_M
170,3/21/2022,alienware x17 r2,alienware x17 r2 - youtube,4356,0,Not short,alienware x17 r2 | gameplay comparison,https://www.youtube.com/watch?v=HBBRE-iv0Sg
171,3/21/2022,alienware m15 r7,alienware m15 r7 - youtube,4722,0,Not short,new alienware m15 r7 gaming laptop review!,https://www.youtube.com/watch?v=YHJQytvC7PA
172,3/21/2022,alienware aurora r13,alienware aurora r13 - youtube,51,0,Not short,alienware r13 - core power limit exceeded throttling,https://www.youtube.com/watch?v=19xuFfTp3Qo
173,3/20/2022,alienware x17 r2,alienware x15 r2 - youtube,5578,0,Not short,this is why i don’t recommend the alienware x17 r2 😡,https://www.youtube.com/watch?v=LSFLu62oJq4
174,3/20/2022,alienware x15 r2,alienware x15 r2 - youtube,266,0,Not short,rtx 3080 ti | alienware x15 r2 (2022) | doom eternal | 1440p benchmarks,https://www.youtube.com/watch?v=Sy0ECmj8aaw
175,3/20/2022,alienware aurora r13,alienware aurora r13 - youtube,1580,0,Not short,raw gaming power - alienware r13 desktop - jb hi-fi,https://www.youtube.com/watch?v=78-YqmVd7IM
176,3/19/2022,alienware x17 r2,alienware x17 r2 - youtube,180,0,Not short,alienware x17 r2,https://www.youtube.com/watch?v=LQ29Jbjd5Cg
177,3/19/2022,alienware x15 r2,alienware x15 r2 - youtube,125,0,Not short,dell alienware x15 r2 vs acer predator triton 500se gamer laptop comparison review 2022,https://www.youtube.com/watch?v=hXkySv37myM
178,3/19/2022,alienware m15 r7,alienware m15 r7 - youtube,1638,0,Not short,"распаковка dell alienware m15 r7 (2022): бюджетный ноутбук для работы, игр и стримов",https://www.youtube.com/watch?v=ph1ULiuiFq0
179,3/19/2022,alienware aurora ryzen r14,alienware aurora ryzen r14 - youtube,41,0,Not short,alienware aurora r14 - one of the best pre-builds around!!!!💻⌨,https://www.youtube.com/watch?v=tRoq3nuHENs
180,3/18/2022,alienware x15 r2,alienware x15 r2 - youtube,285,0,short,new dell alienware x15 r2,https://www.youtube.com/shorts/y1bqWSOYp4U
181,3/18/2022,alienware x15 r2,alienware x15 r2 - youtube,67,0,Not short,dell alienware x15 r2,https://www.youtube.com/watch?v=xurU-IkfnkY
182,3/18/2022,alienware x15 r2,alienware x15 r2 - youtube,121,0,Not short,nvidia rtx 3080 ti | alienware x15 r2 (2022) | horizon zero dawn | 1440p,https://www.youtube.com/watch?v=8v3iIJYckVU
183,3/18/2022,alienware x14,alienware x14 - youtube,517,0,Not short,"alienware x14 | world's thinnest 14"" gaming laptop",https://www.youtube.com/watch?v=HF4aJ91LTCw
184,3/18/2022,alienware aurora ryzen r14,alienware aurora r13 - youtube,2220,0,Not short,the newest alienware aurora r14 desktop!,https://www.youtube.com/watch?v=Zj8TA9cK54Q
185,3/17/2022,alienware x15 r2,alienware x15 r2 - youtube,178,0,Not short,nvidia rtx 3080 ti | alienware x15 r2 (2022) | gta 5 | 1440p,https://www.youtube.com/watch?v=JtDkKZybUGI
186,3/17/2022,alienware x15 r2,alienware x15 r2 - youtube,299,0,Not short,rtx 3080 ti | alienware x15 r2 (2022) | assassin's creed valhalla | 1440p benchmarks,https://www.youtube.com/watch?v=wUeoB_Wwe0U
187,3/17/2022,alienware x14,alienware x14 - youtube,567,0,Not short,外星人x14，x15，x17哪个值得买？,https://www.youtube.com/watch?v=Zw7Rp8VW-zY
188,3/17/2022,alienware x14,alienware x14 - youtube,933,0,Not short,alienware x14 gaming laptop: a true alien in our world!!!,https://www.youtube.com/watch?v=IyZ6t2E7LT4
189,3/17/2022,alienware aurora r13,alienware aurora r13 - youtube,371,0,Not short,"apple mac studio faster and cheaper than dell alienware r13! real prices, specs compared.",https://www.youtube.com/watch?v=aopoD7l9N6I
190,3/17/2022,alienware aurora r13,alienware aurora r13 - youtube,5902,0,Not short,"cancelled my alienware aurora r13, but got an r14-huge dell update",https://www.youtube.com/watch?v=TdccChCOtKI
191,3/16/2022,alienware x17 r2,alienware x17 r2 - youtube,560,0,Not short,alienware x17 r2 3080 ti,https://www.youtube.com/watch?v=1FiheBJhaEI
192,3/16/2022,alienware x15 r2,alienware x15 r2 - youtube,220,0,Not short,nvidia rtx 3080 ti | alienware x15 r2 (2022) | cyberpunk 2077 | 1440p,https://www.youtube.com/watch?v=Oj6IxeX2Ydw
193,3/16/2022,alienware x15 r2,alienware x15 r2 - youtube,278,0,Not short,rtx 3080 ti | alienware x15 r2 (2022) | horizon zero dawn | 1440p benchmarks,https://www.youtube.com/watch?v=kDQm3Ktsb2s
194,3/16/2022,alienware x15 r2,alienware x15 r2 - youtube,266,0,Not short,rtx 3080 ti | alienware x15 r2 (2022) | gta 5 | 1440p benchmarks,https://www.youtube.com/watch?v=SY9DAhi2Y9Q
195,3/15/2022,alienware x15 r2,alienware x15 r2 - youtube,223,0,Not short,nvidia rtx 3080 ti | alienware x15 r2 (2022) | cyberpunk 2077 | 1080p,https://www.youtube.com/watch?v=uCVPKFMTrR4
196,3/15/2022,alienware x15 r2,alienware x15 r2 - youtube,1063,0,Not short,rtx 3080 ti | alienware x15 r2 (2022) | cyberpunk 2077 | 1440p benchmarks,https://www.youtube.com/watch?v=V_mJZmBS_ks
197,3/15/2022,alienware x15 r2,alienware x15 r2 - youtube,710,0,Not short,rtx 3080 ti | alienware x15 r2 (2022) | cyberpunk 2077 | 1080p benchmarks,https://www.youtube.com/watch?v=zETHs0SWdd0
198,3/14/2022,alienware x15 r2,alienware x15 r2 - youtube,152,0,Not short,nvidia rtx 3080 ti | alienware x15 r2 (2022) | ac valhalla | 1440p,https://www.youtube.com/watch?v=1gDIRUajoYM
199,3/14/2022,alienware x14,alienware x14 - youtube,7610,0,Not short,外星人x14，久违的惊艳感，大家猜这是一款轻薄本还是游戏本？,https://www.youtube.com/watch?v=H00vRhkP8uU
200,3/14/2022,alienware aurora r13,alienware aurora r13 - youtube,75,0,short,alienware r13 rgb upgrade part 4,https://www.youtube.com/shorts/S_Rcz_jkb6A
201,3/14/2022,alienware aurora r13,alienware aurora r13 - youtube,53,0,short,alienware r13 rgb upgrade part 3.,https://www.youtube.com/shorts/YVHW_BtrSxY
202,3/13/2022,alienware x17 r2,alienware x17 r2 - youtube,64,0,Not short,alienware m17 r2 i7-9750h hackintosh efi oc7.8 monterey 12.2.1,https://www.youtube.com/watch?v=7uRFqymKv44
203,3/13/2022,alienware x15 r2,alienware x15 r2 - youtube,431,0,Not short,nvidia rtx 3080 ti | alienware x15 r2 (2022) | ac valhalla | 1080p,https://www.youtube.com/watch?v=x_inTzWo7kw
204,3/13/2022,alienware aurora ryzen r14,alienware aurora ryzen r14 - youtube,105,0,Not short,diy alienware aurora r14 gaming desktop review,https://www.youtube.com/watch?v=OUz3Z33UMm4
205,3/13/2022,alienware aurora r13,alienware aurora r13 - youtube,316,0,short,r13 silvia edits #shorts #r13 #silvia,https://www.youtube.com/shorts/rdzDLq33x4k
206,3/12/2022,alienware x17 r2,alienware x17 r2 - youtube,1544,0,Not short,alienware x17 r2 / core i9 12900hk / rtx3080ti unboxing experience,https://www.youtube.com/watch?v=_tJaAXNEuyA
207,3/12/2022,alienware x17 r2,alienware x15 r2 - youtube,8079,0,Not short,6 reasons you should not get the alienware x17 r2,https://www.youtube.com/watch?v=FSyK3uQdn9I
208,3/12/2022,alienware x15 r2,alienware x15 r2 - youtube,17018,0,Not short,alienware x15 r2 vs x17 r2,https://www.youtube.com/watch?v=N2F8mzAU-g8
209,3/12/2022,alienware x14,alienware x14 - youtube,4676,0,Not short,2022 rog zephyrus g14 vs alienware x14 vs razer blade 14 is now very complicated !!!,https://www.youtube.com/watch?v=3VDvKtrjcBo
210,3/12/2022,alienware aurora r13,alienware aurora r13 - youtube,53,0,short,alienware r13 rgb upgrade part 2.        ezdiy-fab,https://www.youtube.com/shorts/0Iq1WUIMWB8
211,3/11/2022,alienware x14,alienware x14 - youtube,214,0,short,alienware x14 unboxing + mini review,https://www.youtube.com/shorts/nvWKlfLi538
212,3/10/2022,alienware x17 r2,alienware x17 r2 - youtube,119,0,Not short,как сбросить биос на ноутбуке alienware m17 r2 или как заменить батарейку bios,https://www.youtube.com/watch?v=RL4WdAu8JMw
213,3/10/2022,alienware x17 r2,alienware x17 r2 - youtube,434,0,Not short,how to force reset bios settings alienware m17 r2 or cmos battery replacement,https://www.youtube.com/watch?v=_iV6L5uRQ3k
214,3/10/2022,alienware x14,alienware x14 - youtube,104,0,Not short,dell alienware x14 arrival btc bitcoin mining,https://www.youtube.com/watch?v=ocWzrKtTrjw
215,3/9/2022,alienware x14,alienware x14 - youtube,3004,0,Not short,alienware x14 2022 review - dell's budget gaming laptop?,https://www.youtube.com/watch?v=Dsd7r2pcrDk
216,3/9/2022,alienware x14,alienware x14 - youtube,1438,0,Not short,"alienware x14 (2022) vs rog zephyrus g14 ga402 (2022) | 14"" laptops.",https://www.youtube.com/watch?v=oR-aIMlKn_g
217,3/8/2022,alienware x17 r2,alienware x15 r2 - youtube,4548,0,Not short,alienware x17 r2 - rtx 3080ti / i7 12700h - tested live!,https://www.youtube.com/watch?v=D-8xd_Za9YU
218,3/8/2022,alienware aurora r13,alienware aurora r13 - youtube,485,0,Not short,"(ram upgrade) aurora r10,r11, r12, r13, r14",https://www.youtube.com/watch?v=jdtDWi1tK7k
219,3/7/2022,alienware x17 r2,alienware x17 r2 - youtube,1704,0,Not short,unboxing dell alienware x17 r2 gaming laptop,https://www.youtube.com/watch?v=jaZW5irVIJQ
220,3/7/2022,alienware x17 r2,alienware x17 r2 - youtube,487,0,Not short,alienware m17 r2 battery replacement,https://www.youtube.com/watch?v=5Y0_QqqR7fM
221,3/7/2022,alienware x17 r2,alienware x17 r2 - youtube,131,0,Not short,замена батареи в ноутбуке alienware m17 r2,https://www.youtube.com/watch?v=jLPZjgr-KQU
