﻿counter,post date,model,source,views,likes,video type,title,link
1,4/16/2022,dell g15 5520,dell g15 5520 - youtube,4,0,Not short,m.2 2280 ssd thermal pad kit replacement for dell g15 5520 5510 5511 5515 bracket shield 29gt review,https://www.youtube.com/watch?v=9lpdRor4SCE
2,4/13/2022,dell g15 5520,dell g15 5520 - youtube,1172,0,Not short,dell g15 5520 - core i7/rtx 3070 ti - unboxing & first impressions,https://www.youtube.com/watch?v=T3zSpCDVnYU
3,4/7/2022,dell g15 5520,dell g15 5520 - youtube,461,0,Not short,dell g15 5520 vs tuf dash f15 2022! part 2 comparison,https://www.youtube.com/watch?v=Z0RhXRZnxqs
4,4/5/2022,dell g15 5521,dell g15 5521 - youtube,1770,0,Not short,인텔 12세대 게이밍 노트북 델 g15 5521 출시 사전예약 12700h / rtx3060 / rtx3070ti,https://www.youtube.com/watch?v=GQLvLqaRW1Y
5,3/27/2022,dell g15 5520,dell g15 5520 - youtube,5031,0,Not short,بررسی لپتاپ گیمینگ دل جی ۱۵ با پردازنده نسل ۱۲ اینتل | dell g15 5520 (2022) review,https://www.youtube.com/watch?v=nv9OX30j-Wg
6,3/25/2022,dell g15 5520,dell g15 5520 - youtube,1614,0,Not short,【コスパ最強！】intel第12世代 core i7-12700h／dell g15 5520 gaming laptop【開封】,https://www.youtube.com/watch?v=8ma-wKZb8Hs
7,3/25/2022,dell g15 5520,dell g15 5520 - youtube,1116,0,Not short,dell g15 5520 missing 2nd ssd slot inside (conclusion),https://www.youtube.com/watch?v=7Gyb5ZLtN14
8,3/25/2022,dell g15 5520,dell g15 5520 - youtube,1143,0,Not short,dell g15 5520 12700 - no 2nd ssd slot! (read description),https://www.youtube.com/watch?v=su1kXkN9vUc
9,3/19/2022,dell g15 5520,dell g15 5520 - youtube,141,0,Not short,forza horizon 5 | 1920x1080 | 120 hz | high | rtx on | dell g15 5520 | i7 12500h | rtx 3050m-ti,https://www.youtube.com/watch?v=tkm7TtK-nr0
10,3/17/2022,dell g15 5520,dell g15 5520 - youtube,34,0,Not short,shadow of the tomb raider | 1920x1080 | dell g15 5520 | i7 12500h | rtx 3050m-ti,https://www.youtube.com/watch?v=kKJBKo8-sd4
11,3/17/2022,dell g15 5520,dell g15 5520 - youtube,64,0,Not short,shadow of the tomb raider | 3840x2160 | dell g15 5520 | i7 12500h | rtx 3050m-ti,https://www.youtube.com/watch?v=eKb8TgksFKE
12,3/17/2022,dell g15 5520,dell g15 5520 - youtube,24,0,Not short,shadow of the tomb raider | 2560x1440 | dell g15 5520 | i7 12500h | rtx 3050m-ti,https://www.youtube.com/watch?v=qtdedInrCJA
13,3/16/2022,dell g15 5520,dell g15 5520 - youtube,60,0,Not short,3dmark wildlife extreme | 3840x2160 | dell g15 5520 | i7 12500h | rtx 3050m-ti,https://www.youtube.com/watch?v=9bwvUXCk_0U
14,3/16/2022,dell g15 5520,dell g15 5520 - youtube,57,0,Not short,blender 3.1 | 3840x2160 | dell g15 5520 | i7 12500h | rtx 3050m-ti,https://www.youtube.com/watch?v=MDjSquewjCg
15,3/15/2022,dell g15 5520,dell g15 5520 - youtube,86,0,Not short,cinebench r23 | 3840x2160 | dell g15 5520 | i7 12500h | rtx 3050m-ti,https://www.youtube.com/watch?v=fyopHsghPsU
16,3/15/2022,dell g15 5520,dell g15 5520 - youtube,43,0,Not short,geekbench 5.4.4 | 3840x2160 | dell g15 5520 | i7 12500h | rtx 3050m-ti,https://www.youtube.com/watch?v=O778Lrz6OdA
17,3/15/2022,dell g15 5520,dell g15 5520 - youtube,92,0,Not short,speedometer 2.0 | google chrome 99.0.4844.51 | 3840x2160 | dell g15 5520 | i7 12500h | rtx 3050m-ti,https://www.youtube.com/watch?v=7iKzjj9UbuY
